2025-03-09T18:21:42.509Z info: Server running on port 3000
2025-03-09T18:21:45.255Z info: Server running on port 3000
2025-03-09T18:21:48.013Z info: Server running on port 3000
2025-03-09T18:24:02.469Z info: MongoDB ::::: mongodb://mongodb:27017/test-super-market-01
2025-03-09T18:24:05.124Z info: MongoDB ::::: mongodb://mongodb:27017/test-super-market-01
2025-03-09T18:24:07.841Z info: MongoDB ::::: mongodb://mongodb:27017/test-super-market-01
2025-03-09T18:24:10.833Z info: MongoDB ::::: mongodb://mongodb:27017/test-super-market-01
2025-03-09T18:24:14.116Z info: MongoDB ::::: mongodb://mongodb:27017/test-super-market-01
2025-03-09T18:24:18.273Z info: MongoDB ::::: mongodb://mongodb:27017/test-super-market-01
2025-03-09T18:24:52.254Z info: MongoDB ::::: mongodb://mongodb:27017/test-super-market-01
2025-03-09T18:24:52.452Z info: MongoDB connected
2025-03-09T18:24:52.454Z info: Server running on port 3000
2025-03-09T18:25:43.944Z error: login:: admin with email undefined is not existing
2025-03-09T18:26:33.514Z error: login:: admin with email undefined is not existing
2025-03-09T18:26:34.678Z error: login:: admin with email undefined is not existing
2025-03-09T18:28:46.899Z info: MongoDB ::::: mongodb://mongodb:27017/test-super-market-01
2025-03-09T18:28:47.101Z info: MongoDB connected
2025-03-09T18:28:47.103Z info: Server running on port 3000
2025-03-09T18:28:49.561Z info: MongoDB ::::: mongodb://mongodb:27017/test-super-market-01
2025-03-09T18:28:49.768Z info: MongoDB connected
2025-03-09T18:28:49.770Z info: Server running on port 3000
2025-03-09T18:28:52.502Z info: MongoDB ::::: mongodb://mongodb:27017/test-super-market-01
2025-03-09T18:28:52.718Z info: MongoDB connected
2025-03-09T18:28:52.719Z info: Server running on port 3000
2025-03-09T18:28:55.416Z info: MongoDB ::::: mongodb://mongodb:27017/test-super-market-01
2025-03-09T18:28:55.620Z info: MongoDB connected
2025-03-09T18:28:55.621Z info: Server running on port 3000
2025-03-09T18:28:58.825Z info: MongoDB ::::: mongodb://mongodb:27017/test-super-market-01
2025-03-09T18:28:59.030Z info: MongoDB connected
2025-03-09T18:28:59.032Z info: Server running on port 3000
2025-03-09T18:29:02.917Z info: MongoDB ::::: mongodb://mongodb:27017/test-super-market-01
2025-03-09T18:29:03.116Z info: MongoDB connected
2025-03-09T18:29:03.118Z info: Server running on port 3000
2025-03-09T18:29:08.748Z info: MongoDB ::::: mongodb://mongodb:27017/test-super-market-01
2025-03-09T18:29:08.951Z info: MongoDB connected
2025-03-09T18:29:08.953Z info: Server running on port 3000
2025-03-09T18:30:50.212Z info: MongoDB ::::: mongodb://mongodb:27017/test-super-market-01
2025-03-09T18:30:50.423Z info: MongoDB connected
2025-03-09T18:30:50.425Z info: Server running on port 3000
2025-03-09T18:30:50.442Z info: Admin user already exists
2025-03-09T18:30:50.442Z info: starterPack added successfully
2025-03-09T18:30:56.349Z error: login:: admin with email undefined is not existing
2025-03-09T18:31:29.063Z error: login:: admin with email undefined is not existing
2025-03-09T18:31:31.027Z error: login:: admin with email undefined is not existing
2025-03-09T18:33:31.355Z info: MongoDB ::::: mongodb://mongodb:27017/test-super-market-01
2025-03-09T18:33:31.553Z info: MongoDB connected
2025-03-09T18:33:31.556Z info: Server running on port 3000
2025-03-09T18:33:31.565Z info: Admin user already exists
2025-03-09T18:33:31.565Z info: starterPack added successfully
2025-03-09T18:33:37.634Z info: login:: User with email undefined is undefined trying to admin@123login
2025-03-09T18:33:37.637Z error: login:: admin with email undefined is not existing
2025-03-09T18:36:28.519Z info: MongoDB ::::: mongodb://mongodb:27017/test-super-market-01
2025-03-09T18:36:28.760Z info: MongoDB connected
2025-03-09T18:36:28.762Z info: Server running on port 3000
2025-03-09T18:36:28.774Z info: Admin user already exists
2025-03-09T18:36:28.774Z info: starterPack added successfully
2025-03-09T18:36:31.475Z info: login:: User with email systemAdmin@gmail.com is undefined trying to admin@123login
2025-03-09T18:36:31.548Z info: login:: User systemAdmin@gmail.com logged in successfully
2025-03-09T18:41:08.160Z info: MongoDB ::::: mongodb://mongodb:27017/test-super-market-01
2025-03-09T18:41:08.380Z info: MongoDB connected
2025-03-09T18:41:08.382Z info: Server running on port 3000
2025-03-09T18:41:08.396Z info: Admin user already exists
2025-03-09T18:41:08.396Z info: starterPack added successfully
2025-03-09T18:41:15.767Z error: ERROR::apiValidationHandler:  Expected double-quoted property name in JSON at position 65
2025-03-09T18:41:25.652Z info: login:: User with email systemAdmin@gmail.com is undefined trying to admin@123login
2025-03-09T18:41:25.736Z info: login:: User systemAdmin@gmail.com logged in successfully
2025-03-09T18:41:32.203Z error: ERROR::apiValidationHandler:  request/body must have required property 'password', request/body must have required property 'token', request/body must match exactly one schema in oneOf
2025-03-09T18:42:15.562Z info: login:: User with email systemAdmin@gmail.com is admin@123 trying to undefinedlogin
2025-03-09T18:42:15.627Z error: login:: Error Error: Decoding Firebase ID token failed. Make sure you passed the entire string JWT which represents an ID token. See https://firebase.google.com/docs/auth/admin/verify-id-tokens for details on how to retrieve an ID token. verifying token for user: systemAdmin@gmail.com
2025-03-09T18:42:15.629Z error: login:: admin with email undefined is not existing
2025-03-09T18:42:18.367Z info: MongoDB ::::: mongodb://mongodb:27017/test-super-market-01
2025-03-09T18:42:18.570Z info: MongoDB connected
2025-03-09T18:42:18.574Z info: Server running on port 3000
2025-03-09T18:42:18.587Z info: Admin user already exists
2025-03-09T18:42:18.588Z info: starterPack added successfully
2025-03-09T18:43:43.648Z info: login:: User with email systemAdmin@gmail.com is admin@123 trying to undefinedlogin
2025-03-09T18:43:43.694Z error: login:: Error Error: Decoding Firebase ID token failed. Make sure you passed the entire string JWT which represents an ID token. See https://firebase.google.com/docs/auth/admin/verify-id-tokens for details on how to retrieve an ID token. verifying token for user: systemAdmin@gmail.com
2025-03-09T18:43:43.704Z error: login:: admin with email undefined is not existing
2025-03-09T18:43:46.341Z info: MongoDB ::::: mongodb://mongodb:27017/test-super-market-01
2025-03-09T18:43:46.536Z info: MongoDB connected
2025-03-09T18:43:46.539Z info: Server running on port 3000
2025-03-09T18:43:46.550Z info: Admin user already exists
2025-03-09T18:43:46.550Z info: starterPack added successfully
2025-03-09T18:49:44.923Z info: MongoDB ::::: mongodb://mongodb:27017/test-super-market-01
2025-03-09T18:49:45.120Z info: MongoDB connected
2025-03-09T18:49:45.123Z info: Server running on port 3000
2025-03-09T18:49:45.146Z info: Admin user already exists
2025-03-09T18:49:45.146Z info: starterPack added successfully
2025-03-09T18:49:50.720Z error: login:: Error Error: Decoding Firebase ID token failed. Make sure you passed the entire string JWT which represents an ID token. See https://firebase.google.com/docs/auth/admin/verify-id-tokens for details on how to retrieve an ID token. verifying token for user: systemAdmin@gmail.com
2025-03-09T18:49:50.727Z error: login:: admin with email undefined is not existing
2025-03-09T18:49:53.207Z info: MongoDB ::::: mongodb://mongodb:27017/test-super-market-01
2025-03-09T18:49:53.408Z info: MongoDB connected
2025-03-09T18:49:53.410Z info: Server running on port 3000
2025-03-09T18:49:53.428Z info: Admin user already exists
2025-03-09T18:49:53.428Z info: starterPack added successfully
2025-03-09T18:49:55.670Z error: login:: Error Error: Decoding Firebase ID token failed. Make sure you passed the entire string JWT which represents an ID token. See https://firebase.google.com/docs/auth/admin/verify-id-tokens for details on how to retrieve an ID token. verifying token for user: systemAdmin@gmail.com
2025-03-09T18:49:55.678Z error: login:: admin with email undefined is not existing
2025-03-09T18:49:58.214Z info: MongoDB ::::: mongodb://mongodb:27017/test-super-market-01
2025-03-09T18:49:58.409Z info: MongoDB connected
2025-03-09T18:49:58.412Z info: Server running on port 3000
2025-03-09T18:49:58.420Z info: Admin user already exists
2025-03-09T18:49:58.420Z info: starterPack added successfully
2025-03-09T18:51:53.112Z info: MongoDB ::::: mongodb://mongodb:27017/test-super-market-01
2025-03-09T18:51:53.310Z info: MongoDB connected
2025-03-09T18:51:53.312Z info: Server running on port 3000
2025-03-09T18:51:53.323Z info: Admin user already exists
2025-03-09T18:51:53.323Z info: starterPack added successfully
2025-03-09T18:51:55.780Z error: login:: Error Invalid token verifying token for user: systemAdmin@gmail.com
2025-03-09T18:51:56.931Z error: login:: Error Invalid token verifying token for user: systemAdmin@gmail.com
2025-03-09T18:51:57.565Z error: login:: Error Invalid token verifying token for user: systemAdmin@gmail.com
2025-03-09T18:51:58.022Z error: login:: Error Invalid token verifying token for user: systemAdmin@gmail.com
2025-03-09T18:51:58.840Z error: login:: Error Invalid token verifying token for user: systemAdmin@gmail.com
2025-03-09T18:52:58.902Z info: login:: User with email lakarathalaka@gmail.com not found
2025-03-09T18:52:58.915Z info: login:: New user lakarathalaka@gmail.com created successfully
2025-03-09T18:52:58.918Z error: ERROR::apiValidationHandler:  no schema defined for status code '201' in the openapi spec
2025-03-09T18:56:37.999Z info: MongoDB ::::: mongodb://mongodb:27017/test-super-market-01
2025-03-09T18:56:38.211Z info: MongoDB connected
2025-03-09T18:56:38.213Z info: Server running on port 3000
2025-03-09T18:56:38.235Z info: Admin user already exists
2025-03-09T18:56:38.235Z info: starterPack added successfully
2025-03-09T18:56:44.452Z info: login:: User with email lakarathalaka@gmail.com is found
2025-03-09T18:56:44.467Z info: login:: User lakarathalaka@gmail.com logged in successfully
2025-03-09T19:01:23.354Z info: MongoDB ::::: mongodb://mongodb:27017/test-super-market-01
2025-03-09T19:01:23.615Z info: MongoDB connected
2025-03-09T19:01:23.617Z info: Server running on port 3000
2025-03-09T19:01:23.629Z info: Admin user already exists
2025-03-09T19:01:23.629Z info: starterPack added successfully
2025-03-09T19:01:27.016Z info: login:: User with email lakarathalaka@gmail.com is found
2025-03-09T19:01:27.029Z info: login:: User lakarathalaka@gmail.com logged in successfully
2025-03-09T19:01:27.029Z error: login:: error: basicUserDetails.toObject is not a function
2025-03-09T19:01:47.761Z info: MongoDB ::::: mongodb://mongodb:27017/test-super-market-01
2025-03-09T19:01:47.959Z info: MongoDB connected
2025-03-09T19:01:47.961Z info: Server running on port 3000
2025-03-09T19:01:47.990Z info: Admin user already exists
2025-03-09T19:01:47.991Z info: starterPack added successfully
2025-03-09T19:01:49.821Z info: login:: User with email lakarathalaka@gmail.com is found
2025-03-09T19:01:49.836Z info: login:: User lakarathalaka@gmail.com logged in successfully
2025-03-09T19:01:49.836Z error: login:: error: basicUserDetails.toJSON is not a function
2025-03-09T19:05:29.628Z info: MongoDB ::::: mongodb://mongodb:27017/test-super-market-01
2025-03-09T19:05:29.835Z info: MongoDB connected
2025-03-09T19:05:29.838Z info: Server running on port 3000
2025-03-09T19:05:29.851Z info: Admin user already exists
2025-03-09T19:05:29.852Z info: starterPack added successfully
2025-03-09T19:05:31.833Z info: login:: User with email lakarathalaka@gmail.com is found
2025-03-09T19:05:31.847Z info: login:: User lakarathalaka@gmail.com logged in successfully
2025-03-09T19:06:33.147Z error: login:: Error Unathorized user token verifying token for user: lakarathalaka@gmail.com
2025-03-09T19:06:55.816Z info: login:: User with email lka@test.com not found
2025-03-09T19:06:55.829Z info: login:: New user lka@test.com created successfully
2025-03-09T19:16:50.434Z info: MongoDB ::::: mongodb://mongodb:27017/test-super-market-01
2025-03-09T19:16:50.653Z info: MongoDB connected
2025-03-09T19:16:50.656Z info: Server running on port 3000
2025-03-09T19:16:50.671Z info: Admin user already exists
2025-03-09T19:16:50.671Z info: starterPack added successfully
2025-03-09T19:16:52.710Z error: ERROR::apiValidationHandler:  openapi.validator: args.apiDoc was invalid.  See the output.
2025-03-09T19:18:15.549Z info: MongoDB ::::: mongodb://mongodb:27017/test-super-market-01
2025-03-09T19:18:15.741Z info: MongoDB connected
2025-03-09T19:18:15.743Z info: Server running on port 3000
2025-03-09T19:18:15.755Z info: Admin user already exists
2025-03-09T19:18:15.755Z info: starterPack added successfully
2025-03-09T19:18:16.910Z error: ERROR::apiValidationHandler:  openapi.validator: args.apiDoc was invalid.  See the output.
2025-03-09T19:18:36.603Z info: MongoDB ::::: mongodb://mongodb:27017/test-super-market-01
2025-03-09T19:18:36.809Z info: MongoDB connected
2025-03-09T19:18:36.812Z info: Server running on port 3000
2025-03-09T19:18:36.826Z info: Admin user already exists
2025-03-09T19:18:36.826Z info: starterPack added successfully
2025-03-09T19:18:39.545Z info: login:: User with email lka@test.com is found
2025-03-09T19:18:39.566Z info: login:: User lka@test.com logged in successfully
2025-03-09T19:19:26.619Z info: MongoDB ::::: mongodb://mongodb:27017/test-super-market-01
2025-03-09T19:19:26.865Z info: MongoDB connected
2025-03-09T19:19:26.867Z info: Server running on port 3000
2025-03-09T19:19:26.878Z info: Admin user already exists
2025-03-09T19:19:26.878Z info: starterPack added successfully
2025-03-09T19:19:28.715Z error: ERROR::apiValidationHandler:  openapi.validator: args.apiDoc was invalid.  See the output.
2025-03-09T19:19:31.370Z error: ERROR::apiValidationHandler:  openapi.validator: args.apiDoc was invalid.  See the output.
2025-03-09T19:19:56.686Z info: MongoDB ::::: mongodb://mongodb:27017/test-super-market-01
2025-03-09T19:19:56.879Z info: MongoDB connected
2025-03-09T19:19:56.881Z info: Server running on port 3000
2025-03-09T19:19:56.902Z info: Admin user already exists
2025-03-09T19:19:56.902Z info: starterPack added successfully
2025-03-09T19:19:58.030Z error: ERROR::apiValidationHandler:  openapi.validator: args.apiDoc was invalid.  See the output.
2025-03-09T19:25:59.978Z info: MongoDB ::::: mongodb://mongodb:27017/test-super-market-01
2025-03-09T19:26:00.193Z info: MongoDB connected
2025-03-09T19:26:00.195Z info: Server running on port 3000
2025-03-09T19:26:00.216Z info: Admin user already exists
2025-03-09T19:26:00.216Z info: starterPack added successfully
2025-03-09T19:26:19.390Z error: login:: admin with email  lka@test.com is not existing
2025-03-09T19:26:28.869Z error: login:: Error Unathorized user token verifying token for user:  lka@test.com
2025-03-09T19:27:03.434Z error: login:: Error Unathorized user token verifying token for user:  lka@test.com
2025-03-09T19:27:42.968Z info: login:: User with email lka@test.com is found
2025-03-09T19:27:42.983Z info: login:: User lka@test.com logged in successfully
2025-03-09T19:28:05.891Z error: authenticateJWT:: invalid token
2025-03-09T19:29:54.634Z info: MongoDB ::::: mongodb://mongodb:27017/test-super-market-01
2025-03-09T19:29:54.839Z info: MongoDB connected
2025-03-09T19:29:54.842Z info: Server running on port 3000
2025-03-09T19:29:54.860Z info: Admin user already exists
2025-03-09T19:29:54.861Z info: starterPack added successfully
2025-03-09T19:29:57.442Z info: login:: User with email lka@test.com is found
2025-03-09T19:29:57.453Z info: login:: User lka@test.com logged in successfully
2025-03-09T19:30:24.096Z info: authenticateJWT:: User authenticated with id: [object Object]
2025-03-09T19:30:24.097Z info: authorizeJWT:: User:XO1Wf3rrvdfZXw5TW96Pi4RjCaN2 authorized with role: user
2025-03-09T19:30:24.103Z info: listProducts::Products fetched successfully : 
2025-03-09T19:30:50.117Z info: login:: User with email lka@test.com is found
2025-03-09T19:30:50.120Z info: login:: User lka@test.com logged in successfully
2025-03-09T19:31:07.080Z info: authenticateJWT:: User authenticated with id: [object Object]
2025-03-09T19:31:07.080Z info: authorizeJWT:: User:XO1Wf3rrvdfZXw5TW96Pi4RjCaN2 authorized with role: user
2025-03-09T19:31:07.081Z info: listProducts::Products fetched successfully : 
2025-03-09T19:31:15.740Z info: authenticateJWT:: User authenticated with id: [object Object]
2025-03-09T19:31:15.740Z info: authorizeJWT:: User:XO1Wf3rrvdfZXw5TW96Pi4RjCaN2 authorized with role: user
2025-03-09T19:31:15.742Z info: listProducts::Products fetched successfully : 
2025-03-09T19:31:20.047Z info: authenticateJWT:: User authenticated with id: [object Object]
2025-03-09T19:31:20.047Z info: authorizeJWT:: User:XO1Wf3rrvdfZXw5TW96Pi4RjCaN2 authorized with role: user
2025-03-09T19:31:20.052Z info: listProducts::Products fetched successfully : 
2025-03-09T19:46:19.894Z info: MongoDB ::::: mongodb://mongodb:27017/test-super-market-01
2025-03-09T19:46:20.090Z info: MongoDB connected
2025-03-09T19:46:20.092Z info: Server running on port 3000
2025-03-09T19:46:20.105Z info: Admin user already exists
2025-03-09T19:46:20.105Z info: starterPack added successfully
2025-03-09T19:46:24.729Z info: login:: User with email lka@test.com is found
2025-03-09T19:46:24.752Z info: login:: User lka@test.com logged in successfully
2025-03-09T19:46:51.411Z info: authorizeJWT:: User:XO1Wf3rrvdfZXw5TW96Pi4RjCaN2 authorized with role: user
2025-03-09T19:46:51.415Z info: listProducts::Products fetched successfully : 
2025-03-09T19:47:57.167Z info: authorizeJWT:: User:XO1Wf3rrvdfZXw5TW96Pi4RjCaN2 authorized with role: user
2025-03-09T19:47:57.171Z info: listProducts::Products fetched successfully : 
2025-03-09T19:47:59.621Z info: authorizeJWT:: User:XO1Wf3rrvdfZXw5TW96Pi4RjCaN2 authorized with role: user
2025-03-09T19:47:59.624Z info: listProducts::Products fetched successfully : 
2025-03-09T19:48:12.088Z info: login:: User with email lka@test.com is found
2025-03-09T19:48:12.093Z info: login:: User lka@test.com logged in successfully
2025-03-09T19:48:25.206Z info: login:: User with email lka@test.com is found
2025-03-09T19:48:25.211Z info: login:: User lka@test.com logged in successfully
2025-03-09T19:48:53.448Z error: ERROR::apiValidationHandler:  Unexpected non-whitespace character after JSON at position 941
2025-03-09T19:49:10.975Z error: ERROR::apiValidationHandler:  Unexpected non-whitespace character after JSON at position 941
2025-03-09T19:49:35.761Z error: ERROR::apiValidationHandler:  request/body must match exactly one schema in oneOf
2025-03-09T19:49:51.086Z info: login:: User with email lka@test.com is found
2025-03-09T19:49:51.091Z info: login:: User lka@test.com logged in successfully
2025-03-09T19:50:15.319Z info: authorizeJWT:: User:XO1Wf3rrvdfZXw5TW96Pi4RjCaN2 authorized with role: user
2025-03-09T19:50:15.321Z info: listProducts::Products fetched successfully : 
2025-03-09T19:50:55.009Z error: authenticateJWT:: No token provided
2025-03-09T19:51:40.754Z info: MongoDB ::::: mongodb://mongodb:27017/test-super-market-01
2025-03-09T19:51:40.975Z info: MongoDB connected
2025-03-09T19:51:40.979Z info: Server running on port 3000
2025-03-09T19:51:41.023Z info: Admin user already exists
2025-03-09T19:51:41.024Z info: starterPack added successfully
2025-03-09T19:51:43.877Z error: ERROR::apiValidationHandler:  Authorization header required
2025-03-09T19:52:03.467Z info: authorizeJWT:: User:XO1Wf3rrvdfZXw5TW96Pi4RjCaN2 authorized with role: user
2025-03-09T19:52:03.471Z info: listProducts::Products fetched successfully : 
2025-03-09T19:52:28.019Z info: authorizeJWT:: User:XO1Wf3rrvdfZXw5TW96Pi4RjCaN2 authorized with role: user
2025-03-09T19:52:28.114Z error: register:: error: Performing an update on the path '_id' would modify the immutable field '_id'
2025-03-09T19:54:50.780Z info: MongoDB ::::: mongodb://mongodb:27017/test-super-market-01
2025-03-09T19:54:50.988Z info: MongoDB connected
2025-03-09T19:54:50.991Z info: Server running on port 3000
2025-03-09T19:54:51.009Z info: Admin user already exists
2025-03-09T19:54:51.010Z info: starterPack added successfully
2025-03-09T19:54:53.988Z info: authorizeJWT:: User:XO1Wf3rrvdfZXw5TW96Pi4RjCaN2 authorized with role: user
2025-03-09T19:54:54.082Z info: register:: User qwe updated successfully
2025-03-09T19:55:51.289Z error: login:: Error Invalid token verifying token for user: lka@test.com
2025-03-09T19:56:13.868Z info: authorizeJWT:: User:XO1Wf3rrvdfZXw5TW96Pi4RjCaN2 authorized with role: user
2025-03-09T19:56:13.873Z error: register:: error: Illegal arguments: undefined, string
2025-03-09T20:02:11.426Z info: MongoDB ::::: mongodb://mongodb:27017/test-super-market-01
2025-03-09T20:02:11.625Z info: MongoDB connected
2025-03-09T20:02:11.628Z info: Server running on port 3000
2025-03-09T20:02:11.642Z info: Admin user already exists
2025-03-09T20:02:11.643Z info: starterPack added successfully
2025-03-09T20:02:13.028Z info: authorizeJWT:: User:XO1Wf3rrvdfZXw5TW96Pi4RjCaN2 authorized with role: user
2025-03-09T20:02:13.043Z error: register:: error: Performing an update on the path '_id' would modify the immutable field '_id'
2025-03-09T20:03:45.486Z info: MongoDB ::::: mongodb://mongodb:27017/test-super-market-01
2025-03-09T20:03:45.690Z info: MongoDB connected
2025-03-09T20:03:45.692Z info: Server running on port 3000
2025-03-09T20:03:45.704Z info: Admin user already exists
2025-03-09T20:03:45.704Z info: starterPack added successfully
2025-03-09T20:03:47.723Z info: authorizeJWT:: User:XO1Wf3rrvdfZXw5TW96Pi4RjCaN2 authorized with role: user
2025-03-09T20:03:47.738Z error: register:: error: Performing an update on the path '_id' would modify the immutable field '_id'
2025-03-09T20:03:50.858Z info: authorizeJWT:: User:XO1Wf3rrvdfZXw5TW96Pi4RjCaN2 authorized with role: user
2025-03-09T20:03:50.866Z error: register:: error: Performing an update on the path '_id' would modify the immutable field '_id'
2025-03-09T20:05:36.036Z info: MongoDB ::::: mongodb://mongodb:27017/test-super-market-01
2025-03-09T20:05:36.246Z info: MongoDB connected
2025-03-09T20:05:36.248Z info: Server running on port 3000
2025-03-09T20:05:36.266Z info: Admin user already exists
2025-03-09T20:05:36.266Z info: starterPack added successfully
2025-03-09T20:06:05.252Z info: authorizeJWT:: User:XO1Wf3rrvdfZXw5TW96Pi4RjCaN2 authorized with role: user
2025-03-09T20:06:05.269Z error: register:: error: Performing an update on the path '_id' would modify the immutable field '_id'
2025-03-09T20:07:30.301Z info: MongoDB ::::: mongodb://mongodb:27017/test-super-market-01
2025-03-09T20:07:30.495Z info: MongoDB connected
2025-03-09T20:07:30.497Z info: Server running on port 3000
2025-03-09T20:07:30.506Z info: Admin user already exists
2025-03-09T20:07:30.506Z info: starterPack added successfully
2025-03-09T20:07:33.595Z info: authorizeJWT:: User:XO1Wf3rrvdfZXw5TW96Pi4RjCaN2 authorized with role: user
2025-03-09T20:07:33.610Z info: register:: User qwe updated successfully
2025-03-09T20:07:35.521Z info: authorizeJWT:: User:XO1Wf3rrvdfZXw5TW96Pi4RjCaN2 authorized with role: user
2025-03-09T20:07:35.524Z info: register:: User qwe updated successfully
2025-03-09T20:08:26.323Z info: MongoDB ::::: mongodb://mongodb:27017/test-super-market-01
2025-03-09T20:08:26.561Z info: MongoDB connected
2025-03-09T20:08:26.563Z info: Server running on port 3000
2025-03-09T20:08:26.608Z info: Admin user already exists
2025-03-09T20:08:26.608Z info: starterPack added successfully
2025-03-09T20:08:28.879Z info: authorizeJWT:: User:XO1Wf3rrvdfZXw5TW96Pi4RjCaN2 authorized with role: user
2025-03-09T20:08:28.888Z info: register:: User qwe updated successfully
2025-03-09T20:08:30.275Z info: authorizeJWT:: User:XO1Wf3rrvdfZXw5TW96Pi4RjCaN2 authorized with role: user
2025-03-09T20:08:30.281Z info: register:: User qwe updated successfully
2025-03-09T20:08:35.490Z info: authorizeJWT:: User:XO1Wf3rrvdfZXw5TW96Pi4RjCaN2 authorized with role: user
2025-03-09T20:08:35.500Z info: register:: User qwea updated successfully
2025-03-09T20:08:38.943Z info: authorizeJWT:: User:XO1Wf3rrvdfZXw5TW96Pi4RjCaN2 authorized with role: user
2025-03-09T20:08:38.949Z info: register:: User qwea updated successfully
2025-03-09T20:08:46.793Z error: login:: Error Invalid token verifying token for user: lka@test.com
2025-03-09T20:09:07.021Z error: login:: Error Invalid token verifying token for user: lka@test.com
2025-03-09T20:09:25.570Z info: login:: User with email lka@test.com is found
2025-03-09T20:09:25.582Z info: login:: User lka@test.com logged in successfully
2025-03-09T20:11:43.540Z info: MongoDB ::::: mongodb://mongodb:27017/test-super-market-01
2025-03-09T20:11:43.740Z info: MongoDB connected
2025-03-09T20:11:43.742Z info: Server running on port 3000
2025-03-09T20:11:43.760Z info: Admin user already exists
2025-03-09T20:11:43.760Z info: starterPack added successfully
2025-03-09T20:11:47.514Z info: login:: User with email lka@test.com is found
2025-03-09T20:11:47.526Z error: login:: error: Performing an update on the path '_id' would modify the immutable field '_id'
2025-03-09T20:17:45.641Z info: MongoDB ::::: mongodb://mongodb:27017/test-super-market-01
2025-03-09T20:17:45.847Z info: MongoDB connected
2025-03-09T20:17:45.850Z info: Server running on port 3000
2025-03-09T20:17:45.863Z info: Admin user already exists
2025-03-09T20:17:45.863Z info: starterPack added successfully
2025-03-09T20:17:50.724Z info: login:: User with email lka@test.com is found
2025-03-09T20:17:50.734Z info: login:: User lka@test.com logged in successfully
2025-03-09T20:17:56.636Z info: authorizeJWT:: User:XO1Wf3rrvdfZXw5TW96Pi4RjCaN2 authorized with role: user
2025-03-09T20:17:56.645Z info: register:: User qwea updated successfully
2025-03-09T20:17:58.398Z info: authorizeJWT:: User:XO1Wf3rrvdfZXw5TW96Pi4RjCaN2 authorized with role: user
2025-03-09T20:17:58.405Z info: register:: User qwea updated successfully
2025-03-09T20:18:03.194Z info: authorizeJWT:: User:XO1Wf3rrvdfZXw5TW96Pi4RjCaN2 authorized with role: user
2025-03-09T20:18:03.197Z error: register:: User with email lka@test.csasom is not exist
2025-03-09T20:18:10.256Z info: authorizeJWT:: User:XO1Wf3rrvdfZXw5TW96Pi4RjCaN2 authorized with role: user
2025-03-09T20:18:10.261Z info: register:: User qwesasasaa updated successfully
2025-03-09T20:18:17.932Z info: authorizeJWT:: User:XO1Wf3rrvdfZXw5TW96Pi4RjCaN2 authorized with role: user
2025-03-09T20:18:17.936Z info: register:: User qwesasasaa updated successfully
2025-03-10T02:30:36.945Z info: MongoDB ::::: mongodb://mongodb:27017/test-super-market-01
2025-03-10T02:30:37.138Z info: MongoDB connected
2025-03-10T02:30:37.140Z info: Server running on port 3000
2025-03-10T02:30:37.152Z info: Admin user already exists
2025-03-10T02:30:37.152Z info: starterPack added successfully
2025-03-14T22:50:32.349Z info: MongoDB ::::: mongodb://mongodb:27017/test-super-market-01
2025-03-14T22:50:32.548Z info: MongoDB connected
2025-03-14T22:50:32.552Z info: Server running on port 3000
2025-03-14T22:50:32.581Z info: starterPack added successfully
2025-03-14T23:54:11.780Z info: MongoDB ::::: mongodb://mongodb:27017/test-super-market-01
2025-03-14T23:54:11.880Z info: MongoDB connected
2025-03-14T23:54:11.882Z info: Server running on port 3000
2025-03-14T23:54:11.896Z info: Admin user already exists
2025-03-14T23:54:11.896Z info: starterPack added successfully
2025-03-14T23:54:27.529Z error: ERROR::apiValidationHandler:  Missing $ref pointer "#/components/schemas/Users". Token "Users" does not exist.
2025-03-14T23:54:43.506Z error: ERROR::apiValidationHandler:  Missing $ref pointer "#/components/schemas/Users". Token "Users" does not exist.
2025-03-14T23:55:29.466Z error: ERROR::apiValidationHandler:  Missing $ref pointer "#/components/schemas/Users". Token "Users" does not exist.
2025-03-14T23:55:29.616Z error: ERROR::apiValidationHandler:  Missing $ref pointer "#/components/schemas/Users". Token "Users" does not exist.
2025-03-15T00:02:47.858Z error: ERROR::apiValidationHandler:  Missing $ref pointer "#/components/schemas/Users". Token "Users" does not exist.
2025-03-15T00:03:00.815Z error: ERROR::apiValidationHandler:  Missing $ref pointer "#/components/schemas/Users". Token "Users" does not exist.
2025-03-15T00:03:07.004Z error: ERROR::apiValidationHandler:  Missing $ref pointer "#/components/schemas/Users". Token "Users" does not exist.
2025-03-15T00:05:41.078Z error: ERROR::apiValidationHandler:  Missing $ref pointer "#/components/schemas/Users". Token "Users" does not exist.
2025-03-15T00:05:58.097Z error: ERROR::apiValidationHandler:  Missing $ref pointer "#/components/schemas/Users". Token "Users" does not exist.
2025-03-15T00:05:58.299Z error: ERROR::apiValidationHandler:  Missing $ref pointer "#/components/schemas/Users". Token "Users" does not exist.
2025-03-15T00:06:44.261Z error: ERROR::apiValidationHandler:  Missing $ref pointer "#/components/schemas/Users". Token "Users" does not exist.
2025-03-15T00:09:50.769Z info: MongoDB ::::: mongodb://mongodb:27017/test-super-market-01
2025-03-15T00:09:51.045Z info: MongoDB connected
2025-03-15T00:09:51.050Z info: Server running on port 3000
2025-03-15T00:09:51.066Z info: Admin user already exists
2025-03-15T00:09:51.067Z info: starterPack added successfully
2025-03-15T00:09:57.726Z error: ERROR::apiValidationHandler:  openapi.validator: args.apiDoc was invalid.  See the output.
2025-03-15T00:11:19.977Z info: MongoDB ::::: mongodb://mongodb:27017/test-super-market-01
2025-03-15T00:11:20.177Z info: MongoDB connected
2025-03-15T00:11:20.180Z info: Server running on port 3000
2025-03-15T00:11:20.198Z info: Admin user already exists
2025-03-15T00:11:20.198Z info: starterPack added successfully
2025-03-15T00:11:28.446Z error: ERROR::apiValidationHandler:  openapi.validator: args.apiDoc was invalid.  See the output.
2025-03-15T00:11:29.640Z error: ERROR::apiValidationHandler:  openapi.validator: args.apiDoc was invalid.  See the output.
2025-03-15T00:12:22.461Z info: MongoDB ::::: mongodb://mongodb:27017/test-super-market-01
2025-03-15T00:12:22.661Z info: MongoDB connected
2025-03-15T00:12:22.663Z info: Server running on port 3000
2025-03-15T00:12:22.680Z info: Admin user already exists
2025-03-15T00:12:22.680Z info: starterPack added successfully
2025-03-15T00:12:26.811Z info: login:: User with email lakarathalaka@gmail.com not found
2025-03-15T00:12:26.822Z info: login:: New user lakarathalaka@gmail.com created successfully
2025-03-15T00:13:01.651Z error: authorizeJWT:: User not authorized with role: user
2025-03-15T00:13:58.041Z error: login:: Error Invalid token verifying token for user: systemAdmin@gmail.com
2025-03-15T00:14:08.876Z error: login:: Error Invalid token verifying token for user: systemAdmin@gmail.com
2025-03-15T00:14:18.774Z info: login:: User systemAdmin@gmail.com logged in successfully
2025-03-15T00:14:18.774Z error: login:: error: Cannot read properties of null (reading 'toJSON')
2025-03-15T00:14:30.975Z info: login:: User systemAdmin@gmail.com logged in successfully
2025-03-15T00:14:30.976Z error: login:: error: Cannot read properties of null (reading 'toJSON')
2025-03-15T00:15:27.088Z info: login:: User systemAdmin@gmail.com logged in successfully
2025-03-15T00:15:27.088Z error: login:: error: Cannot read properties of null (reading 'toJSON')
2025-03-15T00:18:28.272Z info: login:: User systemAdmin@gmail.com logged in successfully
2025-03-15T00:18:28.272Z error: login:: error: Cannot read properties of null (reading 'toJSON')
2025-03-15T00:20:24.751Z info: MongoDB ::::: mongodb://mongodb:27017/test-super-market-01
2025-03-15T00:20:24.947Z info: MongoDB connected
2025-03-15T00:20:24.949Z info: Server running on port 3000
2025-03-15T00:20:24.961Z info: Admin user already exists
2025-03-15T00:20:24.962Z info: starterPack added successfully
2025-03-15T00:20:30.737Z info: login:: User systemAdmin@gmail.com logged in successfully
2025-03-15T00:21:05.779Z info: listUsers::Users fetched successfully : {
  id: '2025-03-14T22:50:32.348Z',
  username: 'systemAdmin',
  password: '$2b$10$JpINCtp5kSa2eCIjyN24AuEi2wGQZWPsapAk2MqnG8Jp6fbXQFat6',
  role: 'admin',
  email: 'systemAdmin@gmail.com',
  phoneNumber: '',
  profilePic: '',
  emailVerified: false,
  createdAt: 2025-03-14T22:50:32.561Z,
  updatedAt: 2025-03-14T22:50:32.561Z
},{
  id: 'GUAMCTtadpRtL9jqzLSsoZGEXdJ2',
  username: 'lucky ratha',
  role: 'user',
  email: 'lakarathalaka@gmail.com',
  profilePic: 'https://lh3.googleusercontent.com/a/ACg8ocLblbq939-gVaDcS06NvF7V6e7KwR11_0Jpg42kKhFM3JQTPg=s96-c',
  emailVerified: true,
  createdAt: 2025-03-15T00:12:26.818Z,
  updatedAt: 2025-03-15T00:12:26.818Z
}
2025-03-15T00:21:05.787Z error: ERROR::apiValidationHandler:  /response/0/id must be integer
2025-03-15T00:21:44.123Z info: MongoDB ::::: mongodb://mongodb:27017/test-super-market-01
2025-03-15T00:21:44.320Z info: MongoDB connected
2025-03-15T00:21:44.323Z info: Server running on port 3000
2025-03-15T00:21:44.336Z info: Admin user already exists
2025-03-15T00:21:44.336Z info: starterPack added successfully
2025-03-15T00:21:47.237Z info: listUsers::Users fetched successfully : {
  id: '2025-03-14T22:50:32.348Z',
  username: 'systemAdmin',
  password: '$2b$10$JpINCtp5kSa2eCIjyN24AuEi2wGQZWPsapAk2MqnG8Jp6fbXQFat6',
  role: 'admin',
  email: 'systemAdmin@gmail.com',
  phoneNumber: '',
  profilePic: '',
  emailVerified: false,
  createdAt: 2025-03-14T22:50:32.561Z,
  updatedAt: 2025-03-14T22:50:32.561Z
},{
  id: 'GUAMCTtadpRtL9jqzLSsoZGEXdJ2',
  username: 'lucky ratha',
  role: 'user',
  email: 'lakarathalaka@gmail.com',
  profilePic: 'https://lh3.googleusercontent.com/a/ACg8ocLblbq939-gVaDcS06NvF7V6e7KwR11_0Jpg42kKhFM3JQTPg=s96-c',
  emailVerified: true,
  createdAt: 2025-03-15T00:12:26.818Z,
  updatedAt: 2025-03-15T00:12:26.818Z
}
2025-03-15T02:19:32.197Z info: MongoDB ::::: mongodb://mongodb:27017/test-super-market-01
2025-03-15T02:19:32.392Z info: MongoDB connected
2025-03-15T02:19:32.394Z info: Server running on port 3000
2025-03-15T02:19:32.405Z info: Admin user already exists
2025-03-15T02:19:32.405Z info: starterPack added successfully
2025-03-15T02:19:41.932Z info: listUsers::Users fetched successfully : {
  id: '2025-03-14T22:50:32.348Z',
  username: 'systemAdmin',
  password: '$2b$10$JpINCtp5kSa2eCIjyN24AuEi2wGQZWPsapAk2MqnG8Jp6fbXQFat6',
  role: 'admin',
  email: 'systemAdmin@gmail.com',
  phoneNumber: '',
  profilePic: '',
  emailVerified: false,
  createdAt: 2025-03-14T22:50:32.561Z,
  updatedAt: 2025-03-14T22:50:32.561Z
},{
  id: 'GUAMCTtadpRtL9jqzLSsoZGEXdJ2',
  username: 'lucky ratha',
  role: 'user',
  email: 'lakarathalaka@gmail.com',
  profilePic: 'https://lh3.googleusercontent.com/a/ACg8ocLblbq939-gVaDcS06NvF7V6e7KwR11_0Jpg42kKhFM3JQTPg=s96-c',
  emailVerified: true,
  createdAt: 2025-03-15T00:12:26.818Z,
  updatedAt: 2025-03-15T00:12:26.818Z
}
2025-03-15T03:13:36.255Z info: MongoDB ::::: mongodb://mongodb:27017/test-super-market-01
2025-03-15T03:13:36.463Z info: MongoDB connected
2025-03-15T03:13:36.465Z info: Server running on port 3000
2025-03-15T03:13:36.483Z info: Admin user already exists
2025-03-15T03:13:36.483Z info: starterPack added successfully
2025-03-15T03:17:03.865Z info: MongoDB ::::: mongodb://mongodb:27017/test-super-market-01
2025-03-15T03:17:04.067Z info: MongoDB connected
2025-03-15T03:17:04.070Z info: Server running on port 3000
2025-03-15T03:17:04.082Z info: Admin user already exists
2025-03-15T03:17:04.082Z info: starterPack added successfully
2025-03-15T03:17:30.825Z info: listUsers::Users fetched successfully : {
  id: '2025-03-14T22:50:32.348Z',
  username: 'systemAdmin',
  password: '$2b$10$JpINCtp5kSa2eCIjyN24AuEi2wGQZWPsapAk2MqnG8Jp6fbXQFat6',
  role: 'admin',
  email: 'systemAdmin@gmail.com',
  phoneNumber: '',
  profilePic: '',
  emailVerified: false,
  createdAt: 2025-03-14T22:50:32.561Z,
  updatedAt: 2025-03-14T22:50:32.561Z
},{
  id: 'GUAMCTtadpRtL9jqzLSsoZGEXdJ2',
  username: 'lucky ratha',
  role: 'user',
  email: 'lakarathalaka@gmail.com',
  profilePic: 'https://lh3.googleusercontent.com/a/ACg8ocLblbq939-gVaDcS06NvF7V6e7KwR11_0Jpg42kKhFM3JQTPg=s96-c',
  emailVerified: true,
  createdAt: 2025-03-15T00:12:26.818Z,
  updatedAt: 2025-03-15T00:12:26.818Z
}
2025-03-15T03:17:30.825Z info: [object Object]
2025-03-15T03:20:12.654Z info: MongoDB ::::: mongodb://mongodb:27017/test-super-market-01
2025-03-15T03:20:12.860Z info: MongoDB connected
2025-03-15T03:20:12.863Z info: Server running on port 3000
2025-03-15T03:20:12.874Z info: Admin user already exists
2025-03-15T03:20:12.874Z info: starterPack added successfully
2025-03-15T03:20:18.488Z info: listUsers::Users fetched successfully : {
  id: '2025-03-14T22:50:32.348Z',
  username: 'systemAdmin',
  password: '$2b$10$JpINCtp5kSa2eCIjyN24AuEi2wGQZWPsapAk2MqnG8Jp6fbXQFat6',
  role: 'admin',
  email: 'systemAdmin@gmail.com',
  phoneNumber: '',
  profilePic: '',
  emailVerified: false,
  createdAt: 2025-03-14T22:50:32.561Z,
  updatedAt: 2025-03-14T22:50:32.561Z
},{
  id: 'GUAMCTtadpRtL9jqzLSsoZGEXdJ2',
  username: 'lucky ratha',
  role: 'user',
  email: 'lakarathalaka@gmail.com',
  profilePic: 'https://lh3.googleusercontent.com/a/ACg8ocLblbq939-gVaDcS06NvF7V6e7KwR11_0Jpg42kKhFM3JQTPg=s96-c',
  emailVerified: true,
  createdAt: 2025-03-15T00:12:26.818Z,
  updatedAt: 2025-03-15T00:12:26.818Z
}
2025-03-15T03:20:18.489Z info: {"role":"admin"}
2025-03-15T03:21:54.605Z info: MongoDB ::::: mongodb://mongodb:27017/test-super-market-01
2025-03-15T03:21:54.804Z info: MongoDB connected
2025-03-15T03:21:54.806Z info: Server running on port 3000
2025-03-15T03:21:54.819Z info: Admin user already exists
2025-03-15T03:21:54.819Z info: starterPack added successfully
2025-03-15T03:22:07.334Z info: listUsers::Users fetched successfully : {
  id: '2025-03-14T22:50:32.348Z',
  username: 'systemAdmin',
  password: '$2b$10$JpINCtp5kSa2eCIjyN24AuEi2wGQZWPsapAk2MqnG8Jp6fbXQFat6',
  role: 'admin',
  email: 'systemAdmin@gmail.com',
  phoneNumber: '',
  profilePic: '',
  emailVerified: false,
  createdAt: 2025-03-14T22:50:32.561Z,
  updatedAt: 2025-03-14T22:50:32.561Z
},{
  id: 'GUAMCTtadpRtL9jqzLSsoZGEXdJ2',
  username: 'lucky ratha',
  role: 'user',
  email: 'lakarathalaka@gmail.com',
  profilePic: 'https://lh3.googleusercontent.com/a/ACg8ocLblbq939-gVaDcS06NvF7V6e7KwR11_0Jpg42kKhFM3JQTPg=s96-c',
  emailVerified: true,
  createdAt: 2025-03-15T00:12:26.818Z,
  updatedAt: 2025-03-15T00:12:26.818Z
}
2025-03-15T03:22:07.334Z info: {"role":"user"}
2025-03-15T03:27:39.592Z error: ERROR::apiValidationHandler:  not found
2025-03-15T03:33:36.035Z error: ERROR::apiValidationHandler:  not found
2025-03-15T03:33:37.673Z error: ERROR::apiValidationHandler:  not found
2025-03-15T03:34:12.858Z error: ERROR::apiValidationHandler:  Authorization header required
2025-03-15T03:34:22.412Z info: listUsers::Users fetched successfully : {
  id: '2025-03-14T22:50:32.348Z',
  username: 'systemAdmin',
  password: '$2b$10$JpINCtp5kSa2eCIjyN24AuEi2wGQZWPsapAk2MqnG8Jp6fbXQFat6',
  role: 'admin',
  email: 'systemAdmin@gmail.com',
  phoneNumber: '',
  profilePic: '',
  emailVerified: false,
  createdAt: 2025-03-14T22:50:32.561Z,
  updatedAt: 2025-03-14T22:50:32.561Z
},{
  id: 'GUAMCTtadpRtL9jqzLSsoZGEXdJ2',
  username: 'lucky ratha',
  role: 'user',
  email: 'lakarathalaka@gmail.com',
  profilePic: 'https://lh3.googleusercontent.com/a/ACg8ocLblbq939-gVaDcS06NvF7V6e7KwR11_0Jpg42kKhFM3JQTPg=s96-c',
  emailVerified: true,
  createdAt: 2025-03-15T00:12:26.818Z,
  updatedAt: 2025-03-15T00:12:26.818Z
}
2025-03-15T03:34:22.413Z info: {}
2025-03-15T03:34:50.121Z error: ERROR::apiValidationHandler:  Unknown query parameter 'admin'
2025-03-15T03:35:01.957Z info: listUsers::Users fetched successfully : {
  id: '2025-03-14T22:50:32.348Z',
  username: 'systemAdmin',
  password: '$2b$10$JpINCtp5kSa2eCIjyN24AuEi2wGQZWPsapAk2MqnG8Jp6fbXQFat6',
  role: 'admin',
  email: 'systemAdmin@gmail.com',
  phoneNumber: '',
  profilePic: '',
  emailVerified: false,
  createdAt: 2025-03-14T22:50:32.561Z,
  updatedAt: 2025-03-14T22:50:32.561Z
},{
  id: 'GUAMCTtadpRtL9jqzLSsoZGEXdJ2',
  username: 'lucky ratha',
  role: 'user',
  email: 'lakarathalaka@gmail.com',
  profilePic: 'https://lh3.googleusercontent.com/a/ACg8ocLblbq939-gVaDcS06NvF7V6e7KwR11_0Jpg42kKhFM3JQTPg=s96-c',
  emailVerified: true,
  createdAt: 2025-03-15T00:12:26.818Z,
  updatedAt: 2025-03-15T00:12:26.818Z
}
2025-03-15T03:35:01.958Z info: {"role":"admin"}
2025-03-15T03:35:08.491Z error: ERROR::apiValidationHandler:  request/query/role must be equal to one of the allowed values: admin, user
2025-03-15T03:35:17.477Z info: listUsers::Users fetched successfully : {
  id: '2025-03-14T22:50:32.348Z',
  username: 'systemAdmin',
  password: '$2b$10$JpINCtp5kSa2eCIjyN24AuEi2wGQZWPsapAk2MqnG8Jp6fbXQFat6',
  role: 'admin',
  email: 'systemAdmin@gmail.com',
  phoneNumber: '',
  profilePic: '',
  emailVerified: false,
  createdAt: 2025-03-14T22:50:32.561Z,
  updatedAt: 2025-03-14T22:50:32.561Z
},{
  id: 'GUAMCTtadpRtL9jqzLSsoZGEXdJ2',
  username: 'lucky ratha',
  role: 'user',
  email: 'lakarathalaka@gmail.com',
  profilePic: 'https://lh3.googleusercontent.com/a/ACg8ocLblbq939-gVaDcS06NvF7V6e7KwR11_0Jpg42kKhFM3JQTPg=s96-c',
  emailVerified: true,
  createdAt: 2025-03-15T00:12:26.818Z,
  updatedAt: 2025-03-15T00:12:26.818Z
}
2025-03-15T03:35:17.477Z info: {"role":"user"}
2025-03-15T03:39:10.839Z info: MongoDB ::::: mongodb://mongodb:27017/test-super-market-01
2025-03-15T03:39:11.053Z info: MongoDB connected
2025-03-15T03:39:11.056Z info: Server running on port 3000
2025-03-15T03:39:11.072Z info: Admin user already exists
2025-03-15T03:39:11.073Z info: starterPack added successfully
2025-03-15T03:39:14.791Z info: listUsers::Users fetched successfully: [{"id":"GUAMCTtadpRtL9jqzLSsoZGEXdJ2","username":"lucky ratha","role":"user","email":"lakarathalaka@gmail.com","profilePic":"https://lh3.googleusercontent.com/a/ACg8ocLblbq939-gVaDcS06NvF7V6e7KwR11_0Jpg42kKhFM3JQTPg=s96-c","createdAt":"2025-03-15T00:12:26.818Z","updatedAt":"2025-03-15T00:12:26.818Z"}]
2025-03-15T03:39:21.240Z info: listUsers::Users fetched successfully: [{"id":"2025-03-14T22:50:32.348Z","username":"systemAdmin","role":"admin","email":"systemAdmin@gmail.com","phoneNumber":"","profilePic":"","createdAt":"2025-03-14T22:50:32.561Z","updatedAt":"2025-03-14T22:50:32.561Z"}]
2025-03-15T03:39:28.486Z info: listUsers::Users fetched successfully: [{"id":"2025-03-14T22:50:32.348Z","username":"systemAdmin","role":"admin","email":"systemAdmin@gmail.com","phoneNumber":"","profilePic":"","createdAt":"2025-03-14T22:50:32.561Z","updatedAt":"2025-03-14T22:50:32.561Z"},{"id":"GUAMCTtadpRtL9jqzLSsoZGEXdJ2","username":"lucky ratha","role":"user","email":"lakarathalaka@gmail.com","profilePic":"https://lh3.googleusercontent.com/a/ACg8ocLblbq939-gVaDcS06NvF7V6e7KwR11_0Jpg42kKhFM3JQTPg=s96-c","createdAt":"2025-03-15T00:12:26.818Z","updatedAt":"2025-03-15T00:12:26.818Z"}]
2025-03-15T04:07:07.384Z info: MongoDB ::::: mongodb://mongodb:27017/test-super-market-01
2025-03-15T04:07:07.595Z info: MongoDB connected
2025-03-15T04:07:07.598Z info: Server running on port 3000
2025-03-15T04:07:07.612Z info: Admin user already exists
2025-03-15T04:07:07.612Z info: starterPack added successfully
2025-03-15T04:08:21.235Z error: ERROR::operationHandler: No handler found for this operationId 
2025-03-15T04:10:40.773Z info: MongoDB ::::: mongodb://mongodb:27017/test-super-market-01
2025-03-15T04:10:40.973Z info: MongoDB connected
2025-03-15T04:10:40.975Z info: Server running on port 3000
2025-03-15T04:10:40.986Z info: Admin user already exists
2025-03-15T04:10:40.986Z info: starterPack added successfully
2025-03-15T04:10:44.603Z info: listVendors::Vendors fetched successfully : 
2025-03-15T04:16:38.460Z info: MongoDB ::::: mongodb://mongodb:27017/test-super-market-01
2025-03-15T04:16:38.658Z info: MongoDB connected
2025-03-15T04:16:38.661Z info: Server running on port 3000
2025-03-15T04:16:38.672Z info: Admin user already exists
2025-03-15T04:16:38.672Z info: starterPack added successfully
2025-03-15T04:16:59.008Z info: listVendors::Vendors fetched successfully : 
2025-03-15T04:17:43.688Z info: createNewVendor::Vendor created successfully : [object Object]
2025-03-15T04:18:24.939Z error: createNewVendor:: MongoServerError: E11000 duplicate key error collection: test-super-market-01.vendors index: id_1 dup key: { id: null }
2025-03-15T04:20:05.532Z error: createNewVendor:: MongoServerError: E11000 duplicate key error collection: test-super-market-01.vendors index: id_1 dup key: { id: null }
2025-03-15T04:21:24.490Z info: MongoDB ::::: mongodb://mongodb:27017/test-super-market-01
2025-03-15T04:21:24.690Z info: MongoDB connected
2025-03-15T04:21:24.692Z info: Server running on port 3000
2025-03-15T04:21:24.703Z info: Admin user already exists
2025-03-15T04:21:24.703Z info: starterPack added successfully
2025-03-15T04:21:42.055Z info: listVendors::Vendors fetched successfully : [{"name":"lakshan","email":"string","shopList":["lucky01","luckystores"],"image":"string","timestamp":1213131,"additionalData":"string","createdAt":"2025-03-15T04:17:43.680Z","updatedAt":"2025-03-15T04:17:43.680Z"}]
2025-03-15T04:21:51.441Z info: listVendors::Vendors fetched successfully : [{"name":"lakshan","email":"string","shopList":["lucky01","luckystores"],"image":"string","timestamp":1213131,"additionalData":"string","createdAt":"2025-03-15T04:17:43.680Z","updatedAt":"2025-03-15T04:17:43.680Z"}]
2025-03-15T04:22:24.517Z info: MongoDB ::::: mongodb://mongodb:27017/test-super-market-02
2025-03-15T04:22:24.718Z info: MongoDB connected
2025-03-15T04:22:24.721Z info: Server running on port 3000
2025-03-15T04:22:24.810Z info: starterPack added successfully
2025-03-15T04:23:19.180Z info: listVendors::Vendors fetched successfully : []
2025-03-15T04:23:47.330Z info: createNewVendor::Vendor created successfully : {"name":"lakshan","email":"string","shopList":["sd01","st02"],"image":"string","timestamp":120,"additionalData":"string","createdAt":"2025-03-15T04:23:47.328Z","updatedAt":"2025-03-15T04:23:47.328Z"}
2025-03-15T04:23:59.612Z error: createNewVendor:: MongoServerError: E11000 duplicate key error collection: test-super-market-02.vendors index: name_1 dup key: { name: "lakshan" }
2025-03-15T04:27:24.050Z info: MongoDB ::::: mongodb://mongodb:27017/test-super-market-02
2025-03-15T04:27:24.252Z info: MongoDB connected
2025-03-15T04:27:24.254Z info: Server running on port 3000
2025-03-15T04:27:24.267Z info: Admin user already exists
2025-03-15T04:27:24.267Z info: starterPack added successfully
2025-03-15T04:27:26.556Z error: createNewVendor:: MongoServerError: E11000 duplicate key error collection: test-super-market-02.vendors index: name_1 dup key: { name: "lakshan" }
2025-03-15T04:27:44.561Z error: createNewVendor:: MongoServerError: E11000 duplicate key error collection: test-super-market-02.vendors index: name_1 dup key: { name: "lakshan" }
2025-03-15T04:27:46.036Z error: createNewVendor:: MongoServerError: E11000 duplicate key error collection: test-super-market-02.vendors index: name_1 dup key: { name: "lakshan" }
2025-03-15T04:27:47.474Z error: createNewVendor:: MongoServerError: E11000 duplicate key error collection: test-super-market-02.vendors index: name_1 dup key: { name: "lakshan" }
2025-03-15T04:28:29.684Z error: ERROR::apiValidationHandler:  Unexpected number in JSON at position 95
2025-03-15T04:28:46.956Z error: updateVendor::Vendor not found : undefined
2025-03-15T04:29:03.774Z error: updateVendor::Vendor not found : undefined
2025-03-15T04:30:03.772Z info: MongoDB ::::: mongodb://mongodb:27017/test-super-market-02
2025-03-15T04:30:04.016Z info: MongoDB connected
2025-03-15T04:30:04.018Z info: Server running on port 3000
2025-03-15T04:30:04.035Z info: Admin user already exists
2025-03-15T04:30:04.036Z info: starterPack added successfully
2025-03-15T04:30:08.171Z info: updateVendor::Vendor updated successfully : {
  name: 'lakshan',
  email: 'string2',
  shopList: [ 'string' ],
  image: 'string',
  timestamp: 2,
  additionalData: 'string',
  createdAt: 2025-03-15T04:23:47.328Z,
  updatedAt: 2025-03-15T04:30:08.162Z
}
2025-03-15T04:30:25.312Z info: updateVendor::Vendor updated successfully : {
  name: 'lakshan',
  email: 'string2',
  shopList: [ 'string' ],
  image: 'string',
  timestamp: 2,
  additionalData: 'string',
  createdAt: 2025-03-15T04:23:47.328Z,
  updatedAt: 2025-03-15T04:30:25.307Z
}
2025-03-15T04:30:47.744Z info: createNewVendor::Vendor created successfully : {"name":"suren","email":"string","shopList":["sd01","st02"],"image":"string","timestamp":120,"additionalData":"string","createdAt":"2025-03-15T04:30:47.737Z","updatedAt":"2025-03-15T04:30:47.737Z"}
2025-03-15T04:31:06.211Z error: createNewVendor:: MongoServerError: E11000 duplicate key error collection: test-super-market-02.vendors index: email_1 dup key: { email: "string" }
2025-03-15T04:31:14.812Z info: createNewVendor::Vendor created successfully : {"name":"suren1","email":"string1","shopList":["sd01","st02"],"timestamp":1203,"createdAt":"2025-03-15T04:31:14.810Z","updatedAt":"2025-03-15T04:31:14.810Z"}
2025-03-15T04:31:40.018Z error: createNewVendor:: MongoServerError: E11000 duplicate key error collection: test-super-market-02.vendors index: name_1 dup key: { name: "suren1" }
2025-03-15T04:31:56.465Z error: ERROR::apiValidationHandler:  request/body must have required property 'shopList'
2025-03-15T04:32:02.655Z error: updateVendor::Vendor not found : null
2025-03-15T04:32:13.801Z info: updateVendor::Vendor updated successfully : {
  name: 'suren1',
  email: 'string12',
  shopList: [ 'string' ],
  timestamp: 2,
  createdAt: 2025-03-15T04:31:14.810Z,
  updatedAt: 2025-03-15T04:32:13.798Z
}
2025-03-15T04:32:29.545Z error: deleteVendor::Vendor not found : undefined
2025-03-15T04:32:36.688Z error: deleteVendor::Vendor not found : undefined
2025-03-15T04:33:29.896Z info: MongoDB ::::: mongodb://mongodb:27017/test-super-market-02
2025-03-15T04:33:30.114Z info: MongoDB connected
2025-03-15T04:33:30.116Z info: Server running on port 3000
2025-03-15T04:33:30.125Z info: Admin user already exists
2025-03-15T04:33:30.125Z info: starterPack added successfully
2025-03-15T04:33:33.368Z info: deleteVendor::Vendor deleted successfully : {
  name: 'suren1',
  email: 'string12',
  shopList: [ 'string' ],
  timestamp: 2,
  createdAt: 2025-03-15T04:31:14.810Z,
  updatedAt: 2025-03-15T04:32:13.798Z
}
2025-03-15T06:29:57.565Z info: MongoDB ::::: mongodb://mongodb:27017/test-super-market-02
2025-03-15T06:29:57.788Z info: MongoDB connected
2025-03-15T06:29:57.790Z info: Server running on port 3000
2025-03-15T06:29:57.801Z info: Admin user already exists
2025-03-15T06:29:57.802Z info: starterPack added successfully
2025-03-15T06:30:52.805Z info: listVendors::Vendors fetched successfully : [{"name":"lakshan","email":"string2","shopList":["string"],"image":"string","timestamp":2,"additionalData":"string","createdAt":"2025-03-15T04:23:47.328Z","updatedAt":"2025-03-15T04:30:25.307Z"},{"name":"suren","email":"string","shopList":["sd01","st02"],"image":"string","timestamp":120,"additionalData":"string","createdAt":"2025-03-15T04:30:47.737Z","updatedAt":"2025-03-15T04:30:47.737Z"}]
2025-03-15T06:31:03.807Z info: listShops::Shops fetched successfully : []
2025-03-15T06:32:32.990Z info: createNewShop::Shop created successfully : {"name":"sttttttttt","vendorName":"lakshan","productsList":[0],"timestamp":0,"createdAt":"2025-03-15T06:32:32.987Z","updatedAt":"2025-03-15T06:32:32.987Z"}
2025-03-15T06:33:03.078Z info: createNewShop::Vendor is invalid : {"name":"sttttttttt","vendorName":"lakshands","productsList":[0],"timestamp":0}
2025-03-15T06:33:53.820Z info: listShops::Shops fetched successfully : [{"name":"sttttttttt","vendorName":"lakshan","productsList":[0],"timestamp":0,"createdAt":"2025-03-15T06:32:32.987Z","updatedAt":"2025-03-15T06:32:32.987Z"}]
2025-03-15T06:33:57.697Z info: listShops::Shops fetched successfully : [{"name":"sttttttttt","vendorName":"lakshan","productsList":[0],"timestamp":0,"createdAt":"2025-03-15T06:32:32.987Z","updatedAt":"2025-03-15T06:32:32.987Z"}]
2025-03-15T06:34:09.430Z info: createNewShop::Vendor is invalid : {"name":"qqqqqqqqqq","vendorName":"lakshand","productsList":[0],"timestamp":0}
2025-03-15T06:34:15.432Z info: createNewShop::Shop created successfully : {"name":"qqqqqqqqqq","vendorName":"lakshan","productsList":[0],"timestamp":0,"createdAt":"2025-03-15T06:34:15.431Z","updatedAt":"2025-03-15T06:34:15.431Z"}
2025-03-15T06:34:23.976Z info: listShops::Shops fetched successfully : [{"name":"sttttttttt","vendorName":"lakshan","productsList":[0],"timestamp":0,"createdAt":"2025-03-15T06:32:32.987Z","updatedAt":"2025-03-15T06:32:32.987Z"}]
2025-03-15T06:34:27.478Z info: listShops::Shops fetched successfully : [{"name":"sttttttttt","vendorName":"lakshan","productsList":[0],"timestamp":0,"createdAt":"2025-03-15T06:32:32.987Z","updatedAt":"2025-03-15T06:32:32.987Z"},{"name":"qqqqqqqqqq","vendorName":"lakshan","productsList":[0],"timestamp":0,"createdAt":"2025-03-15T06:34:15.431Z","updatedAt":"2025-03-15T06:34:15.431Z"}]
2025-03-15T06:46:10.285Z info: MongoDB ::::: mongodb://mongodb:27017/test-super-market-02
2025-03-15T06:46:10.560Z info: MongoDB connected
2025-03-15T06:46:10.562Z info: Server running on port 3000
2025-03-15T06:46:10.572Z info: Admin user already exists
2025-03-15T06:46:10.572Z info: starterPack added successfully
2025-03-15T06:46:28.441Z info: listVendors::Vendors fetched successfully : [{"name":"lakshan","email":"string2","shopList":["string"],"image":"string","timestamp":2,"additionalData":"string","createdAt":"2025-03-15T04:23:47.328Z","updatedAt":"2025-03-15T04:30:25.307Z"},{"name":"suren","email":"string","shopList":["sd01","st02"],"image":"string","timestamp":120,"additionalData":"string","createdAt":"2025-03-15T04:30:47.737Z","updatedAt":"2025-03-15T04:30:47.737Z"}]
2025-03-15T06:46:33.905Z info: listVendors::Vendors fetched successfully : [{"name":"lakshan","email":"string2","shopList":["string"],"image":"string","timestamp":2,"additionalData":"string","createdAt":"2025-03-15T04:23:47.328Z","updatedAt":"2025-03-15T04:30:25.307Z"}]
2025-03-15T06:47:44.968Z info: createNewShop::Shop created successfully : {"name":"qwww","vendorName":"lakshan","productsList":[0],"timestamp":0,"createdAt":"2025-03-15T06:47:44.961Z","updatedAt":"2025-03-15T06:47:44.961Z"}
2025-03-15T06:47:57.598Z info: listVendors::Vendors fetched successfully : [{"name":"lakshan","email":"string2","shopList":["string","qwww"],"image":"string","timestamp":2,"additionalData":"string","createdAt":"2025-03-15T04:23:47.328Z","updatedAt":"2025-03-15T06:47:44.953Z"}]
2025-03-16T10:33:06.250Z info: MongoDB ::::: mongodb://mongodb:27017/test-super-market-02
2025-03-16T10:33:06.465Z info: MongoDB connected
2025-03-16T10:33:06.467Z info: Server running on port 3000
2025-03-16T10:33:06.482Z info: Admin user already exists
2025-03-16T10:33:06.482Z info: starterPack added successfully
2025-03-16T10:33:19.148Z error: ERROR::apiValidationHandler:  Authorization header required
2025-03-16T10:34:51.571Z error: ERROR::apiValidationHandler:  request/body must match exactly one schema in oneOf
2025-03-16T10:35:03.239Z error: login:: Error Unathorized user token verifying token for user: string
2025-03-16T10:35:37.391Z error: login:: Error Unathorized user token verifying token for user: string
2025-03-16T10:36:01.984Z info: login:: User with email lakarathalaka@gmail.com not found
2025-03-16T10:36:02.003Z info: login:: New user lakarathalaka@gmail.com created successfully
2025-03-16T10:37:01.185Z error: ERROR::apiValidationHandler:  Expected ',' or '}' after property value in JSON at position 64
2025-03-16T10:37:07.314Z info: login:: User systemAdmin@gmail.com logged in successfully
2025-03-16T10:37:27.786Z error: authenticateJWT:: invalid signature
2025-03-16T10:37:30.616Z error: authenticateJWT:: invalid signature
2025-03-16T10:37:52.037Z info: listVendors::Vendors fetched successfully : [{"name":"lakshan","email":"string2","shopList":["string","qwww"],"image":"string","timestamp":2,"additionalData":"string","createdAt":"2025-03-15T04:23:47.328Z","updatedAt":"2025-03-15T06:47:44.953Z"},{"name":"suren","email":"string","shopList":["sd01","st02"],"image":"string","timestamp":120,"additionalData":"string","createdAt":"2025-03-15T04:30:47.737Z","updatedAt":"2025-03-15T04:30:47.737Z"}]
2025-03-16T10:38:43.974Z info: listShops::Shops fetched successfully : [{"name":"sttttttttt","vendorName":"lakshan","productsList":[0],"timestamp":0,"createdAt":"2025-03-15T06:32:32.987Z","updatedAt":"2025-03-15T06:32:32.987Z"},{"name":"qqqqqqqqqq","vendorName":"lakshan","productsList":[0],"timestamp":0,"createdAt":"2025-03-15T06:34:15.431Z","updatedAt":"2025-03-15T06:34:15.431Z"},{"name":"qwww","vendorName":"lakshan","productsList":[0],"timestamp":0,"createdAt":"2025-03-15T06:47:44.961Z","updatedAt":"2025-03-15T06:47:44.961Z"}]
2025-03-16T10:39:13.968Z info: createNewShop::Shop created successfully : {"name":"1111111111111","vendorName":"lakshan","productsList":[0],"timestamp":0,"image":"string","additionalData":"string","createdAt":"2025-03-16T10:39:13.962Z","updatedAt":"2025-03-16T10:39:13.962Z"}
2025-03-16T10:39:29.360Z info: listShops::Shops fetched successfully : []
2025-03-16T10:40:44.883Z info: listVendors::Vendors fetched successfully : [{"name":"lakshan","email":"string2","shopList":["string","qwww","1111111111111"],"image":"string","timestamp":2,"additionalData":"string","createdAt":"2025-03-15T04:23:47.328Z","updatedAt":"2025-03-16T10:39:13.951Z"}]
2025-03-16T10:41:27.716Z info: listShops::Shops fetched successfully : [{"name":"1111111111111","vendorName":"lakshan","productsList":[0],"timestamp":0,"image":"string","additionalData":"string","createdAt":"2025-03-16T10:39:13.962Z","updatedAt":"2025-03-16T10:39:13.962Z"}]
2025-03-16T10:41:52.922Z info: updateShop::Shop updated successfully : {
  name: '1111111111111',
  vendorName: 'suren',
  productsList: [ 0 ],
  timestamp: 0,
  image: 'string',
  additionalData: 'string',
  createdAt: 2025-03-16T10:39:13.962Z,
  updatedAt: 2025-03-16T10:41:52.919Z
}
2025-03-16T10:42:12.185Z info: listShops::Shops fetched successfully : [{"name":"1111111111111","vendorName":"suren","productsList":[0],"timestamp":0,"image":"string","additionalData":"string","createdAt":"2025-03-16T10:39:13.962Z","updatedAt":"2025-03-16T10:41:52.919Z"}]
2025-03-16T10:42:17.875Z info: listVendors::Vendors fetched successfully : [{"name":"lakshan","email":"string2","shopList":["string","qwww","1111111111111"],"image":"string","timestamp":2,"additionalData":"string","createdAt":"2025-03-15T04:23:47.328Z","updatedAt":"2025-03-16T10:39:13.951Z"}]
2025-03-16T10:42:23.488Z info: listVendors::Vendors fetched successfully : [{"name":"suren","email":"string","shopList":["sd01","st02"],"image":"string","timestamp":120,"additionalData":"string","createdAt":"2025-03-15T04:30:47.737Z","updatedAt":"2025-03-15T04:30:47.737Z"}]
2025-03-16T10:42:49.647Z info: deleteShop::Shop deleted successfully : {
  name: '1111111111111',
  vendorName: 'suren',
  productsList: [ 0 ],
  timestamp: 0,
  image: 'string',
  additionalData: 'string',
  createdAt: 2025-03-16T10:39:13.962Z,
  updatedAt: 2025-03-16T10:41:52.919Z
}
2025-03-16T10:43:04.581Z info: listShops::Shops fetched successfully : []
2025-03-16T11:06:13.928Z info: MongoDB ::::: mongodb://mongodb:27017/test-super-market-02
2025-03-16T11:06:14.140Z info: MongoDB connected
2025-03-16T11:06:14.142Z info: Server running on port 3000
2025-03-16T11:06:14.156Z info: Admin user already exists
2025-03-16T11:06:14.156Z info: starterPack added successfully
2025-03-16T11:06:42.905Z info: listVendors::Vendors fetched successfully : [{"name":"lakshan","email":"string2","shopList":["string","qwww","1111111111111"],"image":"string","timestamp":2,"additionalData":"string","createdAt":"2025-03-15T04:23:47.328Z","updatedAt":"2025-03-16T10:39:13.951Z"},{"name":"suren","email":"string","shopList":["sd01","st02"],"image":"string","timestamp":120,"additionalData":"string","createdAt":"2025-03-15T04:30:47.737Z","updatedAt":"2025-03-15T04:30:47.737Z"}]
2025-03-16T11:06:56.997Z info: listShops::Shops fetched successfully : [{"name":"sttttttttt","vendorName":"lakshan","timestamp":0,"createdAt":"2025-03-15T06:32:32.987Z","updatedAt":"2025-03-15T06:32:32.987Z"},{"name":"qqqqqqqqqq","vendorName":"lakshan","timestamp":0,"createdAt":"2025-03-15T06:34:15.431Z","updatedAt":"2025-03-15T06:34:15.431Z"},{"name":"qwww","vendorName":"lakshan","timestamp":0,"createdAt":"2025-03-15T06:47:44.961Z","updatedAt":"2025-03-15T06:47:44.961Z"}]
2025-03-16T11:06:57.009Z error: ERROR::apiValidationHandler:  /response/0 must have required property 'vendorEmai'
2025-03-16T11:07:59.483Z info: MongoDB ::::: mongodb://mongodb:27017/test-super-market-03
2025-03-16T11:07:59.688Z info: MongoDB connected
2025-03-16T11:07:59.690Z info: Server running on port 3000
2025-03-16T11:07:59.817Z info: starterPack added successfully
2025-03-16T11:08:03.712Z info: listShops::Shops fetched successfully : []
2025-03-16T11:08:37.482Z info: createNewShop::Shop created successfully : {"name":"lakshan-shop-01","vendorName":"lakiya","vendorEmai":"string","vendorPhoneNumber":"string","timestamp":0,"image":"string","additionalData":"string","createdAt":"2025-03-16T11:08:37.478Z","updatedAt":"2025-03-16T11:08:37.478Z"}
2025-03-16T11:09:06.757Z info: listShops::Shops fetched successfully : [{"name":"lakshan-shop-01","vendorName":"lakiya","vendorEmai":"string","vendorPhoneNumber":"string","timestamp":0,"image":"string","additionalData":"string","createdAt":"2025-03-16T11:08:37.478Z","updatedAt":"2025-03-16T11:08:37.478Z"}]
2025-03-16T11:09:17.978Z info: listShops::Shops fetched successfully : [{"name":"lakshan-shop-01","vendorName":"lakiya","vendorEmai":"string","vendorPhoneNumber":"string","timestamp":0,"image":"string","additionalData":"string","createdAt":"2025-03-16T11:08:37.478Z","updatedAt":"2025-03-16T11:08:37.478Z"}]
2025-03-16T11:09:43.018Z info: updateShop::Shop updated successfully : {
  name: 'lakshan-shop-01',
  vendorName: 'lakiya-ratha',
  vendorEmai: 'string',
  vendorPhoneNumber: 'string',
  timestamp: 0,
  image: 'string',
  additionalData: 'string',
  createdAt: 2025-03-16T11:08:37.478Z,
  updatedAt: 2025-03-16T11:09:43.012Z
}
2025-03-16T11:09:51.869Z info: listShops::Shops fetched successfully : [{"name":"lakshan-shop-01","vendorName":"lakiya-ratha","vendorEmai":"string","vendorPhoneNumber":"string","timestamp":0,"image":"string","additionalData":"string","createdAt":"2025-03-16T11:08:37.478Z","updatedAt":"2025-03-16T11:09:43.012Z"}]
2025-03-16T11:34:09.605Z info: MongoDB ::::: mongodb://mongodb:27017/test-super-market-03
2025-03-16T11:34:09.820Z info: MongoDB connected
2025-03-16T11:34:09.826Z info: Server running on port 3000
2025-03-16T11:34:09.855Z info: Admin user already exists
2025-03-16T11:34:09.856Z info: starterPack added successfully
2025-03-16T11:36:36.503Z info: MongoDB ::::: mongodb://mongodb:27017/test-super-market-03
2025-03-16T11:36:36.730Z info: MongoDB connected
2025-03-16T11:36:36.731Z info: Server running on port 3000
2025-03-16T11:36:36.748Z info: Admin user already exists
2025-03-16T11:36:36.748Z info: starterPack added successfully
2025-03-16T11:36:54.797Z error: ERROR::apiValidationHandler:  openapi.validator: args.apiDoc was invalid.  See the output.
2025-03-16T11:36:56.897Z error: ERROR::apiValidationHandler:  openapi.validator: args.apiDoc was invalid.  See the output.
2025-03-16T11:40:42.467Z info: MongoDB ::::: mongodb://mongodb:27017/test-super-market-03
2025-03-16T11:40:42.677Z info: MongoDB connected
2025-03-16T11:40:42.680Z info: Server running on port 3000
2025-03-16T11:40:42.698Z info: Admin user already exists
2025-03-16T11:40:42.698Z info: starterPack added successfully
2025-03-16T11:40:59.594Z error: ERROR::apiValidationHandler:  openapi.validator: args.apiDoc was invalid.  See the output.
2025-03-16T11:43:59.530Z info: MongoDB ::::: mongodb://mongodb:27017/test-super-market-03
2025-03-16T11:43:59.735Z info: MongoDB connected
2025-03-16T11:43:59.737Z info: Server running on port 3000
2025-03-16T11:43:59.753Z info: Admin user already exists
2025-03-16T11:43:59.753Z info: starterPack added successfully
2025-03-16T11:44:06.226Z error: ERROR::apiValidationHandler:  openapi.validator: args.apiDoc was invalid.  See the output.
2025-03-16T11:44:10.151Z error: ERROR::apiValidationHandler:  openapi.validator: args.apiDoc was invalid.  See the output.
2025-03-16T11:44:11.314Z error: ERROR::apiValidationHandler:  openapi.validator: args.apiDoc was invalid.  See the output.
2025-03-16T11:44:37.125Z error: ERROR::apiValidationHandler:  openapi.validator: args.apiDoc was invalid.  See the output.
2025-03-16T11:45:46.537Z error: ERROR::apiValidationHandler:  openapi.validator: args.apiDoc was invalid.  See the output.
2025-03-16T11:50:16.674Z info: MongoDB ::::: mongodb://mongodb:27017/test-super-market-03
2025-03-16T11:50:16.883Z info: MongoDB connected
2025-03-16T11:50:16.885Z info: Server running on port 3000
2025-03-16T11:50:16.899Z info: Admin user already exists
2025-03-16T11:50:16.899Z info: starterPack added successfully
2025-03-16T11:50:33.330Z info: listRiders::Riders fetched successfully : []
2025-03-16T11:50:44.856Z info: createNewRider::Rider created successfully : {"name":"lakiya","email":"string","phoneNumber":"string","vehicle":"string","available":true,"createdAt":"2025-03-16T11:50:44.848Z","updatedAt":"2025-03-16T11:50:44.848Z"}
2025-03-16T11:50:54.550Z error: createNewRider:: MongoServerError: E11000 duplicate key error collection: test-super-market-03.riders index: name_1 dup key: { name: "lakiya" }
2025-03-16T11:51:23.338Z info: updateRider::Rider updated successfully : {
  name: 'lakiya',
  email: 'string',
  phoneNumber: 'string',
  vehicle: 'string',
  available: false,
  createdAt: 2025-03-16T11:50:44.848Z,
  updatedAt: 2025-03-16T11:51:23.331Z
}
2025-03-16T11:52:58.488Z info: deleteRider::Rider deleted successfully : {
  name: 'lakiya',
  email: 'string',
  phoneNumber: 'string',
  vehicle: 'string',
  available: false,
  createdAt: 2025-03-16T11:50:44.848Z,
  updatedAt: 2025-03-16T11:51:23.331Z
}
2025-03-16T11:53:12.820Z info: listRiders::Riders fetched successfully : []
2025-03-16T11:53:15.321Z info: createNewRider::Rider created successfully : {"name":"lakiya","email":"string","phoneNumber":"string","vehicle":"string","available":true,"createdAt":"2025-03-16T11:53:15.319Z","updatedAt":"2025-03-16T11:53:15.319Z"}
2025-03-16T11:53:18.210Z info: listRiders::Riders fetched successfully : [{"name":"lakiya","email":"string","phoneNumber":"string","vehicle":"string","available":true,"createdAt":"2025-03-16T11:53:15.319Z","updatedAt":"2025-03-16T11:53:15.319Z"}]
2025-03-16T11:53:28.900Z info: createNewRider::Rider created successfully : {"name":"suren","email":"string","phoneNumber":"string","vehicle":"string","available":true,"createdAt":"2025-03-16T11:53:28.898Z","updatedAt":"2025-03-16T11:53:28.898Z"}
2025-03-16T11:53:32.238Z info: listRiders::Riders fetched successfully : [{"name":"lakiya","email":"string","phoneNumber":"string","vehicle":"string","available":true,"createdAt":"2025-03-16T11:53:15.319Z","updatedAt":"2025-03-16T11:53:15.319Z"},{"name":"suren","email":"string","phoneNumber":"string","vehicle":"string","available":true,"createdAt":"2025-03-16T11:53:28.898Z","updatedAt":"2025-03-16T11:53:28.898Z"}]
2025-03-16T12:37:13.411Z info: MongoDB ::::: mongodb://mongodb:27017/test-super-market-03
2025-03-16T12:37:13.636Z info: MongoDB connected
2025-03-16T12:37:13.640Z info: Server running on port 3000
2025-03-16T12:37:13.654Z info: Admin user already exists
2025-03-16T12:37:13.655Z info: starterPack added successfully
2025-03-16T12:37:22.474Z info: listUsers::Users fetched successfully: [{"id":"2025-03-16T11:07:59.482Z","username":"systemAdmin","role":"admin","email":"systemAdmin@gmail.com","phoneNumber":"","profilePic":"","createdAt":"2025-03-16T11:07:59.702Z","updatedAt":"2025-03-16T11:07:59.702Z"}]
2025-03-16T12:38:40.777Z error: login:: Error Invalid token verifying token for user: lakarathalaka@gmail.com
2025-03-16T12:39:14.632Z error: login:: Error Invalid token verifying token for user: lakarathalaka@gmail.com
2025-03-16T12:39:44.608Z error: login:: Error Invalid token verifying token for user: lakarathalaka@gmail.com
2025-03-16T12:40:23.657Z info: login:: User with email lakarathalaka@gmail.com not found
2025-03-16T12:40:23.686Z info: login:: New user lakarathalaka@gmail.com created successfully
2025-03-16T12:40:48.065Z info: listUsers::Users fetched successfully: [{"id":"2025-03-16T11:07:59.482Z","username":"systemAdmin","role":"admin","email":"systemAdmin@gmail.com","phoneNumber":"","profilePic":"","createdAt":"2025-03-16T11:07:59.702Z","updatedAt":"2025-03-16T11:07:59.702Z"},{"id":"GUAMCTtadpRtL9jqzLSsoZGEXdJ2","username":"lucky ratha","role":"user","email":"lakarathalaka@gmail.com","profilePic":"https://lh3.googleusercontent.com/a/ACg8ocLblbq939-gVaDcS06NvF7V6e7KwR11_0Jpg42kKhFM3JQTPg=s96-c","createdAt":"2025-03-16T12:40:23.664Z","updatedAt":"2025-03-16T12:40:23.664Z"}]
2025-03-16T12:43:13.783Z info: MongoDB ::::: mongodb://mongodb:27017/test-super-market-03
2025-03-16T12:43:13.990Z info: MongoDB connected
2025-03-16T12:43:13.993Z info: Server running on port 3000
2025-03-16T12:43:14.011Z info: Admin user already exists
2025-03-16T12:43:14.011Z info: starterPack added successfully
2025-03-16T12:43:16.820Z info: listUsers::Users fetched successfully: [{"id":"2025-03-16T11:07:59.482Z","username":"systemAdmin","role":"admin","email":"systemAdmin@gmail.com","phoneNumber":"","profilePic":"","updatedAt":"2025-03-16T11:07:59.702Z"},{"id":"GUAMCTtadpRtL9jqzLSsoZGEXdJ2","username":"lucky ratha","role":"user","email":"lakarathalaka@gmail.com","profilePic":"https://lh3.googleusercontent.com/a/ACg8ocLblbq939-gVaDcS06NvF7V6e7KwR11_0Jpg42kKhFM3JQTPg=s96-c","updatedAt":"2025-03-16T12:40:23.664Z"}]
2025-03-16T12:43:50.828Z info: MongoDB ::::: mongodb://mongodb:27017/test-super-market-03
2025-03-16T12:43:51.048Z info: MongoDB connected
2025-03-16T12:43:51.050Z info: Server running on port 3000
2025-03-16T12:43:51.064Z info: Admin user already exists
2025-03-16T12:43:51.065Z info: starterPack added successfully
2025-03-16T12:43:52.717Z info: listUsers::Users fetched successfully: [{"id":"2025-03-16T11:07:59.482Z","username":"systemAdmin","role":"admin","email":"systemAdmin@gmail.com","phoneNumber":"","profilePic":""},{"id":"GUAMCTtadpRtL9jqzLSsoZGEXdJ2","username":"lucky ratha","role":"user","email":"lakarathalaka@gmail.com","profilePic":"https://lh3.googleusercontent.com/a/ACg8ocLblbq939-gVaDcS06NvF7V6e7KwR11_0Jpg42kKhFM3JQTPg=s96-c"}]
2025-03-16T12:48:20.872Z info: MongoDB ::::: mongodb://mongodb:27017/test-super-market-03
2025-03-16T12:48:21.110Z info: MongoDB connected
2025-03-16T12:48:21.112Z info: Server running on port 3000
2025-03-16T12:48:21.125Z info: Admin user already exists
2025-03-16T12:48:21.204Z info: starterPack added successfully
2025-03-16T12:48:26.737Z info: listUsers::Users fetched successfully: [{"id":"2025-03-16T11:07:59.482Z","username":"systemAdmin","role":"admin","email":"systemAdmin@gmail.com","phoneNumber":"","profilePic":""},{"id":"GUAMCTtadpRtL9jqzLSsoZGEXdJ2","username":"lucky ratha","role":"user","email":"lakarathalaka@gmail.com","profilePic":"https://lh3.googleusercontent.com/a/ACg8ocLblbq939-gVaDcS06NvF7V6e7KwR11_0Jpg42kKhFM3JQTPg=s96-c"},{"id":"2025-03-16T12:48:21.125Z","username":"lakshanSTPACK","role":"user","email":"lakshanSTPACK@gmail.com","phoneNumber":"","profilePic":""}]
2025-03-16T12:52:32.608Z info: MongoDB ::::: mongodb://mongodb:27017/test-super-market-03
2025-03-16T12:52:32.811Z info: MongoDB connected
2025-03-16T12:52:32.813Z info: Server running on port 3000
2025-03-16T12:52:32.826Z info: Admin user already exists
2025-03-16T12:52:32.906Z info: starterPack added successfully
2025-03-16T12:52:36.714Z info: listUsers::Users fetched successfully: [{"id":"2025-03-16T11:07:59.482Z","username":"systemAdmin","role":"admin","email":"systemAdmin@gmail.com","phoneNumber":"","profilePic":""},{"id":"GUAMCTtadpRtL9jqzLSsoZGEXdJ2","username":"lucky ratha","role":"user","email":"lakarathalaka@gmail.com","profilePic":"https://lh3.googleusercontent.com/a/ACg8ocLblbq939-gVaDcS06NvF7V6e7KwR11_0Jpg42kKhFM3JQTPg=s96-c"},{"id":"2025-03-16T12:48:21.125Z","username":"lakshanSTPACK","role":"user","email":"lakshanSTPACK@gmail.com","phoneNumber":"","profilePic":""},{"id":"2025-03-16T12:52:32.827Z","username":"lakshan1STPACK","role":"user","email":"lakshan1STPACK@gmail.com","phoneNumber":"","profilePic":""}]
2025-03-16T12:53:07.433Z info: MongoDB ::::: mongodb://mongodb:27017/test-super-market-03
2025-03-16T12:53:07.645Z info: MongoDB connected
2025-03-16T12:53:07.647Z info: Server running on port 3000
2025-03-16T12:53:07.657Z info: Admin user already exists
2025-03-16T12:53:07.730Z info: Customer  lakshan1 user already exists
2025-03-16T12:53:07.813Z info: starterPack added successfully
2025-03-16T12:53:09.244Z info: listUsers::Users fetched successfully: [{"id":"2025-03-16T11:07:59.482Z","username":"systemAdmin","role":"admin","email":"systemAdmin@gmail.com","phoneNumber":"","profilePic":""},{"id":"GUAMCTtadpRtL9jqzLSsoZGEXdJ2","username":"lucky ratha","role":"user","email":"lakarathalaka@gmail.com","profilePic":"https://lh3.googleusercontent.com/a/ACg8ocLblbq939-gVaDcS06NvF7V6e7KwR11_0Jpg42kKhFM3JQTPg=s96-c"},{"id":"2025-03-16T12:48:21.125Z","username":"lakshanSTPACK","role":"user","email":"lakshanSTPACK@gmail.com","phoneNumber":"","profilePic":""},{"id":"2025-03-16T12:52:32.827Z","username":"lakshan1STPACK","role":"user","email":"lakshan1STPACK@gmail.com","phoneNumber":"","profilePic":""},{"id":"2025-03-16T12:53:07.730Z","username":"surenSTPACK","role":"user","email":"surenSTPACK@gmail.com","phoneNumber":"","profilePic":""}]
2025-03-16T15:00:30.896Z info: MongoDB ::::: mongodb://mongodb:27017/test-super-market-03
2025-03-16T15:00:31.100Z info: MongoDB connected
2025-03-16T15:00:31.103Z info: Server running on port 3000
2025-03-16T15:00:31.114Z info: Admin user already exists
2025-03-16T15:00:31.185Z info: Customer  lakshan1 user already exists
2025-03-16T15:00:31.257Z info: Customer  suren user already exists
2025-03-16T15:00:31.257Z info: starterPack added successfully
2025-03-16T15:01:12.361Z error: authenticateJWT:: jwt expired
2025-03-16T15:02:20.772Z error: login:: Invalid password for user systemAdmin@gmail.com
2025-03-16T15:02:43.345Z info: login:: User systemAdmin@gmail.com logged in successfully
2025-03-16T15:03:01.652Z info: listUsers::Users fetched successfully: [{"id":"2025-03-16T11:07:59.482Z","username":"systemAdmin","role":"admin","email":"systemAdmin@gmail.com","phoneNumber":"","profilePic":""},{"id":"GUAMCTtadpRtL9jqzLSsoZGEXdJ2","username":"lucky ratha","role":"user","email":"lakarathalaka@gmail.com","profilePic":"https://lh3.googleusercontent.com/a/ACg8ocLblbq939-gVaDcS06NvF7V6e7KwR11_0Jpg42kKhFM3JQTPg=s96-c"},{"id":"2025-03-16T12:48:21.125Z","username":"lakshanSTPACK","role":"user","email":"lakshanSTPACK@gmail.com","phoneNumber":"","profilePic":""},{"id":"2025-03-16T12:52:32.827Z","username":"lakshan1STPACK","role":"user","email":"lakshan1STPACK@gmail.com","phoneNumber":"","profilePic":""},{"id":"2025-03-16T12:53:07.730Z","username":"surenSTPACK","role":"user","email":"surenSTPACK@gmail.com","phoneNumber":"","profilePic":""}]
2025-03-16T15:03:27.389Z info: createNewProduct::Product created successfully : {
  name: '1',
  price: 0,
  quantity: 0,
  cusine: [ 'string' ],
  brand: 'string',
  shop: 'string',
  image: 'string',
  discount: 0,
  timestamp: 0,
  additionalData: {
    color: 'string',
    expirationDate: 0,
    size: 'string',
    description: 'string'
  },
  id: 1742137407380,
  createdAt: 2025-03-16T15:03:27.382Z,
  updatedAt: 2025-03-16T15:03:27.382Z
}
2025-03-16T15:03:56.948Z info: updateProduct::Product updated successfully : {
  name: '12',
  price: 0,
  quantity: 0,
  cusine: [ 'string' ],
  brand: 'string',
  shop: 'string',
  image: 'string',
  discount: 0,
  timestamp: 0,
  additionalData: {
    color: 'string',
    expirationDate: 0,
    size: 'string',
    description: 'string'
  },
  id: 1742137407380,
  createdAt: 2025-03-16T15:03:27.382Z,
  updatedAt: 2025-03-16T15:03:56.942Z
}
2025-03-16T15:05:06.728Z info: deleteProduct::Product deleted successfully : {
  name: '12',
  price: 0,
  quantity: 0,
  cusine: [ 'string' ],
  brand: 'string',
  shop: 'string',
  image: 'string',
  discount: 0,
  timestamp: 0,
  additionalData: {
    color: 'string',
    expirationDate: 0,
    size: 'string',
    description: 'string'
  },
  id: 1742137407380,
  createdAt: 2025-03-16T15:03:27.382Z,
  updatedAt: 2025-03-16T15:03:56.942Z
}
2025-03-16T15:05:14.021Z info: listProducts::Products fetched successfully : 
2025-03-16T15:05:39.447Z info: filterProducts::Products fetched successfully
2025-03-16T15:06:02.031Z info: createNewProduct::Product created successfully : {
  name: '1',
  price: 0,
  quantity: 0,
  cusine: [ 'string' ],
  brand: 'string',
  shop: 'string',
  image: 'string',
  discount: 0,
  timestamp: 0,
  additionalData: {
    color: 'string',
    expirationDate: 0,
    size: 'string',
    description: 'string'
  },
  id: 1742137562027,
  createdAt: 2025-03-16T15:06:02.028Z,
  updatedAt: 2025-03-16T15:06:02.028Z
}
2025-03-16T15:06:17.457Z info: createNewProduct::Product created successfully : {
  name: '2',
  price: 0,
  quantity: 0,
  cusine: [ 'nu' ],
  brand: 'string',
  shop: 'string',
  image: 'string',
  discount: 0,
  timestamp: 0,
  additionalData: {
    color: 'string',
    expirationDate: 0,
    size: 'string',
    description: 'string'
  },
  id: 1742137577454,
  createdAt: 2025-03-16T15:06:17.455Z,
  updatedAt: 2025-03-16T15:06:17.455Z
}
2025-03-16T15:06:28.821Z info: createNewProduct::Product created successfully : {
  name: '3',
  price: 0,
  quantity: 0,
  cusine: [ 'nu' ],
  brand: 'string',
  shop: 'lk',
  image: 'string',
  discount: 0,
  timestamp: 0,
  additionalData: {
    color: 'string',
    expirationDate: 0,
    size: 'string',
    description: 'string'
  },
  id: 1742137588819,
  createdAt: 2025-03-16T15:06:28.819Z,
  updatedAt: 2025-03-16T15:06:28.819Z
}
2025-03-16T15:06:41.178Z info: createNewProduct::Product created successfully : {
  name: '4',
  price: 0,
  quantity: 0,
  cusine: [ 'nu' ],
  brand: 'lop',
  shop: 'lk',
  image: 'string',
  discount: 0,
  timestamp: 0,
  additionalData: {
    color: 'string',
    expirationDate: 0,
    size: 'string',
    description: 'string'
  },
  id: 1742137601176,
  createdAt: 2025-03-16T15:06:41.176Z,
  updatedAt: 2025-03-16T15:06:41.176Z
}
2025-03-16T15:06:50.168Z info: filterProducts::Products fetched successfully
2025-03-16T15:07:00.652Z info: filterProducts::Products fetched successfully
2025-03-16T15:07:41.690Z info: filterProducts::Products fetched successfully
2025-03-16T15:07:51.030Z info: filterProducts::Products fetched successfully
2025-03-16T15:08:14.872Z info: filterProducts::Products fetched successfully
2025-03-16T15:08:24.996Z error: ERROR::apiValidationHandler:  Expected double-quoted property name in JSON at position 39
2025-03-16T15:08:36.620Z error: ERROR::apiValidationHandler:  Expected double-quoted property name in JSON at position 39
2025-03-16T15:08:41.960Z info: filterProducts::Products fetched successfully
2025-03-16T15:30:55.181Z info: MongoDB ::::: mongodb://mongodb:27017/test-super-market-03
2025-03-16T15:30:55.403Z info: MongoDB connected
2025-03-16T15:30:55.405Z info: Server running on port 3000
2025-03-16T15:30:55.423Z info: Admin user already exists
2025-03-16T15:30:55.501Z info: Customer  lakshan1 user already exists
2025-03-16T15:30:55.581Z info: Customer  suren user already exists
2025-03-16T15:30:55.582Z info: starterPack added successfully
2025-03-16T15:31:04.138Z info: listProducts::Products fetched successfully : {
  name: '1',
  price: 0,
  quantity: 0,
  cusine: [ 'string' ],
  brand: 'string',
  shop: 'string',
  image: 'string',
  discount: 0,
  timestamp: 0,
  additionalData: {
    color: 'string',
    expirationDate: 0,
    size: 'string',
    description: 'string'
  },
  id: 1742137562027
},{
  name: '2',
  price: 0,
  quantity: 0,
  cusine: [ 'nu' ],
  brand: 'string',
  shop: 'string',
  image: 'string',
  discount: 0,
  timestamp: 0,
  additionalData: {
    color: 'string',
    expirationDate: 0,
    size: 'string',
    description: 'string'
  },
  id: 1742137577454
},{
  name: '3',
  price: 0,
  quantity: 0,
  cusine: [ 'nu' ],
  brand: 'string',
  shop: 'lk',
  image: 'string',
  discount: 0,
  timestamp: 0,
  additionalData: {
    color: 'string',
    expirationDate: 0,
    size: 'string',
    description: 'string'
  },
  id: 1742137588819
},{
  name: '4',
  price: 0,
  quantity: 0,
  cusine: [ 'nu' ],
  brand: 'lop',
  shop: 'lk',
  image: 'string',
  discount: 0,
  timestamp: 0,
  additionalData: {
    color: 'string',
    expirationDate: 0,
    size: 'string',
    description: 'string'
  },
  id: 1742137601176
},{
  id: 1,
  name: 'Margherita Pizza',
  price: 12.99,
  quantity: 50,
  cusine: [ 'Italian', 'Vegetarian' ],
  brand: 'Napoli Pizzeria',
  shop: 'Pizza Heaven',
  image: 'https://example.com/margherita.jpg',
  discount: 10,
  timestamp: 1710480000000,
  additionalData: {
    description: 'Classic margherita pizza with fresh tomatoes and basil.'
  }
},{
  id: 2,
  name: 'Samsung Galaxy S23',
  price: 899.99,
  quantity: 20,
  cusine: [],
  brand: 'Samsung',
  shop: 'Tech Hub',
  image: 'https://example.com/galaxy-s23.jpg',
  discount: 5,
  timestamp: 1710480000000,
  additionalData: { specs: { RAM: '8GB', Storage: '256GB' } }
},{
  id: 3,
  name: 'Nike Air Force 1',
  price: 120,
  quantity: 100,
  cusine: [],
  brand: 'Nike',
  shop: 'Sneaker World',
  image: 'https://example.com/air-force-1.jpg',
  discount: 15,
  timestamp: 1710480000000,
  additionalData: { size: [ 'US 7', 'US 8', 'US 9', 'US 10' ] }
},{
  id: 4,
  name: 'Espresso Coffee',
  price: 4.99,
  quantity: 200,
  cusine: [ 'Italian', 'Beverage' ],
  brand: 'StarBrew',
  shop: 'Coffee House',
  image: 'https://example.com/espresso.jpg',
  discount: 0,
  timestamp: 1710480000000,
  additionalData: { caffeine_content: 'High' }
},{
  id: 5,
  name: 'MacBook Pro 16-inch',
  price: 2499.99,
  quantity: 10,
  cusine: [],
  brand: 'Apple',
  shop: 'Apple Store',
  image: 'https://example.com/macbook-pro.jpg',
  discount: 8,
  timestamp: 1710480000000,
  additionalData: { specs: { Processor: 'M2 Pro', RAM: '16GB', Storage: '512GB SSD' } }
}
2025-03-16T15:49:13.531Z info: MongoDB ::::: mongodb://mongodb:27017/test-super-market-03
2025-03-16T15:49:13.762Z info: MongoDB connected
2025-03-16T15:49:13.765Z info: Server running on port 3000
2025-03-16T15:49:13.787Z info: Admin user already exists
2025-03-16T15:49:13.869Z info: Customer  lakshan1 user already exists
2025-03-16T15:49:13.943Z info: Customer  suren user already exists
2025-03-16T15:49:13.943Z info: starterPack added successfully
2025-03-16T15:49:37.399Z info: listProducts::Products fetched successfully : {
  name: '1',
  price: 0,
  quantity: 0,
  cusine: [ 'string' ],
  brand: 'string',
  shop: 'string',
  image: 'string',
  discount: 0,
  timestamp: 0,
  additionalData: {
    color: 'string',
    expirationDate: 0,
    size: 'string',
    description: 'string'
  },
  id: 1742137562027
},{
  name: '2',
  price: 0,
  quantity: 0,
  cusine: [ 'nu' ],
  brand: 'string',
  shop: 'string',
  image: 'string',
  discount: 0,
  timestamp: 0,
  additionalData: {
    color: 'string',
    expirationDate: 0,
    size: 'string',
    description: 'string'
  },
  id: 1742137577454
},{
  name: '3',
  price: 0,
  quantity: 0,
  cusine: [ 'nu' ],
  brand: 'string',
  shop: 'lk',
  image: 'string',
  discount: 0,
  timestamp: 0,
  additionalData: {
    color: 'string',
    expirationDate: 0,
    size: 'string',
    description: 'string'
  },
  id: 1742137588819
},{
  name: '4',
  price: 0,
  quantity: 0,
  cusine: [ 'nu' ],
  brand: 'lop',
  shop: 'lk',
  image: 'string',
  discount: 0,
  timestamp: 0,
  additionalData: {
    color: 'string',
    expirationDate: 0,
    size: 'string',
    description: 'string'
  },
  id: 1742137601176
},{
  id: 1,
  name: 'Margherita Pizza',
  price: 12.99,
  quantity: 50,
  cusine: [ 'Italian', 'Vegetarian' ],
  brand: 'Napoli Pizzeria',
  shop: 'Pizza Heaven',
  image: 'https://example.com/margherita.jpg',
  discount: 10,
  timestamp: 1710480000000,
  additionalData: {
    description: 'Classic margherita pizza with fresh tomatoes and basil.'
  }
},{
  id: 2,
  name: 'Samsung Galaxy S23',
  price: 899.99,
  quantity: 20,
  cusine: [],
  brand: 'Samsung',
  shop: 'Tech Hub',
  image: 'https://example.com/galaxy-s23.jpg',
  discount: 5,
  timestamp: 1710480000000,
  additionalData: { specs: { RAM: '8GB', Storage: '256GB' } }
},{
  id: 3,
  name: 'Nike Air Force 1',
  price: 120,
  quantity: 100,
  cusine: [],
  brand: 'Nike',
  shop: 'Sneaker World',
  image: 'https://example.com/air-force-1.jpg',
  discount: 15,
  timestamp: 1710480000000,
  additionalData: { size: [ 'US 7', 'US 8', 'US 9', 'US 10' ] }
},{
  id: 4,
  name: 'Espresso Coffee',
  price: 4.99,
  quantity: 200,
  cusine: [ 'Italian', 'Beverage' ],
  brand: 'StarBrew',
  shop: 'Coffee House',
  image: 'https://example.com/espresso.jpg',
  discount: 0,
  timestamp: 1710480000000,
  additionalData: { caffeine_content: 'High' }
},{
  id: 5,
  name: 'MacBook Pro 16-inch',
  price: 2499.99,
  quantity: 10,
  cusine: [],
  brand: 'Apple',
  shop: 'Apple Store',
  image: 'https://example.com/macbook-pro.jpg',
  discount: 8,
  timestamp: 1710480000000,
  additionalData: { specs: { Processor: 'M2 Pro', RAM: '16GB', Storage: '512GB SSD' } }
}
2025-03-16T15:52:15.562Z info: MongoDB ::::: mongodb://mongodb:27017/test-super-market-03
2025-03-16T15:52:15.769Z info: MongoDB connected
2025-03-16T15:52:15.771Z info: Server running on port 3000
2025-03-16T15:52:15.788Z info: Admin user already exists
2025-03-16T15:52:15.865Z info: Customer  lakshan1 user already exists
2025-03-16T15:52:15.952Z info: Customer  suren user already exists
2025-03-16T15:52:15.952Z info: starterPack added successfully
2025-03-16T15:52:33.395Z info: listProducts::Products fetched successfully : {
  name: '1',
  price: 0,
  quantity: 0,
  cusine: [ 'string' ],
  brand: 'string',
  shop: 'string',
  image: 'string',
  discount: 0,
  timestamp: 0,
  additionalData: {
    color: 'string',
    expirationDate: 0,
    size: 'string',
    description: 'string'
  },
  id: 1742137562027
},{
  name: '2',
  price: 0,
  quantity: 0,
  cusine: [ 'nu' ],
  brand: 'string',
  shop: 'string',
  image: 'string',
  discount: 0,
  timestamp: 0,
  additionalData: {
    color: 'string',
    expirationDate: 0,
    size: 'string',
    description: 'string'
  },
  id: 1742137577454
},{
  name: '3',
  price: 0,
  quantity: 0,
  cusine: [ 'nu' ],
  brand: 'string',
  shop: 'lk',
  image: 'string',
  discount: 0,
  timestamp: 0,
  additionalData: {
    color: 'string',
    expirationDate: 0,
    size: 'string',
    description: 'string'
  },
  id: 1742137588819
},{
  name: '4',
  price: 0,
  quantity: 0,
  cusine: [ 'nu' ],
  brand: 'lop',
  shop: 'lk',
  image: 'string',
  discount: 0,
  timestamp: 0,
  additionalData: {
    color: 'string',
    expirationDate: 0,
    size: 'string',
    description: 'string'
  },
  id: 1742137601176
},{
  id: 1,
  name: 'Margherita Pizza',
  price: 12.99,
  quantity: 50,
  cusine: [ 'Italian', 'Vegetarian' ],
  brand: 'Napoli Pizzeria',
  shop: 'Pizza Heaven',
  image: 'https://example.com/margherita.jpg',
  discount: 10,
  timestamp: 1710480000000,
  additionalData: {
    description: 'Classic margherita pizza with fresh tomatoes and basil.'
  }
},{
  id: 2,
  name: 'Samsung Galaxy S23',
  price: 899.99,
  quantity: 20,
  cusine: [],
  brand: 'Samsung',
  shop: 'Tech Hub',
  image: 'https://example.com/galaxy-s23.jpg',
  discount: 5,
  timestamp: 1710480000000,
  additionalData: { specs: { RAM: '8GB', Storage: '256GB' } }
},{
  id: 3,
  name: 'Nike Air Force 1',
  price: 120,
  quantity: 100,
  cusine: [],
  brand: 'Nike',
  shop: 'Sneaker World',
  image: 'https://example.com/air-force-1.jpg',
  discount: 15,
  timestamp: 1710480000000,
  additionalData: { size: [ 'US 7', 'US 8', 'US 9', 'US 10' ] }
},{
  id: 4,
  name: 'Espresso Coffee',
  price: 4.99,
  quantity: 200,
  cusine: [ 'Italian', 'Beverage' ],
  brand: 'StarBrew',
  shop: 'Coffee House',
  image: 'https://example.com/espresso.jpg',
  discount: 0,
  timestamp: 1710480000000,
  additionalData: { caffeine_content: 'High' }
},{
  id: 5,
  name: 'MacBook Pro 16-inch',
  price: 2499.99,
  quantity: 10,
  cusine: [],
  brand: 'Apple',
  shop: 'Apple Store',
  image: 'https://example.com/macbook-pro.jpg',
  discount: 8,
  timestamp: 1710480000000,
  additionalData: { specs: { Processor: 'M2 Pro', RAM: '16GB', Storage: '512GB SSD' } }
}
2025-03-16T15:53:08.454Z error: authenticateJWT:: jwt expired
2025-03-16T15:53:44.792Z info: listCuisines::Cuisines fetched successfully : []
2025-03-16T15:53:52.336Z error: createNewCuisine:: ValidationError: timestamp: Path `timestamp` is required.
2025-03-16T15:54:08.023Z error: createNewCuisine:: ValidationError: timestamp: Path `timestamp` is required.
2025-03-16T15:55:05.140Z info: MongoDB ::::: mongodb://mongodb:27017/test-super-market-03
2025-03-16T15:55:05.349Z info: MongoDB connected
2025-03-16T15:55:05.351Z info: Server running on port 3000
2025-03-16T15:55:05.369Z info: Admin user already exists
2025-03-16T15:55:05.444Z info: Customer  lakshan1 user already exists
2025-03-16T15:55:05.517Z info: Customer  suren user already exists
2025-03-16T15:55:05.517Z info: starterPack added successfully
2025-03-16T15:55:13.884Z info: listCuisines::Cuisines fetched successfully : []
2025-03-16T15:55:16.293Z error: ERROR::apiValidationHandler:  request/body must have required property 'timestamp'
2025-03-16T15:55:27.619Z info: createNewCuisine::Cuisine created successfully : {"name":"staadring","timestamp":12,"createdAt":"2025-03-16T15:55:27.602Z","updatedAt":"2025-03-16T15:55:27.602Z"}
2025-03-16T15:59:59.178Z info: MongoDB ::::: mongodb://mongodb:27017/test-super-market-03
2025-03-16T15:59:59.386Z info: MongoDB connected
2025-03-16T15:59:59.391Z info: Server running on port 3000
2025-03-16T15:59:59.411Z info: Admin user already exists
2025-03-16T15:59:59.511Z info: Customer  lakshan1 user already exists
2025-03-16T15:59:59.587Z info: Customer  suren user already exists
2025-03-16T15:59:59.587Z info: starterPack added successfully
2025-03-16T16:00:16.687Z info: listCuisines::Cuisines fetched successfully : [{"name":"staadring","timestamp":12}]
2025-03-16T16:00:41.722Z error: ERROR::apiValidationHandler:  request/body must have required property 'timestamp'
2025-03-16T16:00:51.063Z info: updateCuisine::Cuisine updated successfully : {
  name: 'lop',
  timestamp: 0,
  createdAt: 2025-03-16T15:55:27.602Z,
  updatedAt: 2025-03-16T16:00:51.058Z
}
2025-03-16T16:01:00.030Z info: listCuisines::Cuisines fetched successfully : [{"name":"lop","timestamp":0}]
2025-03-16T16:01:15.403Z info: deleteCuisine::Cuisine deleted successfully : {
  name: 'lop',
  timestamp: 0,
  createdAt: 2025-03-16T15:55:27.602Z,
  updatedAt: 2025-03-16T16:00:51.058Z
}
2025-03-16T16:01:23.242Z info: listCuisines::Cuisines fetched successfully : []
2025-03-16T16:04:23.546Z info: MongoDB ::::: mongodb://mongodb:27017/test-super-market-03
2025-03-16T16:04:23.779Z info: MongoDB connected
2025-03-16T16:04:23.782Z info: Server running on port 3000
2025-03-16T16:04:23.795Z info: Admin user already exists
2025-03-16T16:04:23.868Z info: Customer  lakshan1 user already exists
2025-03-16T16:04:23.946Z info: Customer  suren user already exists
2025-03-16T16:04:23.947Z info: starterPack added successfully
2025-03-16T16:04:53.767Z info: MongoDB ::::: mongodb://mongodb:27017/test-super-market-03
2025-03-16T16:04:53.985Z info: MongoDB connected
2025-03-16T16:04:53.987Z info: Server running on port 3000
2025-03-16T16:04:54.015Z info: Admin user already exists
2025-03-16T16:04:54.097Z info: Customer  lakshan1 user already exists
2025-03-16T16:04:54.168Z info: Customer  suren user already exists
2025-03-16T16:04:54.169Z info: starterPack added successfully
2025-03-16T16:10:06.674Z info: MongoDB ::::: mongodb://mongodb:27017/test-super-market-03
2025-03-16T16:10:06.883Z info: MongoDB connected
2025-03-16T16:10:06.885Z info: Server running on port 3000
2025-03-16T16:10:06.897Z info: Admin user already exists
2025-03-16T16:10:06.969Z info: Customer  lakshan1 user already exists
2025-03-16T16:10:07.050Z info: Customer  suren user already exists
2025-03-16T16:10:07.051Z info: starterPack added successfully
2025-03-16T16:10:10.985Z info: listCuisines::Cuisines fetched successfully : [{"name":"Italian","timestamp":1742141407051},{"name":"Vegetarian","timestamp":1742141407051},{"name":"Beverage","timestamp":1742141407051}]
2025-03-16T16:10:26.558Z info: MongoDB ::::: mongodb://mongodb:27017/test-super-market-03
2025-03-16T16:10:26.770Z info: MongoDB connected
2025-03-16T16:10:26.772Z info: Server running on port 3000
2025-03-16T16:10:26.783Z info: Admin user already exists
2025-03-16T16:10:26.864Z info: Customer  lakshan1 user already exists
2025-03-16T16:10:26.942Z info: Customer  suren user already exists
2025-03-16T16:10:26.943Z info: starterPack added successfully
2025-03-16T16:10:29.194Z info: listCuisines::Cuisines fetched successfully : [{"name":"Italian","timestamp":1742141426943},{"name":"Vegetarian","timestamp":1742141426943},{"name":"Beverage","timestamp":1742141426943}]
2025-03-18T15:50:57.918Z info: MongoDB ::::: mongodb://localhost:27017/test-super-market
2025-03-18T15:50:58.175Z info: MongoDB connected
2025-03-18T15:51:45.256Z info: MongoDB ::::: mongodb://localhost:27017/test-super-market
2025-03-18T15:51:45.473Z info: MongoDB connected
2025-03-18T15:51:45.475Z info: Server running on port 3000
2025-03-18T15:51:45.765Z info: starterPack added successfully
2025-03-18T15:58:18.390Z info: listShops::Shops fetched successfully : []
2025-03-18T15:58:19.361Z info: listShops::Shops fetched successfully : []
2025-03-18T15:58:31.365Z info: listShops::Shops fetched successfully : []
2025-03-18T15:58:50.493Z info: listShops::Shops fetched successfully : []
2025-03-18T15:59:02.244Z info: login:: User systemAdmin@gmail.com logged in successfully
2025-03-18T15:59:02.913Z info: listShops::Shops fetched successfully : []
2025-03-18T16:00:00.776Z info: MongoDB ::::: mongodb://localhost:27017/test-super-market
2025-03-18T16:00:01.016Z info: MongoDB connected
2025-03-18T16:00:01.020Z info: Server running on port 3000
2025-03-18T16:00:01.028Z info: Admin user already exists
2025-03-18T16:00:01.110Z info: Customer  lakshan1 user already exists
2025-03-18T16:00:01.183Z info: Customer  suren user already exists
2025-03-18T16:00:01.184Z info: starterPack added successfully
2025-03-18T16:00:13.155Z info: login:: User systemAdmin@gmail.com logged in successfully
2025-03-18T16:00:13.881Z info: listShops::Shops fetched successfully : []
2025-03-18T16:00:29.867Z error: ERROR::apiValidationHandler:  Unexpected token '"', ""{\"name\""... is not valid JSON
2025-03-18T16:00:30.875Z error: ERROR::apiValidationHandler:  Unexpected token '"', ""{\"name\""... is not valid JSON
2025-03-18T16:00:31.883Z error: ERROR::apiValidationHandler:  Unexpected token '"', ""{\"name\""... is not valid JSON
2025-03-18T16:02:45.371Z info: listShops::Shops fetched successfully : []
2025-03-18T16:02:47.361Z info: listShops::Shops fetched successfully : []
2025-03-18T16:03:19.045Z info: createNewShop::Shop created successfully : {"name":"suren bandara","vendorName":"dsdsd","vendorEmai":"bandaradpsd.19@uom.lk","category":"restaurants","vendorPhoneNumber":"+94712303075","timestamp":1742313798517,"createdAt":"2025-03-18T16:03:19.041Z","updatedAt":"2025-03-18T16:03:19.041Z"}
2025-03-18T16:03:25.136Z info: listShops::Shops fetched successfully : [{"name":"suren bandara","vendorName":"dsdsd","vendorEmai":"bandaradpsd.19@uom.lk","category":"restaurants","vendorPhoneNumber":"+94712303075","timestamp":1742313798517,"createdAt":"2025-03-18T16:03:19.041Z","updatedAt":"2025-03-18T16:03:19.041Z"}]
2025-03-18T16:03:45.271Z info: listShops::Shops fetched successfully : [{"name":"suren bandara","vendorName":"dsdsd","vendorEmai":"bandaradpsd.19@uom.lk","category":"restaurants","vendorPhoneNumber":"+94712303075","timestamp":1742313798517,"createdAt":"2025-03-18T16:03:19.041Z","updatedAt":"2025-03-18T16:03:19.041Z"}]
2025-03-18T16:05:10.277Z info: listShops::Shops fetched successfully : [{"name":"suren bandara","vendorName":"dsdsd","vendorEmai":"bandaradpsd.19@uom.lk","category":"restaurants","vendorPhoneNumber":"+94712303075","timestamp":1742313798517,"createdAt":"2025-03-18T16:03:19.041Z","updatedAt":"2025-03-18T16:03:19.041Z"}]
2025-03-18T16:05:13.107Z info: listShops::Shops fetched successfully : [{"name":"suren bandara","vendorName":"dsdsd","vendorEmai":"bandaradpsd.19@uom.lk","category":"restaurants","vendorPhoneNumber":"+94712303075","timestamp":1742313798517,"createdAt":"2025-03-18T16:03:19.041Z","updatedAt":"2025-03-18T16:03:19.041Z"}]
2025-03-18T16:06:26.973Z info: listShops::Shops fetched successfully : [{"name":"suren bandara","vendorName":"dsdsd","vendorEmai":"bandaradpsd.19@uom.lk","category":"restaurants","vendorPhoneNumber":"+94712303075","timestamp":1742313798517,"createdAt":"2025-03-18T16:03:19.041Z","updatedAt":"2025-03-18T16:03:19.041Z"}]
2025-03-18T16:08:11.927Z info: listShops::Shops fetched successfully : [{"name":"suren bandara","vendorName":"dsdsd","vendorEmai":"bandaradpsd.19@uom.lk","category":"restaurants","vendorPhoneNumber":"+94712303075","timestamp":1742313798517,"createdAt":"2025-03-18T16:03:19.041Z","updatedAt":"2025-03-18T16:03:19.041Z"}]
2025-03-18T16:08:14.616Z info: listShops::Shops fetched successfully : [{"name":"suren bandara","vendorName":"dsdsd","vendorEmai":"bandaradpsd.19@uom.lk","category":"restaurants","vendorPhoneNumber":"+94712303075","timestamp":1742313798517,"createdAt":"2025-03-18T16:03:19.041Z","updatedAt":"2025-03-18T16:03:19.041Z"}]
2025-03-18T16:08:20.690Z info: listShops::Shops fetched successfully : [{"name":"suren bandara","vendorName":"dsdsd","vendorEmai":"bandaradpsd.19@uom.lk","category":"restaurants","vendorPhoneNumber":"+94712303075","timestamp":1742313798517,"createdAt":"2025-03-18T16:03:19.041Z","updatedAt":"2025-03-18T16:03:19.041Z"}]
2025-03-18T16:08:24.859Z info: listShops::Shops fetched successfully : [{"name":"suren bandara","vendorName":"dsdsd","vendorEmai":"bandaradpsd.19@uom.lk","category":"restaurants","vendorPhoneNumber":"+94712303075","timestamp":1742313798517,"createdAt":"2025-03-18T16:03:19.041Z","updatedAt":"2025-03-18T16:03:19.041Z"}]
2025-03-18T16:08:27.909Z info: listShops::Shops fetched successfully : [{"name":"suren bandara","vendorName":"dsdsd","vendorEmai":"bandaradpsd.19@uom.lk","category":"restaurants","vendorPhoneNumber":"+94712303075","timestamp":1742313798517,"createdAt":"2025-03-18T16:03:19.041Z","updatedAt":"2025-03-18T16:03:19.041Z"}]
2025-03-18T16:08:29.865Z info: listShops::Shops fetched successfully : [{"name":"suren bandara","vendorName":"dsdsd","vendorEmai":"bandaradpsd.19@uom.lk","category":"restaurants","vendorPhoneNumber":"+94712303075","timestamp":1742313798517,"createdAt":"2025-03-18T16:03:19.041Z","updatedAt":"2025-03-18T16:03:19.041Z"}]
2025-03-18T16:08:32.391Z info: listShops::Shops fetched successfully : [{"name":"suren bandara","vendorName":"dsdsd","vendorEmai":"bandaradpsd.19@uom.lk","category":"restaurants","vendorPhoneNumber":"+94712303075","timestamp":1742313798517,"createdAt":"2025-03-18T16:03:19.041Z","updatedAt":"2025-03-18T16:03:19.041Z"}]
2025-03-18T16:08:34.917Z info: listShops::Shops fetched successfully : [{"name":"suren bandara","vendorName":"dsdsd","vendorEmai":"bandaradpsd.19@uom.lk","category":"restaurants","vendorPhoneNumber":"+94712303075","timestamp":1742313798517,"createdAt":"2025-03-18T16:03:19.041Z","updatedAt":"2025-03-18T16:03:19.041Z"}]
2025-03-18T16:08:55.380Z info: listShops::Shops fetched successfully : [{"name":"suren bandara","vendorName":"dsdsd","vendorEmai":"bandaradpsd.19@uom.lk","category":"restaurants","vendorPhoneNumber":"+94712303075","timestamp":1742313798517,"createdAt":"2025-03-18T16:03:19.041Z","updatedAt":"2025-03-18T16:03:19.041Z"}]
2025-03-18T16:08:58.927Z info: listShops::Shops fetched successfully : [{"name":"suren bandara","vendorName":"dsdsd","vendorEmai":"bandaradpsd.19@uom.lk","category":"restaurants","vendorPhoneNumber":"+94712303075","timestamp":1742313798517,"createdAt":"2025-03-18T16:03:19.041Z","updatedAt":"2025-03-18T16:03:19.041Z"}]
2025-03-18T16:09:03.533Z info: listShops::Shops fetched successfully : [{"name":"suren bandara","vendorName":"dsdsd","vendorEmai":"bandaradpsd.19@uom.lk","category":"restaurants","vendorPhoneNumber":"+94712303075","timestamp":1742313798517,"createdAt":"2025-03-18T16:03:19.041Z","updatedAt":"2025-03-18T16:03:19.041Z"}]
2025-03-18T16:09:09.594Z info: listShops::Shops fetched successfully : [{"name":"suren bandara","vendorName":"dsdsd","vendorEmai":"bandaradpsd.19@uom.lk","category":"restaurants","vendorPhoneNumber":"+94712303075","timestamp":1742313798517,"createdAt":"2025-03-18T16:03:19.041Z","updatedAt":"2025-03-18T16:03:19.041Z"}]
2025-03-18T16:09:11.830Z info: listShops::Shops fetched successfully : [{"name":"suren bandara","vendorName":"dsdsd","vendorEmai":"bandaradpsd.19@uom.lk","category":"restaurants","vendorPhoneNumber":"+94712303075","timestamp":1742313798517,"createdAt":"2025-03-18T16:03:19.041Z","updatedAt":"2025-03-18T16:03:19.041Z"}]
2025-03-18T16:09:32.033Z info: listShops::Shops fetched successfully : [{"name":"suren bandara","vendorName":"dsdsd","vendorEmai":"bandaradpsd.19@uom.lk","category":"restaurants","vendorPhoneNumber":"+94712303075","timestamp":1742313798517,"createdAt":"2025-03-18T16:03:19.041Z","updatedAt":"2025-03-18T16:03:19.041Z"}]
2025-03-18T16:09:35.760Z info: listShops::Shops fetched successfully : [{"name":"suren bandara","vendorName":"dsdsd","vendorEmai":"bandaradpsd.19@uom.lk","category":"restaurants","vendorPhoneNumber":"+94712303075","timestamp":1742313798517,"createdAt":"2025-03-18T16:03:19.041Z","updatedAt":"2025-03-18T16:03:19.041Z"}]
2025-03-18T16:09:39.885Z info: listShops::Shops fetched successfully : [{"name":"suren bandara","vendorName":"dsdsd","vendorEmai":"bandaradpsd.19@uom.lk","category":"restaurants","vendorPhoneNumber":"+94712303075","timestamp":1742313798517,"createdAt":"2025-03-18T16:03:19.041Z","updatedAt":"2025-03-18T16:03:19.041Z"}]
2025-03-18T16:09:42.071Z info: listShops::Shops fetched successfully : [{"name":"suren bandara","vendorName":"dsdsd","vendorEmai":"bandaradpsd.19@uom.lk","category":"restaurants","vendorPhoneNumber":"+94712303075","timestamp":1742313798517,"createdAt":"2025-03-18T16:03:19.041Z","updatedAt":"2025-03-18T16:03:19.041Z"}]
2025-03-18T16:09:45.883Z info: listShops::Shops fetched successfully : [{"name":"suren bandara","vendorName":"dsdsd","vendorEmai":"bandaradpsd.19@uom.lk","category":"restaurants","vendorPhoneNumber":"+94712303075","timestamp":1742313798517,"createdAt":"2025-03-18T16:03:19.041Z","updatedAt":"2025-03-18T16:03:19.041Z"}]
2025-03-18T16:09:48.556Z info: listShops::Shops fetched successfully : [{"name":"suren bandara","vendorName":"dsdsd","vendorEmai":"bandaradpsd.19@uom.lk","category":"restaurants","vendorPhoneNumber":"+94712303075","timestamp":1742313798517,"createdAt":"2025-03-18T16:03:19.041Z","updatedAt":"2025-03-18T16:03:19.041Z"}]
2025-03-18T16:10:13.710Z info: listShops::Shops fetched successfully : [{"name":"suren bandara","vendorName":"dsdsd","vendorEmai":"bandaradpsd.19@uom.lk","category":"restaurants","vendorPhoneNumber":"+94712303075","timestamp":1742313798517,"createdAt":"2025-03-18T16:03:19.041Z","updatedAt":"2025-03-18T16:03:19.041Z"}]
2025-03-18T16:10:17.011Z info: listShops::Shops fetched successfully : [{"name":"suren bandara","vendorName":"dsdsd","vendorEmai":"bandaradpsd.19@uom.lk","category":"restaurants","vendorPhoneNumber":"+94712303075","timestamp":1742313798517,"createdAt":"2025-03-18T16:03:19.041Z","updatedAt":"2025-03-18T16:03:19.041Z"}]
2025-03-18T16:10:26.658Z info: listShops::Shops fetched successfully : [{"name":"suren bandara","vendorName":"dsdsd","vendorEmai":"bandaradpsd.19@uom.lk","category":"restaurants","vendorPhoneNumber":"+94712303075","timestamp":1742313798517,"createdAt":"2025-03-18T16:03:19.041Z","updatedAt":"2025-03-18T16:03:19.041Z"}]
2025-03-18T16:10:40.109Z info: createNewShop::Shop created successfully : {"name":"suren bandarad","vendorName":"ddsds","vendorEmai":"bandaradpddsd.19@uom.lk","category":"restaurants","vendorPhoneNumber":"+94712303075","timestamp":1742314239595,"createdAt":"2025-03-18T16:10:40.107Z","updatedAt":"2025-03-18T16:10:40.107Z"}
2025-03-18T16:10:40.712Z info: listShops::Shops fetched successfully : [{"name":"suren bandara","vendorName":"dsdsd","vendorEmai":"bandaradpsd.19@uom.lk","category":"restaurants","vendorPhoneNumber":"+94712303075","timestamp":1742313798517,"createdAt":"2025-03-18T16:03:19.041Z","updatedAt":"2025-03-18T16:03:19.041Z"},{"name":"suren bandarad","vendorName":"ddsds","vendorEmai":"bandaradpddsd.19@uom.lk","category":"restaurants","vendorPhoneNumber":"+94712303075","timestamp":1742314239595,"createdAt":"2025-03-18T16:10:40.107Z","updatedAt":"2025-03-18T16:10:40.107Z"}]
2025-03-18T16:11:00.184Z info: listShops::Shops fetched successfully : [{"name":"suren bandara","vendorName":"dsdsd","vendorEmai":"bandaradpsd.19@uom.lk","category":"restaurants","vendorPhoneNumber":"+94712303075","timestamp":1742313798517,"createdAt":"2025-03-18T16:03:19.041Z","updatedAt":"2025-03-18T16:03:19.041Z"},{"name":"suren bandarad","vendorName":"ddsds","vendorEmai":"bandaradpddsd.19@uom.lk","category":"restaurants","vendorPhoneNumber":"+94712303075","timestamp":1742314239595,"createdAt":"2025-03-18T16:10:40.107Z","updatedAt":"2025-03-18T16:10:40.107Z"}]
2025-03-18T16:11:18.765Z info: listShops::Shops fetched successfully : [{"name":"suren bandara","vendorName":"dsdsd","vendorEmai":"bandaradpsd.19@uom.lk","category":"restaurants","vendorPhoneNumber":"+94712303075","timestamp":1742313798517,"createdAt":"2025-03-18T16:03:19.041Z","updatedAt":"2025-03-18T16:03:19.041Z"},{"name":"suren bandarad","vendorName":"ddsds","vendorEmai":"bandaradpddsd.19@uom.lk","category":"restaurants","vendorPhoneNumber":"+94712303075","timestamp":1742314239595,"createdAt":"2025-03-18T16:10:40.107Z","updatedAt":"2025-03-18T16:10:40.107Z"}]
2025-03-18T16:11:27.907Z info: listShops::Shops fetched successfully : [{"name":"suren bandara","vendorName":"dsdsd","vendorEmai":"bandaradpsd.19@uom.lk","category":"restaurants","vendorPhoneNumber":"+94712303075","timestamp":1742313798517,"createdAt":"2025-03-18T16:03:19.041Z","updatedAt":"2025-03-18T16:03:19.041Z"},{"name":"suren bandarad","vendorName":"ddsds","vendorEmai":"bandaradpddsd.19@uom.lk","category":"restaurants","vendorPhoneNumber":"+94712303075","timestamp":1742314239595,"createdAt":"2025-03-18T16:10:40.107Z","updatedAt":"2025-03-18T16:10:40.107Z"}]
2025-03-18T16:13:57.450Z info: listShops::Shops fetched successfully : [{"name":"suren bandara","vendorName":"dsdsd","vendorEmai":"bandaradpsd.19@uom.lk","category":"restaurants","vendorPhoneNumber":"+94712303075","timestamp":1742313798517,"createdAt":"2025-03-18T16:03:19.041Z","updatedAt":"2025-03-18T16:03:19.041Z"},{"name":"suren bandarad","vendorName":"ddsds","vendorEmai":"bandaradpddsd.19@uom.lk","category":"restaurants","vendorPhoneNumber":"+94712303075","timestamp":1742314239595,"createdAt":"2025-03-18T16:10:40.107Z","updatedAt":"2025-03-18T16:10:40.107Z"}]
2025-03-18T16:13:58.186Z info: listShops::Shops fetched successfully : [{"name":"suren bandara","vendorName":"dsdsd","vendorEmai":"bandaradpsd.19@uom.lk","category":"restaurants","vendorPhoneNumber":"+94712303075","timestamp":1742313798517,"createdAt":"2025-03-18T16:03:19.041Z","updatedAt":"2025-03-18T16:03:19.041Z"},{"name":"suren bandarad","vendorName":"ddsds","vendorEmai":"bandaradpddsd.19@uom.lk","category":"restaurants","vendorPhoneNumber":"+94712303075","timestamp":1742314239595,"createdAt":"2025-03-18T16:10:40.107Z","updatedAt":"2025-03-18T16:10:40.107Z"}]
2025-03-18T16:14:00.173Z info: listShops::Shops fetched successfully : [{"name":"suren bandara","vendorName":"dsdsd","vendorEmai":"bandaradpsd.19@uom.lk","category":"restaurants","vendorPhoneNumber":"+94712303075","timestamp":1742313798517,"createdAt":"2025-03-18T16:03:19.041Z","updatedAt":"2025-03-18T16:03:19.041Z"},{"name":"suren bandarad","vendorName":"ddsds","vendorEmai":"bandaradpddsd.19@uom.lk","category":"restaurants","vendorPhoneNumber":"+94712303075","timestamp":1742314239595,"createdAt":"2025-03-18T16:10:40.107Z","updatedAt":"2025-03-18T16:10:40.107Z"}]
2025-03-18T16:14:33.381Z info: listShops::Shops fetched successfully : [{"name":"suren bandara","vendorName":"dsdsd","vendorEmai":"bandaradpsd.19@uom.lk","category":"restaurants","vendorPhoneNumber":"+94712303075","timestamp":1742313798517,"createdAt":"2025-03-18T16:03:19.041Z","updatedAt":"2025-03-18T16:03:19.041Z"},{"name":"suren bandarad","vendorName":"ddsds","vendorEmai":"bandaradpddsd.19@uom.lk","category":"restaurants","vendorPhoneNumber":"+94712303075","timestamp":1742314239595,"createdAt":"2025-03-18T16:10:40.107Z","updatedAt":"2025-03-18T16:10:40.107Z"}]
2025-03-18T16:17:52.176Z info: listShops::Shops fetched successfully : [{"name":"suren bandara","vendorName":"dsdsd","vendorEmai":"bandaradpsd.19@uom.lk","category":"restaurants","vendorPhoneNumber":"+94712303075","timestamp":1742313798517,"createdAt":"2025-03-18T16:03:19.041Z","updatedAt":"2025-03-18T16:03:19.041Z"},{"name":"suren bandarad","vendorName":"ddsds","vendorEmai":"bandaradpddsd.19@uom.lk","category":"restaurants","vendorPhoneNumber":"+94712303075","timestamp":1742314239595,"createdAt":"2025-03-18T16:10:40.107Z","updatedAt":"2025-03-18T16:10:40.107Z"}]
2025-03-18T16:18:42.881Z info: listShops::Shops fetched successfully : [{"name":"suren bandara","vendorName":"dsdsd","vendorEmai":"bandaradpsd.19@uom.lk","category":"restaurants","vendorPhoneNumber":"+94712303075","timestamp":1742313798517,"createdAt":"2025-03-18T16:03:19.041Z","updatedAt":"2025-03-18T16:03:19.041Z"},{"name":"suren bandarad","vendorName":"ddsds","vendorEmai":"bandaradpddsd.19@uom.lk","category":"restaurants","vendorPhoneNumber":"+94712303075","timestamp":1742314239595,"createdAt":"2025-03-18T16:10:40.107Z","updatedAt":"2025-03-18T16:10:40.107Z"}]
2025-03-18T16:21:26.229Z info: listShops::Shops fetched successfully : [{"name":"suren bandara","vendorName":"dsdsd","vendorEmai":"bandaradpsd.19@uom.lk","category":"restaurants","vendorPhoneNumber":"+94712303075","timestamp":1742313798517,"createdAt":"2025-03-18T16:03:19.041Z","updatedAt":"2025-03-18T16:03:19.041Z"},{"name":"suren bandarad","vendorName":"ddsds","vendorEmai":"bandaradpddsd.19@uom.lk","category":"restaurants","vendorPhoneNumber":"+94712303075","timestamp":1742314239595,"createdAt":"2025-03-18T16:10:40.107Z","updatedAt":"2025-03-18T16:10:40.107Z"}]
2025-03-18T16:23:14.483Z info: listShops::Shops fetched successfully : [{"name":"suren bandara","vendorName":"dsdsd","vendorEmai":"bandaradpsd.19@uom.lk","category":"restaurants","vendorPhoneNumber":"+94712303075","timestamp":1742313798517,"createdAt":"2025-03-18T16:03:19.041Z","updatedAt":"2025-03-18T16:03:19.041Z"},{"name":"suren bandarad","vendorName":"ddsds","vendorEmai":"bandaradpddsd.19@uom.lk","category":"restaurants","vendorPhoneNumber":"+94712303075","timestamp":1742314239595,"createdAt":"2025-03-18T16:10:40.107Z","updatedAt":"2025-03-18T16:10:40.107Z"}]
2025-03-18T16:23:24.832Z info: listShops::Shops fetched successfully : [{"name":"suren bandara","vendorName":"dsdsd","vendorEmai":"bandaradpsd.19@uom.lk","category":"restaurants","vendorPhoneNumber":"+94712303075","timestamp":1742313798517,"createdAt":"2025-03-18T16:03:19.041Z","updatedAt":"2025-03-18T16:03:19.041Z"},{"name":"suren bandarad","vendorName":"ddsds","vendorEmai":"bandaradpddsd.19@uom.lk","category":"restaurants","vendorPhoneNumber":"+94712303075","timestamp":1742314239595,"createdAt":"2025-03-18T16:10:40.107Z","updatedAt":"2025-03-18T16:10:40.107Z"}]
2025-03-18T16:23:26.050Z info: listShops::Shops fetched successfully : [{"name":"suren bandara","vendorName":"dsdsd","vendorEmai":"bandaradpsd.19@uom.lk","category":"restaurants","vendorPhoneNumber":"+94712303075","timestamp":1742313798517,"createdAt":"2025-03-18T16:03:19.041Z","updatedAt":"2025-03-18T16:03:19.041Z"},{"name":"suren bandarad","vendorName":"ddsds","vendorEmai":"bandaradpddsd.19@uom.lk","category":"restaurants","vendorPhoneNumber":"+94712303075","timestamp":1742314239595,"createdAt":"2025-03-18T16:10:40.107Z","updatedAt":"2025-03-18T16:10:40.107Z"}]
2025-03-18T16:23:32.504Z info: listShops::Shops fetched successfully : [{"name":"suren bandara","vendorName":"dsdsd","vendorEmai":"bandaradpsd.19@uom.lk","category":"restaurants","vendorPhoneNumber":"+94712303075","timestamp":1742313798517,"createdAt":"2025-03-18T16:03:19.041Z","updatedAt":"2025-03-18T16:03:19.041Z"},{"name":"suren bandarad","vendorName":"ddsds","vendorEmai":"bandaradpddsd.19@uom.lk","category":"restaurants","vendorPhoneNumber":"+94712303075","timestamp":1742314239595,"createdAt":"2025-03-18T16:10:40.107Z","updatedAt":"2025-03-18T16:10:40.107Z"}]
2025-03-18T16:23:34.739Z info: listShops::Shops fetched successfully : [{"name":"suren bandara","vendorName":"dsdsd","vendorEmai":"bandaradpsd.19@uom.lk","category":"restaurants","vendorPhoneNumber":"+94712303075","timestamp":1742313798517,"createdAt":"2025-03-18T16:03:19.041Z","updatedAt":"2025-03-18T16:03:19.041Z"},{"name":"suren bandarad","vendorName":"ddsds","vendorEmai":"bandaradpddsd.19@uom.lk","category":"restaurants","vendorPhoneNumber":"+94712303075","timestamp":1742314239595,"createdAt":"2025-03-18T16:10:40.107Z","updatedAt":"2025-03-18T16:10:40.107Z"}]
2025-03-18T16:23:36.376Z info: listShops::Shops fetched successfully : [{"name":"suren bandara","vendorName":"dsdsd","vendorEmai":"bandaradpsd.19@uom.lk","category":"restaurants","vendorPhoneNumber":"+94712303075","timestamp":1742313798517,"createdAt":"2025-03-18T16:03:19.041Z","updatedAt":"2025-03-18T16:03:19.041Z"},{"name":"suren bandarad","vendorName":"ddsds","vendorEmai":"bandaradpddsd.19@uom.lk","category":"restaurants","vendorPhoneNumber":"+94712303075","timestamp":1742314239595,"createdAt":"2025-03-18T16:10:40.107Z","updatedAt":"2025-03-18T16:10:40.107Z"}]
2025-03-18T16:23:57.469Z info: listShops::Shops fetched successfully : [{"name":"suren bandara","vendorName":"dsdsd","vendorEmai":"bandaradpsd.19@uom.lk","category":"restaurants","vendorPhoneNumber":"+94712303075","timestamp":1742313798517,"createdAt":"2025-03-18T16:03:19.041Z","updatedAt":"2025-03-18T16:03:19.041Z"},{"name":"suren bandarad","vendorName":"ddsds","vendorEmai":"bandaradpddsd.19@uom.lk","category":"restaurants","vendorPhoneNumber":"+94712303075","timestamp":1742314239595,"createdAt":"2025-03-18T16:10:40.107Z","updatedAt":"2025-03-18T16:10:40.107Z"}]
2025-03-18T16:24:06.646Z info: listShops::Shops fetched successfully : [{"name":"suren bandara","vendorName":"dsdsd","vendorEmai":"bandaradpsd.19@uom.lk","category":"restaurants","vendorPhoneNumber":"+94712303075","timestamp":1742313798517,"createdAt":"2025-03-18T16:03:19.041Z","updatedAt":"2025-03-18T16:03:19.041Z"},{"name":"suren bandarad","vendorName":"ddsds","vendorEmai":"bandaradpddsd.19@uom.lk","category":"restaurants","vendorPhoneNumber":"+94712303075","timestamp":1742314239595,"createdAt":"2025-03-18T16:10:40.107Z","updatedAt":"2025-03-18T16:10:40.107Z"}]
2025-03-18T16:24:12.602Z info: listShops::Shops fetched successfully : [{"name":"suren bandara","vendorName":"dsdsd","vendorEmai":"bandaradpsd.19@uom.lk","category":"restaurants","vendorPhoneNumber":"+94712303075","timestamp":1742313798517,"createdAt":"2025-03-18T16:03:19.041Z","updatedAt":"2025-03-18T16:03:19.041Z"},{"name":"suren bandarad","vendorName":"ddsds","vendorEmai":"bandaradpddsd.19@uom.lk","category":"restaurants","vendorPhoneNumber":"+94712303075","timestamp":1742314239595,"createdAt":"2025-03-18T16:10:40.107Z","updatedAt":"2025-03-18T16:10:40.107Z"}]
2025-03-18T16:24:25.234Z info: listShops::Shops fetched successfully : [{"name":"suren bandara","vendorName":"dsdsd","vendorEmai":"bandaradpsd.19@uom.lk","category":"restaurants","vendorPhoneNumber":"+94712303075","timestamp":1742313798517,"createdAt":"2025-03-18T16:03:19.041Z","updatedAt":"2025-03-18T16:03:19.041Z"},{"name":"suren bandarad","vendorName":"ddsds","vendorEmai":"bandaradpddsd.19@uom.lk","category":"restaurants","vendorPhoneNumber":"+94712303075","timestamp":1742314239595,"createdAt":"2025-03-18T16:10:40.107Z","updatedAt":"2025-03-18T16:10:40.107Z"}]
2025-03-18T16:24:52.202Z info: listShops::Shops fetched successfully : [{"name":"suren bandara","vendorName":"dsdsd","vendorEmai":"bandaradpsd.19@uom.lk","category":"restaurants","vendorPhoneNumber":"+94712303075","timestamp":1742313798517,"createdAt":"2025-03-18T16:03:19.041Z","updatedAt":"2025-03-18T16:03:19.041Z"},{"name":"suren bandarad","vendorName":"ddsds","vendorEmai":"bandaradpddsd.19@uom.lk","category":"restaurants","vendorPhoneNumber":"+94712303075","timestamp":1742314239595,"createdAt":"2025-03-18T16:10:40.107Z","updatedAt":"2025-03-18T16:10:40.107Z"}]
2025-03-18T16:26:51.214Z info: listShops::Shops fetched successfully : [{"name":"suren bandara","vendorName":"dsdsd","vendorEmai":"bandaradpsd.19@uom.lk","category":"restaurants","vendorPhoneNumber":"+94712303075","timestamp":1742313798517,"createdAt":"2025-03-18T16:03:19.041Z","updatedAt":"2025-03-18T16:03:19.041Z"},{"name":"suren bandarad","vendorName":"ddsds","vendorEmai":"bandaradpddsd.19@uom.lk","category":"restaurants","vendorPhoneNumber":"+94712303075","timestamp":1742314239595,"createdAt":"2025-03-18T16:10:40.107Z","updatedAt":"2025-03-18T16:10:40.107Z"}]
2025-03-18T16:27:21.339Z info: listUsers::Users fetched successfully: [{"id":"2025-03-18T15:51:45.254Z","username":"systemAdmin","role":"admin","email":"systemAdmin@gmail.com","phoneNumber":"","profilePic":""},{"id":"2025-03-18T15:51:45.587Z","username":"lakshan1STPACK","role":"user","email":"lakshan1STPACK@gmail.com","phoneNumber":"","profilePic":""},{"id":"2025-03-18T15:51:45.693Z","username":"surenSTPACK","role":"user","email":"surenSTPACK@gmail.com","phoneNumber":"","profilePic":""}]
2025-03-18T16:28:29.039Z info: listUsers::Users fetched successfully: [{"id":"2025-03-18T15:51:45.254Z","username":"systemAdmin","role":"admin","email":"systemAdmin@gmail.com","phoneNumber":"","profilePic":""},{"id":"2025-03-18T15:51:45.587Z","username":"lakshan1STPACK","role":"user","email":"lakshan1STPACK@gmail.com","phoneNumber":"","profilePic":""},{"id":"2025-03-18T15:51:45.693Z","username":"surenSTPACK","role":"user","email":"surenSTPACK@gmail.com","phoneNumber":"","profilePic":""}]
2025-03-18T16:28:46.420Z info: listUsers::Users fetched successfully: [{"id":"2025-03-18T15:51:45.254Z","username":"systemAdmin","role":"admin","email":"systemAdmin@gmail.com","phoneNumber":"","profilePic":""},{"id":"2025-03-18T15:51:45.587Z","username":"lakshan1STPACK","role":"user","email":"lakshan1STPACK@gmail.com","phoneNumber":"","profilePic":""},{"id":"2025-03-18T15:51:45.693Z","username":"surenSTPACK","role":"user","email":"surenSTPACK@gmail.com","phoneNumber":"","profilePic":""}]
2025-03-18T16:28:51.148Z info: listUsers::Users fetched successfully: [{"id":"2025-03-18T15:51:45.254Z","username":"systemAdmin","role":"admin","email":"systemAdmin@gmail.com","phoneNumber":"","profilePic":""},{"id":"2025-03-18T15:51:45.587Z","username":"lakshan1STPACK","role":"user","email":"lakshan1STPACK@gmail.com","phoneNumber":"","profilePic":""},{"id":"2025-03-18T15:51:45.693Z","username":"surenSTPACK","role":"user","email":"surenSTPACK@gmail.com","phoneNumber":"","profilePic":""}]
2025-03-18T16:29:15.362Z info: listUsers::Users fetched successfully: [{"id":"2025-03-18T15:51:45.254Z","username":"systemAdmin","role":"admin","email":"systemAdmin@gmail.com","phoneNumber":"","profilePic":""},{"id":"2025-03-18T15:51:45.587Z","username":"lakshan1STPACK","role":"user","email":"lakshan1STPACK@gmail.com","phoneNumber":"","profilePic":""},{"id":"2025-03-18T15:51:45.693Z","username":"surenSTPACK","role":"user","email":"surenSTPACK@gmail.com","phoneNumber":"","profilePic":""}]
2025-03-18T16:29:20.776Z info: listUsers::Users fetched successfully: [{"id":"2025-03-18T15:51:45.254Z","username":"systemAdmin","role":"admin","email":"systemAdmin@gmail.com","phoneNumber":"","profilePic":""},{"id":"2025-03-18T15:51:45.587Z","username":"lakshan1STPACK","role":"user","email":"lakshan1STPACK@gmail.com","phoneNumber":"","profilePic":""},{"id":"2025-03-18T15:51:45.693Z","username":"surenSTPACK","role":"user","email":"surenSTPACK@gmail.com","phoneNumber":"","profilePic":""}]
2025-03-18T16:29:22.879Z info: listUsers::Users fetched successfully: [{"id":"2025-03-18T15:51:45.254Z","username":"systemAdmin","role":"admin","email":"systemAdmin@gmail.com","phoneNumber":"","profilePic":""},{"id":"2025-03-18T15:51:45.587Z","username":"lakshan1STPACK","role":"user","email":"lakshan1STPACK@gmail.com","phoneNumber":"","profilePic":""},{"id":"2025-03-18T15:51:45.693Z","username":"surenSTPACK","role":"user","email":"surenSTPACK@gmail.com","phoneNumber":"","profilePic":""}]
2025-03-18T16:29:31.618Z info: listUsers::Users fetched successfully: [{"id":"2025-03-18T15:51:45.254Z","username":"systemAdmin","role":"admin","email":"systemAdmin@gmail.com","phoneNumber":"","profilePic":""},{"id":"2025-03-18T15:51:45.587Z","username":"lakshan1STPACK","role":"user","email":"lakshan1STPACK@gmail.com","phoneNumber":"","profilePic":""},{"id":"2025-03-18T15:51:45.693Z","username":"surenSTPACK","role":"user","email":"surenSTPACK@gmail.com","phoneNumber":"","profilePic":""}]
2025-03-18T16:29:49.031Z info: listUsers::Users fetched successfully: [{"id":"2025-03-18T15:51:45.254Z","username":"systemAdmin","role":"admin","email":"systemAdmin@gmail.com","phoneNumber":"","profilePic":""},{"id":"2025-03-18T15:51:45.587Z","username":"lakshan1STPACK","role":"user","email":"lakshan1STPACK@gmail.com","phoneNumber":"","profilePic":""},{"id":"2025-03-18T15:51:45.693Z","username":"surenSTPACK","role":"user","email":"surenSTPACK@gmail.com","phoneNumber":"","profilePic":""}]
2025-03-18T16:29:51.288Z info: listUsers::Users fetched successfully: [{"id":"2025-03-18T15:51:45.254Z","username":"systemAdmin","role":"admin","email":"systemAdmin@gmail.com","phoneNumber":"","profilePic":""},{"id":"2025-03-18T15:51:45.587Z","username":"lakshan1STPACK","role":"user","email":"lakshan1STPACK@gmail.com","phoneNumber":"","profilePic":""},{"id":"2025-03-18T15:51:45.693Z","username":"surenSTPACK","role":"user","email":"surenSTPACK@gmail.com","phoneNumber":"","profilePic":""}]
2025-03-18T16:29:58.723Z info: listShops::Shops fetched successfully : [{"name":"suren bandara","vendorName":"dsdsd","vendorEmai":"bandaradpsd.19@uom.lk","category":"restaurants","vendorPhoneNumber":"+94712303075","timestamp":1742313798517,"createdAt":"2025-03-18T16:03:19.041Z","updatedAt":"2025-03-18T16:03:19.041Z"},{"name":"suren bandarad","vendorName":"ddsds","vendorEmai":"bandaradpddsd.19@uom.lk","category":"restaurants","vendorPhoneNumber":"+94712303075","timestamp":1742314239595,"createdAt":"2025-03-18T16:10:40.107Z","updatedAt":"2025-03-18T16:10:40.107Z"}]
2025-03-18T16:31:07.546Z info: listShops::Shops fetched successfully : [{"name":"suren bandara","vendorName":"dsdsd","vendorEmai":"bandaradpsd.19@uom.lk","category":"restaurants","vendorPhoneNumber":"+94712303075","timestamp":1742313798517,"createdAt":"2025-03-18T16:03:19.041Z","updatedAt":"2025-03-18T16:03:19.041Z"},{"name":"suren bandarad","vendorName":"ddsds","vendorEmai":"bandaradpddsd.19@uom.lk","category":"restaurants","vendorPhoneNumber":"+94712303075","timestamp":1742314239595,"createdAt":"2025-03-18T16:10:40.107Z","updatedAt":"2025-03-18T16:10:40.107Z"}]
2025-03-18T16:32:36.475Z info: listShops::Shops fetched successfully : [{"name":"suren bandara","vendorName":"dsdsd","vendorEmai":"bandaradpsd.19@uom.lk","category":"restaurants","vendorPhoneNumber":"+94712303075","timestamp":1742313798517,"createdAt":"2025-03-18T16:03:19.041Z","updatedAt":"2025-03-18T16:03:19.041Z"},{"name":"suren bandarad","vendorName":"ddsds","vendorEmai":"bandaradpddsd.19@uom.lk","category":"restaurants","vendorPhoneNumber":"+94712303075","timestamp":1742314239595,"createdAt":"2025-03-18T16:10:40.107Z","updatedAt":"2025-03-18T16:10:40.107Z"}]
2025-03-18T16:32:41.310Z info: listShops::Shops fetched successfully : [{"name":"suren bandara","vendorName":"dsdsd","vendorEmai":"bandaradpsd.19@uom.lk","category":"restaurants","vendorPhoneNumber":"+94712303075","timestamp":1742313798517,"createdAt":"2025-03-18T16:03:19.041Z","updatedAt":"2025-03-18T16:03:19.041Z"},{"name":"suren bandarad","vendorName":"ddsds","vendorEmai":"bandaradpddsd.19@uom.lk","category":"restaurants","vendorPhoneNumber":"+94712303075","timestamp":1742314239595,"createdAt":"2025-03-18T16:10:40.107Z","updatedAt":"2025-03-18T16:10:40.107Z"}]
2025-03-18T16:45:29.665Z info: listUsers::Users fetched successfully: [{"id":"2025-03-18T15:51:45.254Z","username":"systemAdmin","role":"admin","email":"systemAdmin@gmail.com","phoneNumber":"","profilePic":""},{"id":"2025-03-18T15:51:45.587Z","username":"lakshan1STPACK","role":"user","email":"lakshan1STPACK@gmail.com","phoneNumber":"","profilePic":""},{"id":"2025-03-18T15:51:45.693Z","username":"surenSTPACK","role":"user","email":"surenSTPACK@gmail.com","phoneNumber":"","profilePic":""}]
2025-03-18T17:15:43.194Z info: createNewRider::Rider created successfully : {"name":"suren bandara","email":"bandaradpsd.19@uom.lk","phoneNumber":"+94712303075","vehicle":"Honda Civic","available":false,"createdAt":"2025-03-18T17:15:43.191Z","updatedAt":"2025-03-18T17:15:43.191Z"}
2025-03-18T17:15:53.498Z info: listUsers::Users fetched successfully: [{"id":"2025-03-18T15:51:45.254Z","username":"systemAdmin","role":"admin","email":"systemAdmin@gmail.com","phoneNumber":"","profilePic":""},{"id":"2025-03-18T15:51:45.587Z","username":"lakshan1STPACK","role":"user","email":"lakshan1STPACK@gmail.com","phoneNumber":"","profilePic":""},{"id":"2025-03-18T15:51:45.693Z","username":"surenSTPACK","role":"user","email":"surenSTPACK@gmail.com","phoneNumber":"","profilePic":""}]
2025-03-18T17:16:45.148Z info: listUsers::Users fetched successfully: [{"id":"2025-03-18T15:51:45.254Z","username":"systemAdmin","role":"admin","email":"systemAdmin@gmail.com","phoneNumber":"","profilePic":""},{"id":"2025-03-18T15:51:45.587Z","username":"lakshan1STPACK","role":"user","email":"lakshan1STPACK@gmail.com","phoneNumber":"","profilePic":""},{"id":"2025-03-18T15:51:45.693Z","username":"surenSTPACK","role":"user","email":"surenSTPACK@gmail.com","phoneNumber":"","profilePic":""}]
2025-03-18T17:16:55.843Z info: listUsers::Users fetched successfully: [{"id":"2025-03-18T15:51:45.254Z","username":"systemAdmin","role":"admin","email":"systemAdmin@gmail.com","phoneNumber":"","profilePic":""},{"id":"2025-03-18T15:51:45.587Z","username":"lakshan1STPACK","role":"user","email":"lakshan1STPACK@gmail.com","phoneNumber":"","profilePic":""},{"id":"2025-03-18T15:51:45.693Z","username":"surenSTPACK","role":"user","email":"surenSTPACK@gmail.com","phoneNumber":"","profilePic":""}]
2025-03-18T17:17:39.053Z info: listUsers::Users fetched successfully: [{"id":"2025-03-18T15:51:45.254Z","username":"systemAdmin","role":"admin","email":"systemAdmin@gmail.com","phoneNumber":"","profilePic":""},{"id":"2025-03-18T15:51:45.587Z","username":"lakshan1STPACK","role":"user","email":"lakshan1STPACK@gmail.com","phoneNumber":"","profilePic":""},{"id":"2025-03-18T15:51:45.693Z","username":"surenSTPACK","role":"user","email":"surenSTPACK@gmail.com","phoneNumber":"","profilePic":""}]
2025-03-18T17:17:46.979Z info: listUsers::Users fetched successfully: [{"id":"2025-03-18T15:51:45.254Z","username":"systemAdmin","role":"admin","email":"systemAdmin@gmail.com","phoneNumber":"","profilePic":""},{"id":"2025-03-18T15:51:45.587Z","username":"lakshan1STPACK","role":"user","email":"lakshan1STPACK@gmail.com","phoneNumber":"","profilePic":""},{"id":"2025-03-18T15:51:45.693Z","username":"surenSTPACK","role":"user","email":"surenSTPACK@gmail.com","phoneNumber":"","profilePic":""}]
2025-03-18T17:17:51.770Z info: listUsers::Users fetched successfully: [{"id":"2025-03-18T15:51:45.254Z","username":"systemAdmin","role":"admin","email":"systemAdmin@gmail.com","phoneNumber":"","profilePic":""},{"id":"2025-03-18T15:51:45.587Z","username":"lakshan1STPACK","role":"user","email":"lakshan1STPACK@gmail.com","phoneNumber":"","profilePic":""},{"id":"2025-03-18T15:51:45.693Z","username":"surenSTPACK","role":"user","email":"surenSTPACK@gmail.com","phoneNumber":"","profilePic":""}]
2025-03-18T17:17:53.068Z info: listUsers::Users fetched successfully: [{"id":"2025-03-18T15:51:45.254Z","username":"systemAdmin","role":"admin","email":"systemAdmin@gmail.com","phoneNumber":"","profilePic":""},{"id":"2025-03-18T15:51:45.587Z","username":"lakshan1STPACK","role":"user","email":"lakshan1STPACK@gmail.com","phoneNumber":"","profilePic":""},{"id":"2025-03-18T15:51:45.693Z","username":"surenSTPACK","role":"user","email":"surenSTPACK@gmail.com","phoneNumber":"","profilePic":""}]
2025-03-18T17:17:54.206Z info: listUsers::Users fetched successfully: [{"id":"2025-03-18T15:51:45.254Z","username":"systemAdmin","role":"admin","email":"systemAdmin@gmail.com","phoneNumber":"","profilePic":""},{"id":"2025-03-18T15:51:45.587Z","username":"lakshan1STPACK","role":"user","email":"lakshan1STPACK@gmail.com","phoneNumber":"","profilePic":""},{"id":"2025-03-18T15:51:45.693Z","username":"surenSTPACK","role":"user","email":"surenSTPACK@gmail.com","phoneNumber":"","profilePic":""}]
2025-03-18T17:18:00.171Z info: listUsers::Users fetched successfully: [{"id":"2025-03-18T15:51:45.254Z","username":"systemAdmin","role":"admin","email":"systemAdmin@gmail.com","phoneNumber":"","profilePic":""},{"id":"2025-03-18T15:51:45.587Z","username":"lakshan1STPACK","role":"user","email":"lakshan1STPACK@gmail.com","phoneNumber":"","profilePic":""},{"id":"2025-03-18T15:51:45.693Z","username":"surenSTPACK","role":"user","email":"surenSTPACK@gmail.com","phoneNumber":"","profilePic":""}]
2025-03-18T17:18:02.922Z info: listUsers::Users fetched successfully: [{"id":"2025-03-18T15:51:45.254Z","username":"systemAdmin","role":"admin","email":"systemAdmin@gmail.com","phoneNumber":"","profilePic":""},{"id":"2025-03-18T15:51:45.587Z","username":"lakshan1STPACK","role":"user","email":"lakshan1STPACK@gmail.com","phoneNumber":"","profilePic":""},{"id":"2025-03-18T15:51:45.693Z","username":"surenSTPACK","role":"user","email":"surenSTPACK@gmail.com","phoneNumber":"","profilePic":""}]
2025-03-18T17:18:17.704Z info: listUsers::Users fetched successfully: [{"id":"2025-03-18T15:51:45.254Z","username":"systemAdmin","role":"admin","email":"systemAdmin@gmail.com","phoneNumber":"","profilePic":""},{"id":"2025-03-18T15:51:45.587Z","username":"lakshan1STPACK","role":"user","email":"lakshan1STPACK@gmail.com","phoneNumber":"","profilePic":""},{"id":"2025-03-18T15:51:45.693Z","username":"surenSTPACK","role":"user","email":"surenSTPACK@gmail.com","phoneNumber":"","profilePic":""}]
2025-03-18T17:18:20.450Z info: listUsers::Users fetched successfully: [{"id":"2025-03-18T15:51:45.254Z","username":"systemAdmin","role":"admin","email":"systemAdmin@gmail.com","phoneNumber":"","profilePic":""},{"id":"2025-03-18T15:51:45.587Z","username":"lakshan1STPACK","role":"user","email":"lakshan1STPACK@gmail.com","phoneNumber":"","profilePic":""},{"id":"2025-03-18T15:51:45.693Z","username":"surenSTPACK","role":"user","email":"surenSTPACK@gmail.com","phoneNumber":"","profilePic":""}]
2025-03-18T17:18:24.561Z info: listUsers::Users fetched successfully: [{"id":"2025-03-18T15:51:45.254Z","username":"systemAdmin","role":"admin","email":"systemAdmin@gmail.com","phoneNumber":"","profilePic":""},{"id":"2025-03-18T15:51:45.587Z","username":"lakshan1STPACK","role":"user","email":"lakshan1STPACK@gmail.com","phoneNumber":"","profilePic":""},{"id":"2025-03-18T15:51:45.693Z","username":"surenSTPACK","role":"user","email":"surenSTPACK@gmail.com","phoneNumber":"","profilePic":""}]
2025-03-18T17:18:40.248Z info: listUsers::Users fetched successfully: [{"id":"2025-03-18T15:51:45.254Z","username":"systemAdmin","role":"admin","email":"systemAdmin@gmail.com","phoneNumber":"","profilePic":""},{"id":"2025-03-18T15:51:45.587Z","username":"lakshan1STPACK","role":"user","email":"lakshan1STPACK@gmail.com","phoneNumber":"","profilePic":""},{"id":"2025-03-18T15:51:45.693Z","username":"surenSTPACK","role":"user","email":"surenSTPACK@gmail.com","phoneNumber":"","profilePic":""}]
2025-03-18T17:18:55.671Z info: listUsers::Users fetched successfully: [{"id":"2025-03-18T15:51:45.254Z","username":"systemAdmin","role":"admin","email":"systemAdmin@gmail.com","phoneNumber":"","profilePic":""},{"id":"2025-03-18T15:51:45.587Z","username":"lakshan1STPACK","role":"user","email":"lakshan1STPACK@gmail.com","phoneNumber":"","profilePic":""},{"id":"2025-03-18T15:51:45.693Z","username":"surenSTPACK","role":"user","email":"surenSTPACK@gmail.com","phoneNumber":"","profilePic":""}]
2025-03-18T17:19:00.077Z info: listUsers::Users fetched successfully: [{"id":"2025-03-18T15:51:45.254Z","username":"systemAdmin","role":"admin","email":"systemAdmin@gmail.com","phoneNumber":"","profilePic":""},{"id":"2025-03-18T15:51:45.587Z","username":"lakshan1STPACK","role":"user","email":"lakshan1STPACK@gmail.com","phoneNumber":"","profilePic":""},{"id":"2025-03-18T15:51:45.693Z","username":"surenSTPACK","role":"user","email":"surenSTPACK@gmail.com","phoneNumber":"","profilePic":""}]
2025-03-18T17:19:03.387Z info: listUsers::Users fetched successfully: [{"id":"2025-03-18T15:51:45.254Z","username":"systemAdmin","role":"admin","email":"systemAdmin@gmail.com","phoneNumber":"","profilePic":""},{"id":"2025-03-18T15:51:45.587Z","username":"lakshan1STPACK","role":"user","email":"lakshan1STPACK@gmail.com","phoneNumber":"","profilePic":""},{"id":"2025-03-18T15:51:45.693Z","username":"surenSTPACK","role":"user","email":"surenSTPACK@gmail.com","phoneNumber":"","profilePic":""}]
2025-03-18T17:19:09.850Z info: listUsers::Users fetched successfully: [{"id":"2025-03-18T15:51:45.254Z","username":"systemAdmin","role":"admin","email":"systemAdmin@gmail.com","phoneNumber":"","profilePic":""},{"id":"2025-03-18T15:51:45.587Z","username":"lakshan1STPACK","role":"user","email":"lakshan1STPACK@gmail.com","phoneNumber":"","profilePic":""},{"id":"2025-03-18T15:51:45.693Z","username":"surenSTPACK","role":"user","email":"surenSTPACK@gmail.com","phoneNumber":"","profilePic":""}]
2025-03-18T17:19:11.678Z info: listUsers::Users fetched successfully: [{"id":"2025-03-18T15:51:45.254Z","username":"systemAdmin","role":"admin","email":"systemAdmin@gmail.com","phoneNumber":"","profilePic":""},{"id":"2025-03-18T15:51:45.587Z","username":"lakshan1STPACK","role":"user","email":"lakshan1STPACK@gmail.com","phoneNumber":"","profilePic":""},{"id":"2025-03-18T15:51:45.693Z","username":"surenSTPACK","role":"user","email":"surenSTPACK@gmail.com","phoneNumber":"","profilePic":""}]
2025-03-18T17:29:05.419Z info: listShops::Shops fetched successfully : [{"name":"suren bandara","vendorName":"dsdsd","vendorEmai":"bandaradpsd.19@uom.lk","category":"restaurants","vendorPhoneNumber":"+94712303075","timestamp":1742313798517,"createdAt":"2025-03-18T16:03:19.041Z","updatedAt":"2025-03-18T16:03:19.041Z"},{"name":"suren bandarad","vendorName":"ddsds","vendorEmai":"bandaradpddsd.19@uom.lk","category":"restaurants","vendorPhoneNumber":"+94712303075","timestamp":1742314239595,"createdAt":"2025-03-18T16:10:40.107Z","updatedAt":"2025-03-18T16:10:40.107Z"}]
2025-03-18T17:29:36.878Z info: listShops::Shops fetched successfully : [{"name":"suren bandara","vendorName":"dsdsd","vendorEmai":"bandaradpsd.19@uom.lk","category":"restaurants","vendorPhoneNumber":"+94712303075","timestamp":1742313798517,"createdAt":"2025-03-18T16:03:19.041Z","updatedAt":"2025-03-18T16:03:19.041Z"},{"name":"suren bandarad","vendorName":"ddsds","vendorEmai":"bandaradpddsd.19@uom.lk","category":"restaurants","vendorPhoneNumber":"+94712303075","timestamp":1742314239595,"createdAt":"2025-03-18T16:10:40.107Z","updatedAt":"2025-03-18T16:10:40.107Z"}]
2025-03-18T17:29:45.903Z info: listShops::Shops fetched successfully : [{"name":"suren bandara","vendorName":"dsdsd","vendorEmai":"bandaradpsd.19@uom.lk","category":"restaurants","vendorPhoneNumber":"+94712303075","timestamp":1742313798517,"createdAt":"2025-03-18T16:03:19.041Z","updatedAt":"2025-03-18T16:03:19.041Z"},{"name":"suren bandarad","vendorName":"ddsds","vendorEmai":"bandaradpddsd.19@uom.lk","category":"restaurants","vendorPhoneNumber":"+94712303075","timestamp":1742314239595,"createdAt":"2025-03-18T16:10:40.107Z","updatedAt":"2025-03-18T16:10:40.107Z"}]
2025-03-18T17:30:10.330Z info: listShops::Shops fetched successfully : [{"name":"suren bandara","vendorName":"dsdsd","vendorEmai":"bandaradpsd.19@uom.lk","category":"restaurants","vendorPhoneNumber":"+94712303075","timestamp":1742313798517,"createdAt":"2025-03-18T16:03:19.041Z","updatedAt":"2025-03-18T16:03:19.041Z"},{"name":"suren bandarad","vendorName":"ddsds","vendorEmai":"bandaradpddsd.19@uom.lk","category":"restaurants","vendorPhoneNumber":"+94712303075","timestamp":1742314239595,"createdAt":"2025-03-18T16:10:40.107Z","updatedAt":"2025-03-18T16:10:40.107Z"}]
2025-03-18T17:30:26.376Z info: listShops::Shops fetched successfully : [{"name":"suren bandara","vendorName":"dsdsd","vendorEmai":"bandaradpsd.19@uom.lk","category":"restaurants","vendorPhoneNumber":"+94712303075","timestamp":1742313798517,"createdAt":"2025-03-18T16:03:19.041Z","updatedAt":"2025-03-18T16:03:19.041Z"},{"name":"suren bandarad","vendorName":"ddsds","vendorEmai":"bandaradpddsd.19@uom.lk","category":"restaurants","vendorPhoneNumber":"+94712303075","timestamp":1742314239595,"createdAt":"2025-03-18T16:10:40.107Z","updatedAt":"2025-03-18T16:10:40.107Z"}]
2025-03-18T17:30:45.786Z info: listShops::Shops fetched successfully : [{"name":"suren bandara","vendorName":"dsdsd","vendorEmai":"bandaradpsd.19@uom.lk","category":"restaurants","vendorPhoneNumber":"+94712303075","timestamp":1742313798517,"createdAt":"2025-03-18T16:03:19.041Z","updatedAt":"2025-03-18T16:03:19.041Z"},{"name":"suren bandarad","vendorName":"ddsds","vendorEmai":"bandaradpddsd.19@uom.lk","category":"restaurants","vendorPhoneNumber":"+94712303075","timestamp":1742314239595,"createdAt":"2025-03-18T16:10:40.107Z","updatedAt":"2025-03-18T16:10:40.107Z"}]
2025-03-18T17:30:49.075Z info: listShops::Shops fetched successfully : [{"name":"suren bandara","vendorName":"dsdsd","vendorEmai":"bandaradpsd.19@uom.lk","category":"restaurants","vendorPhoneNumber":"+94712303075","timestamp":1742313798517,"createdAt":"2025-03-18T16:03:19.041Z","updatedAt":"2025-03-18T16:03:19.041Z"},{"name":"suren bandarad","vendorName":"ddsds","vendorEmai":"bandaradpddsd.19@uom.lk","category":"restaurants","vendorPhoneNumber":"+94712303075","timestamp":1742314239595,"createdAt":"2025-03-18T16:10:40.107Z","updatedAt":"2025-03-18T16:10:40.107Z"}]
2025-03-18T17:30:58.640Z info: listShops::Shops fetched successfully : [{"name":"suren bandara","vendorName":"dsdsd","vendorEmai":"bandaradpsd.19@uom.lk","category":"restaurants","vendorPhoneNumber":"+94712303075","timestamp":1742313798517,"createdAt":"2025-03-18T16:03:19.041Z","updatedAt":"2025-03-18T16:03:19.041Z"},{"name":"suren bandarad","vendorName":"ddsds","vendorEmai":"bandaradpddsd.19@uom.lk","category":"restaurants","vendorPhoneNumber":"+94712303075","timestamp":1742314239595,"createdAt":"2025-03-18T16:10:40.107Z","updatedAt":"2025-03-18T16:10:40.107Z"}]
2025-03-18T17:31:05.887Z info: listShops::Shops fetched successfully : [{"name":"suren bandara","vendorName":"dsdsd","vendorEmai":"bandaradpsd.19@uom.lk","category":"restaurants","vendorPhoneNumber":"+94712303075","timestamp":1742313798517,"createdAt":"2025-03-18T16:03:19.041Z","updatedAt":"2025-03-18T16:03:19.041Z"},{"name":"suren bandarad","vendorName":"ddsds","vendorEmai":"bandaradpddsd.19@uom.lk","category":"restaurants","vendorPhoneNumber":"+94712303075","timestamp":1742314239595,"createdAt":"2025-03-18T16:10:40.107Z","updatedAt":"2025-03-18T16:10:40.107Z"}]
2025-03-18T17:31:18.894Z info: listUsers::Users fetched successfully: [{"id":"2025-03-18T15:51:45.254Z","username":"systemAdmin","role":"admin","email":"systemAdmin@gmail.com","phoneNumber":"","profilePic":""},{"id":"2025-03-18T15:51:45.587Z","username":"lakshan1STPACK","role":"user","email":"lakshan1STPACK@gmail.com","phoneNumber":"","profilePic":""},{"id":"2025-03-18T15:51:45.693Z","username":"surenSTPACK","role":"user","email":"surenSTPACK@gmail.com","phoneNumber":"","profilePic":""}]
2025-03-18T17:31:22.060Z info: listShops::Shops fetched successfully : [{"name":"suren bandara","vendorName":"dsdsd","vendorEmai":"bandaradpsd.19@uom.lk","category":"restaurants","vendorPhoneNumber":"+94712303075","timestamp":1742313798517,"createdAt":"2025-03-18T16:03:19.041Z","updatedAt":"2025-03-18T16:03:19.041Z"},{"name":"suren bandarad","vendorName":"ddsds","vendorEmai":"bandaradpddsd.19@uom.lk","category":"restaurants","vendorPhoneNumber":"+94712303075","timestamp":1742314239595,"createdAt":"2025-03-18T16:10:40.107Z","updatedAt":"2025-03-18T16:10:40.107Z"}]
2025-03-18T17:31:46.364Z info: listShops::Shops fetched successfully : [{"name":"suren bandara","vendorName":"dsdsd","vendorEmai":"bandaradpsd.19@uom.lk","category":"restaurants","vendorPhoneNumber":"+94712303075","timestamp":1742313798517,"createdAt":"2025-03-18T16:03:19.041Z","updatedAt":"2025-03-18T16:03:19.041Z"},{"name":"suren bandarad","vendorName":"ddsds","vendorEmai":"bandaradpddsd.19@uom.lk","category":"restaurants","vendorPhoneNumber":"+94712303075","timestamp":1742314239595,"createdAt":"2025-03-18T16:10:40.107Z","updatedAt":"2025-03-18T16:10:40.107Z"}]
2025-03-18T17:31:50.177Z info: listRiders::Riders fetched successfully : [{"name":"suren bandara","email":"bandaradpsd.19@uom.lk","phoneNumber":"+94712303075","vehicle":"Honda Civic","available":false,"createdAt":"2025-03-18T17:15:43.191Z","updatedAt":"2025-03-18T17:15:43.191Z"}]
2025-03-18T17:32:17.438Z info: listRiders::Riders fetched successfully : [{"name":"suren bandara","email":"bandaradpsd.19@uom.lk","phoneNumber":"+94712303075","vehicle":"Honda Civic","available":false,"createdAt":"2025-03-18T17:15:43.191Z","updatedAt":"2025-03-18T17:15:43.191Z"}]
2025-03-18T17:32:57.960Z info: listRiders::Riders fetched successfully : [{"name":"suren bandara","email":"bandaradpsd.19@uom.lk","phoneNumber":"+94712303075","vehicle":"Honda Civic","available":false,"createdAt":"2025-03-18T17:15:43.191Z","updatedAt":"2025-03-18T17:15:43.191Z"}]
2025-03-18T17:33:17.969Z info: listRiders::Riders fetched successfully : [{"name":"suren bandara","email":"bandaradpsd.19@uom.lk","phoneNumber":"+94712303075","vehicle":"Honda Civic","available":false,"createdAt":"2025-03-18T17:15:43.191Z","updatedAt":"2025-03-18T17:15:43.191Z"}]
2025-03-18T17:33:24.332Z info: listRiders::Riders fetched successfully : [{"name":"suren bandara","email":"bandaradpsd.19@uom.lk","phoneNumber":"+94712303075","vehicle":"Honda Civic","available":false,"createdAt":"2025-03-18T17:15:43.191Z","updatedAt":"2025-03-18T17:15:43.191Z"}]
2025-03-18T17:33:35.748Z info: createNewRider::Rider created successfully : {"name":"Suren Bandara","email":"surenbandara7@gmail.com","phoneNumber":"+94712303075","vehicle":"Van","available":false,"createdAt":"2025-03-18T17:33:35.745Z","updatedAt":"2025-03-18T17:33:35.745Z"}
2025-03-18T17:33:36.339Z info: listRiders::Riders fetched successfully : [{"name":"suren bandara","email":"bandaradpsd.19@uom.lk","phoneNumber":"+94712303075","vehicle":"Honda Civic","available":false,"createdAt":"2025-03-18T17:15:43.191Z","updatedAt":"2025-03-18T17:15:43.191Z"},{"name":"Suren Bandara","email":"surenbandara7@gmail.com","phoneNumber":"+94712303075","vehicle":"Van","available":false,"createdAt":"2025-03-18T17:33:35.745Z","updatedAt":"2025-03-18T17:33:35.745Z"}]
2025-03-18T17:33:52.644Z info: listShops::Shops fetched successfully : [{"name":"suren bandara","vendorName":"dsdsd","vendorEmai":"bandaradpsd.19@uom.lk","category":"restaurants","vendorPhoneNumber":"+94712303075","timestamp":1742313798517,"createdAt":"2025-03-18T16:03:19.041Z","updatedAt":"2025-03-18T16:03:19.041Z"},{"name":"suren bandarad","vendorName":"ddsds","vendorEmai":"bandaradpddsd.19@uom.lk","category":"restaurants","vendorPhoneNumber":"+94712303075","timestamp":1742314239595,"createdAt":"2025-03-18T16:10:40.107Z","updatedAt":"2025-03-18T16:10:40.107Z"}]
2025-03-18T17:33:58.035Z info: listUsers::Users fetched successfully: [{"id":"2025-03-18T15:51:45.254Z","username":"systemAdmin","role":"admin","email":"systemAdmin@gmail.com","phoneNumber":"","profilePic":""},{"id":"2025-03-18T15:51:45.587Z","username":"lakshan1STPACK","role":"user","email":"lakshan1STPACK@gmail.com","phoneNumber":"","profilePic":""},{"id":"2025-03-18T15:51:45.693Z","username":"surenSTPACK","role":"user","email":"surenSTPACK@gmail.com","phoneNumber":"","profilePic":""}]
2025-03-18T17:33:59.895Z info: listRiders::Riders fetched successfully : [{"name":"suren bandara","email":"bandaradpsd.19@uom.lk","phoneNumber":"+94712303075","vehicle":"Honda Civic","available":false,"createdAt":"2025-03-18T17:15:43.191Z","updatedAt":"2025-03-18T17:15:43.191Z"},{"name":"Suren Bandara","email":"surenbandara7@gmail.com","phoneNumber":"+94712303075","vehicle":"Van","available":false,"createdAt":"2025-03-18T17:33:35.745Z","updatedAt":"2025-03-18T17:33:35.745Z"}]
2025-03-18T17:34:06.551Z info: listShops::Shops fetched successfully : [{"name":"suren bandara","vendorName":"dsdsd","vendorEmai":"bandaradpsd.19@uom.lk","category":"restaurants","vendorPhoneNumber":"+94712303075","timestamp":1742313798517,"createdAt":"2025-03-18T16:03:19.041Z","updatedAt":"2025-03-18T16:03:19.041Z"},{"name":"suren bandarad","vendorName":"ddsds","vendorEmai":"bandaradpddsd.19@uom.lk","category":"restaurants","vendorPhoneNumber":"+94712303075","timestamp":1742314239595,"createdAt":"2025-03-18T16:10:40.107Z","updatedAt":"2025-03-18T16:10:40.107Z"}]
2025-03-18T17:36:01.121Z info: listShops::Shops fetched successfully : [{"name":"suren bandara","vendorName":"dsdsd","vendorEmai":"bandaradpsd.19@uom.lk","category":"restaurants","vendorPhoneNumber":"+94712303075","timestamp":1742313798517,"createdAt":"2025-03-18T16:03:19.041Z","updatedAt":"2025-03-18T16:03:19.041Z"},{"name":"suren bandarad","vendorName":"ddsds","vendorEmai":"bandaradpddsd.19@uom.lk","category":"restaurants","vendorPhoneNumber":"+94712303075","timestamp":1742314239595,"createdAt":"2025-03-18T16:10:40.107Z","updatedAt":"2025-03-18T16:10:40.107Z"}]
2025-03-18T17:36:05.402Z info: listShops::Shops fetched successfully : [{"name":"suren bandara","vendorName":"dsdsd","vendorEmai":"bandaradpsd.19@uom.lk","category":"restaurants","vendorPhoneNumber":"+94712303075","timestamp":1742313798517,"createdAt":"2025-03-18T16:03:19.041Z","updatedAt":"2025-03-18T16:03:19.041Z"},{"name":"suren bandarad","vendorName":"ddsds","vendorEmai":"bandaradpddsd.19@uom.lk","category":"restaurants","vendorPhoneNumber":"+94712303075","timestamp":1742314239595,"createdAt":"2025-03-18T16:10:40.107Z","updatedAt":"2025-03-18T16:10:40.107Z"}]
2025-03-18T17:36:38.860Z info: listShops::Shops fetched successfully : [{"name":"suren bandara","vendorName":"dsdsd","vendorEmai":"bandaradpsd.19@uom.lk","category":"restaurants","vendorPhoneNumber":"+94712303075","timestamp":1742313798517,"createdAt":"2025-03-18T16:03:19.041Z","updatedAt":"2025-03-18T16:03:19.041Z"},{"name":"suren bandarad","vendorName":"ddsds","vendorEmai":"bandaradpddsd.19@uom.lk","category":"restaurants","vendorPhoneNumber":"+94712303075","timestamp":1742314239595,"createdAt":"2025-03-18T16:10:40.107Z","updatedAt":"2025-03-18T16:10:40.107Z"}]
2025-03-18T17:36:41.864Z info: listShops::Shops fetched successfully : [{"name":"suren bandara","vendorName":"dsdsd","vendorEmai":"bandaradpsd.19@uom.lk","category":"restaurants","vendorPhoneNumber":"+94712303075","timestamp":1742313798517,"createdAt":"2025-03-18T16:03:19.041Z","updatedAt":"2025-03-18T16:03:19.041Z"},{"name":"suren bandarad","vendorName":"ddsds","vendorEmai":"bandaradpddsd.19@uom.lk","category":"restaurants","vendorPhoneNumber":"+94712303075","timestamp":1742314239595,"createdAt":"2025-03-18T16:10:40.107Z","updatedAt":"2025-03-18T16:10:40.107Z"}]
2025-03-18T17:36:45.340Z info: listShops::Shops fetched successfully : [{"name":"suren bandara","vendorName":"dsdsd","vendorEmai":"bandaradpsd.19@uom.lk","category":"restaurants","vendorPhoneNumber":"+94712303075","timestamp":1742313798517,"createdAt":"2025-03-18T16:03:19.041Z","updatedAt":"2025-03-18T16:03:19.041Z"},{"name":"suren bandarad","vendorName":"ddsds","vendorEmai":"bandaradpddsd.19@uom.lk","category":"restaurants","vendorPhoneNumber":"+94712303075","timestamp":1742314239595,"createdAt":"2025-03-18T16:10:40.107Z","updatedAt":"2025-03-18T16:10:40.107Z"}]
2025-03-18T17:36:48.370Z info: listShops::Shops fetched successfully : [{"name":"suren bandara","vendorName":"dsdsd","vendorEmai":"bandaradpsd.19@uom.lk","category":"restaurants","vendorPhoneNumber":"+94712303075","timestamp":1742313798517,"createdAt":"2025-03-18T16:03:19.041Z","updatedAt":"2025-03-18T16:03:19.041Z"},{"name":"suren bandarad","vendorName":"ddsds","vendorEmai":"bandaradpddsd.19@uom.lk","category":"restaurants","vendorPhoneNumber":"+94712303075","timestamp":1742314239595,"createdAt":"2025-03-18T16:10:40.107Z","updatedAt":"2025-03-18T16:10:40.107Z"}]
2025-03-18T17:37:14.708Z info: listShops::Shops fetched successfully : [{"name":"suren bandara","vendorName":"dsdsd","vendorEmai":"bandaradpsd.19@uom.lk","category":"restaurants","vendorPhoneNumber":"+94712303075","timestamp":1742313798517,"createdAt":"2025-03-18T16:03:19.041Z","updatedAt":"2025-03-18T16:03:19.041Z"},{"name":"suren bandarad","vendorName":"ddsds","vendorEmai":"bandaradpddsd.19@uom.lk","category":"restaurants","vendorPhoneNumber":"+94712303075","timestamp":1742314239595,"createdAt":"2025-03-18T16:10:40.107Z","updatedAt":"2025-03-18T16:10:40.107Z"}]
2025-03-18T17:37:28.149Z info: listShops::Shops fetched successfully : [{"name":"suren bandara","vendorName":"dsdsd","vendorEmai":"bandaradpsd.19@uom.lk","category":"restaurants","vendorPhoneNumber":"+94712303075","timestamp":1742313798517,"createdAt":"2025-03-18T16:03:19.041Z","updatedAt":"2025-03-18T16:03:19.041Z"},{"name":"suren bandarad","vendorName":"ddsds","vendorEmai":"bandaradpddsd.19@uom.lk","category":"restaurants","vendorPhoneNumber":"+94712303075","timestamp":1742314239595,"createdAt":"2025-03-18T16:10:40.107Z","updatedAt":"2025-03-18T16:10:40.107Z"}]
2025-03-18T17:37:32.994Z info: listShops::Shops fetched successfully : [{"name":"suren bandara","vendorName":"dsdsd","vendorEmai":"bandaradpsd.19@uom.lk","category":"restaurants","vendorPhoneNumber":"+94712303075","timestamp":1742313798517,"createdAt":"2025-03-18T16:03:19.041Z","updatedAt":"2025-03-18T16:03:19.041Z"},{"name":"suren bandarad","vendorName":"ddsds","vendorEmai":"bandaradpddsd.19@uom.lk","category":"restaurants","vendorPhoneNumber":"+94712303075","timestamp":1742314239595,"createdAt":"2025-03-18T16:10:40.107Z","updatedAt":"2025-03-18T16:10:40.107Z"}]
2025-03-18T17:37:38.606Z info: listShops::Shops fetched successfully : [{"name":"suren bandara","vendorName":"dsdsd","vendorEmai":"bandaradpsd.19@uom.lk","category":"restaurants","vendorPhoneNumber":"+94712303075","timestamp":1742313798517,"createdAt":"2025-03-18T16:03:19.041Z","updatedAt":"2025-03-18T16:03:19.041Z"},{"name":"suren bandarad","vendorName":"ddsds","vendorEmai":"bandaradpddsd.19@uom.lk","category":"restaurants","vendorPhoneNumber":"+94712303075","timestamp":1742314239595,"createdAt":"2025-03-18T16:10:40.107Z","updatedAt":"2025-03-18T16:10:40.107Z"}]
2025-03-18T17:37:43.512Z info: listShops::Shops fetched successfully : [{"name":"suren bandara","vendorName":"dsdsd","vendorEmai":"bandaradpsd.19@uom.lk","category":"restaurants","vendorPhoneNumber":"+94712303075","timestamp":1742313798517,"createdAt":"2025-03-18T16:03:19.041Z","updatedAt":"2025-03-18T16:03:19.041Z"},{"name":"suren bandarad","vendorName":"ddsds","vendorEmai":"bandaradpddsd.19@uom.lk","category":"restaurants","vendorPhoneNumber":"+94712303075","timestamp":1742314239595,"createdAt":"2025-03-18T16:10:40.107Z","updatedAt":"2025-03-18T16:10:40.107Z"}]
2025-03-18T17:37:57.291Z info: listShops::Shops fetched successfully : [{"name":"suren bandara","vendorName":"dsdsd","vendorEmai":"bandaradpsd.19@uom.lk","category":"restaurants","vendorPhoneNumber":"+94712303075","timestamp":1742313798517,"createdAt":"2025-03-18T16:03:19.041Z","updatedAt":"2025-03-18T16:03:19.041Z"},{"name":"suren bandarad","vendorName":"ddsds","vendorEmai":"bandaradpddsd.19@uom.lk","category":"restaurants","vendorPhoneNumber":"+94712303075","timestamp":1742314239595,"createdAt":"2025-03-18T16:10:40.107Z","updatedAt":"2025-03-18T16:10:40.107Z"}]
2025-03-18T17:38:02.057Z info: listShops::Shops fetched successfully : [{"name":"suren bandara","vendorName":"dsdsd","vendorEmai":"bandaradpsd.19@uom.lk","category":"restaurants","vendorPhoneNumber":"+94712303075","timestamp":1742313798517,"createdAt":"2025-03-18T16:03:19.041Z","updatedAt":"2025-03-18T16:03:19.041Z"},{"name":"suren bandarad","vendorName":"ddsds","vendorEmai":"bandaradpddsd.19@uom.lk","category":"restaurants","vendorPhoneNumber":"+94712303075","timestamp":1742314239595,"createdAt":"2025-03-18T16:10:40.107Z","updatedAt":"2025-03-18T16:10:40.107Z"}]
2025-03-18T17:38:05.759Z info: listShops::Shops fetched successfully : [{"name":"suren bandara","vendorName":"dsdsd","vendorEmai":"bandaradpsd.19@uom.lk","category":"restaurants","vendorPhoneNumber":"+94712303075","timestamp":1742313798517,"createdAt":"2025-03-18T16:03:19.041Z","updatedAt":"2025-03-18T16:03:19.041Z"},{"name":"suren bandarad","vendorName":"ddsds","vendorEmai":"bandaradpddsd.19@uom.lk","category":"restaurants","vendorPhoneNumber":"+94712303075","timestamp":1742314239595,"createdAt":"2025-03-18T16:10:40.107Z","updatedAt":"2025-03-18T16:10:40.107Z"}]
2025-03-18T17:38:07.042Z info: listShops::Shops fetched successfully : [{"name":"suren bandara","vendorName":"dsdsd","vendorEmai":"bandaradpsd.19@uom.lk","category":"restaurants","vendorPhoneNumber":"+94712303075","timestamp":1742313798517,"createdAt":"2025-03-18T16:03:19.041Z","updatedAt":"2025-03-18T16:03:19.041Z"},{"name":"suren bandarad","vendorName":"ddsds","vendorEmai":"bandaradpddsd.19@uom.lk","category":"restaurants","vendorPhoneNumber":"+94712303075","timestamp":1742314239595,"createdAt":"2025-03-18T16:10:40.107Z","updatedAt":"2025-03-18T16:10:40.107Z"}]
2025-03-18T17:38:15.175Z info: listShops::Shops fetched successfully : [{"name":"suren bandara","vendorName":"dsdsd","vendorEmai":"bandaradpsd.19@uom.lk","category":"restaurants","vendorPhoneNumber":"+94712303075","timestamp":1742313798517,"createdAt":"2025-03-18T16:03:19.041Z","updatedAt":"2025-03-18T16:03:19.041Z"},{"name":"suren bandarad","vendorName":"ddsds","vendorEmai":"bandaradpddsd.19@uom.lk","category":"restaurants","vendorPhoneNumber":"+94712303075","timestamp":1742314239595,"createdAt":"2025-03-18T16:10:40.107Z","updatedAt":"2025-03-18T16:10:40.107Z"}]
2025-03-18T17:38:23.181Z info: listRiders::Riders fetched successfully : [{"name":"suren bandara","email":"bandaradpsd.19@uom.lk","phoneNumber":"+94712303075","vehicle":"Honda Civic","available":false,"createdAt":"2025-03-18T17:15:43.191Z","updatedAt":"2025-03-18T17:15:43.191Z"},{"name":"Suren Bandara","email":"surenbandara7@gmail.com","phoneNumber":"+94712303075","vehicle":"Van","available":false,"createdAt":"2025-03-18T17:33:35.745Z","updatedAt":"2025-03-18T17:33:35.745Z"}]
2025-03-18T17:39:45.268Z info: listRiders::Riders fetched successfully : [{"name":"suren bandara","email":"bandaradpsd.19@uom.lk","phoneNumber":"+94712303075","vehicle":"Honda Civic","available":false,"createdAt":"2025-03-18T17:15:43.191Z","updatedAt":"2025-03-18T17:15:43.191Z"},{"name":"Suren Bandara","email":"surenbandara7@gmail.com","phoneNumber":"+94712303075","vehicle":"Van","available":false,"createdAt":"2025-03-18T17:33:35.745Z","updatedAt":"2025-03-18T17:33:35.745Z"}]
2025-03-18T17:39:48.803Z info: listRiders::Riders fetched successfully : [{"name":"suren bandara","email":"bandaradpsd.19@uom.lk","phoneNumber":"+94712303075","vehicle":"Honda Civic","available":false,"createdAt":"2025-03-18T17:15:43.191Z","updatedAt":"2025-03-18T17:15:43.191Z"},{"name":"Suren Bandara","email":"surenbandara7@gmail.com","phoneNumber":"+94712303075","vehicle":"Van","available":false,"createdAt":"2025-03-18T17:33:35.745Z","updatedAt":"2025-03-18T17:33:35.745Z"}]
2025-03-18T17:40:11.852Z info: listRiders::Riders fetched successfully : [{"name":"suren bandara","email":"bandaradpsd.19@uom.lk","phoneNumber":"+94712303075","vehicle":"Honda Civic","available":false,"createdAt":"2025-03-18T17:15:43.191Z","updatedAt":"2025-03-18T17:15:43.191Z"},{"name":"Suren Bandara","email":"surenbandara7@gmail.com","phoneNumber":"+94712303075","vehicle":"Van","available":false,"createdAt":"2025-03-18T17:33:35.745Z","updatedAt":"2025-03-18T17:33:35.745Z"}]
2025-03-18T17:40:53.188Z info: listUsers::Users fetched successfully: [{"id":"2025-03-18T15:51:45.254Z","username":"systemAdmin","role":"admin","email":"systemAdmin@gmail.com","phoneNumber":"","profilePic":""},{"id":"2025-03-18T15:51:45.587Z","username":"lakshan1STPACK","role":"user","email":"lakshan1STPACK@gmail.com","phoneNumber":"","profilePic":""},{"id":"2025-03-18T15:51:45.693Z","username":"surenSTPACK","role":"user","email":"surenSTPACK@gmail.com","phoneNumber":"","profilePic":""}]
2025-03-18T17:40:54.301Z info: listRiders::Riders fetched successfully : [{"name":"suren bandara","email":"bandaradpsd.19@uom.lk","phoneNumber":"+94712303075","vehicle":"Honda Civic","available":false,"createdAt":"2025-03-18T17:15:43.191Z","updatedAt":"2025-03-18T17:15:43.191Z"},{"name":"Suren Bandara","email":"surenbandara7@gmail.com","phoneNumber":"+94712303075","vehicle":"Van","available":false,"createdAt":"2025-03-18T17:33:35.745Z","updatedAt":"2025-03-18T17:33:35.745Z"}]
2025-03-18T17:41:28.415Z info: listRiders::Riders fetched successfully : [{"name":"suren bandara","email":"bandaradpsd.19@uom.lk","phoneNumber":"+94712303075","vehicle":"Honda Civic","available":false,"createdAt":"2025-03-18T17:15:43.191Z","updatedAt":"2025-03-18T17:15:43.191Z"},{"name":"Suren Bandara","email":"surenbandara7@gmail.com","phoneNumber":"+94712303075","vehicle":"Van","available":false,"createdAt":"2025-03-18T17:33:35.745Z","updatedAt":"2025-03-18T17:33:35.745Z"}]
2025-03-18T17:41:40.144Z info: listRiders::Riders fetched successfully : [{"name":"suren bandara","email":"bandaradpsd.19@uom.lk","phoneNumber":"+94712303075","vehicle":"Honda Civic","available":false,"createdAt":"2025-03-18T17:15:43.191Z","updatedAt":"2025-03-18T17:15:43.191Z"},{"name":"Suren Bandara","email":"surenbandara7@gmail.com","phoneNumber":"+94712303075","vehicle":"Van","available":false,"createdAt":"2025-03-18T17:33:35.745Z","updatedAt":"2025-03-18T17:33:35.745Z"}]
2025-03-18T17:41:41.486Z info: listRiders::Riders fetched successfully : [{"name":"suren bandara","email":"bandaradpsd.19@uom.lk","phoneNumber":"+94712303075","vehicle":"Honda Civic","available":false,"createdAt":"2025-03-18T17:15:43.191Z","updatedAt":"2025-03-18T17:15:43.191Z"},{"name":"Suren Bandara","email":"surenbandara7@gmail.com","phoneNumber":"+94712303075","vehicle":"Van","available":false,"createdAt":"2025-03-18T17:33:35.745Z","updatedAt":"2025-03-18T17:33:35.745Z"}]
2025-03-18T17:41:58.720Z info: listRiders::Riders fetched successfully : [{"name":"suren bandara","email":"bandaradpsd.19@uom.lk","phoneNumber":"+94712303075","vehicle":"Honda Civic","available":false,"createdAt":"2025-03-18T17:15:43.191Z","updatedAt":"2025-03-18T17:15:43.191Z"},{"name":"Suren Bandara","email":"surenbandara7@gmail.com","phoneNumber":"+94712303075","vehicle":"Van","available":false,"createdAt":"2025-03-18T17:33:35.745Z","updatedAt":"2025-03-18T17:33:35.745Z"}]
2025-03-18T17:42:00.956Z info: updateRider::Rider updated successfully : [object Object]
2025-03-18T17:42:09.841Z info: listRiders::Riders fetched successfully : [{"name":"suren bandara","email":"bandaradpsd.19@uom.lk","phoneNumber":"+94712303075","vehicle":"Honda Civic","available":true,"createdAt":"2025-03-18T17:15:43.191Z","updatedAt":"2025-03-18T17:42:00.950Z"},{"name":"Suren Bandara","email":"surenbandara7@gmail.com","phoneNumber":"+94712303075","vehicle":"Van","available":false,"createdAt":"2025-03-18T17:33:35.745Z","updatedAt":"2025-03-18T17:33:35.745Z"}]
2025-03-18T17:42:15.672Z info: listRiders::Riders fetched successfully : [{"name":"suren bandara","email":"bandaradpsd.19@uom.lk","phoneNumber":"+94712303075","vehicle":"Honda Civic","available":true,"createdAt":"2025-03-18T17:15:43.191Z","updatedAt":"2025-03-18T17:42:00.950Z"},{"name":"Suren Bandara","email":"surenbandara7@gmail.com","phoneNumber":"+94712303075","vehicle":"Van","available":false,"createdAt":"2025-03-18T17:33:35.745Z","updatedAt":"2025-03-18T17:33:35.745Z"}]
2025-03-18T17:42:35.952Z info: updateRider::Rider updated successfully : [object Object]
2025-03-18T17:42:48.264Z info: listRiders::Riders fetched successfully : [{"name":"suren bandara","email":"bandaradpsd.19@uom.lk","phoneNumber":"+94712303075","vehicle":"Honda Civic","available":true,"createdAt":"2025-03-18T17:15:43.191Z","updatedAt":"2025-03-18T17:42:00.950Z"},{"name":"Suren Bandara","email":"surenbandara7@gmail.com","phoneNumber":"+94712303075","vehicle":"Van","available":true,"createdAt":"2025-03-18T17:33:35.745Z","updatedAt":"2025-03-18T17:42:35.949Z"}]
2025-03-18T17:42:55.673Z info: updateRider::Rider updated successfully : [object Object]
2025-03-18T17:43:06.020Z info: listShops::Shops fetched successfully : [{"name":"suren bandara","vendorName":"dsdsd","vendorEmai":"bandaradpsd.19@uom.lk","category":"restaurants","vendorPhoneNumber":"+94712303075","timestamp":1742313798517,"createdAt":"2025-03-18T16:03:19.041Z","updatedAt":"2025-03-18T16:03:19.041Z"},{"name":"suren bandarad","vendorName":"ddsds","vendorEmai":"bandaradpddsd.19@uom.lk","category":"restaurants","vendorPhoneNumber":"+94712303075","timestamp":1742314239595,"createdAt":"2025-03-18T16:10:40.107Z","updatedAt":"2025-03-18T16:10:40.107Z"}]
2025-03-18T17:43:31.371Z info: listShops::Shops fetched successfully : [{"name":"suren bandara","vendorName":"dsdsd","vendorEmai":"bandaradpsd.19@uom.lk","category":"restaurants","vendorPhoneNumber":"+94712303075","timestamp":1742313798517,"createdAt":"2025-03-18T16:03:19.041Z","updatedAt":"2025-03-18T16:03:19.041Z"},{"name":"suren bandarad","vendorName":"ddsds","vendorEmai":"bandaradpddsd.19@uom.lk","category":"restaurants","vendorPhoneNumber":"+94712303075","timestamp":1742314239595,"createdAt":"2025-03-18T16:10:40.107Z","updatedAt":"2025-03-18T16:10:40.107Z"}]
2025-03-18T17:44:04.095Z info: listShops::Shops fetched successfully : [{"name":"suren bandara","vendorName":"dsdsd","vendorEmai":"bandaradpsd.19@uom.lk","category":"restaurants","vendorPhoneNumber":"+94712303075","timestamp":1742313798517,"createdAt":"2025-03-18T16:03:19.041Z","updatedAt":"2025-03-18T16:03:19.041Z"},{"name":"suren bandarad","vendorName":"ddsds","vendorEmai":"bandaradpddsd.19@uom.lk","category":"restaurants","vendorPhoneNumber":"+94712303075","timestamp":1742314239595,"createdAt":"2025-03-18T16:10:40.107Z","updatedAt":"2025-03-18T16:10:40.107Z"}]
2025-03-18T17:44:08.386Z info: listShops::Shops fetched successfully : [{"name":"suren bandara","vendorName":"dsdsd","vendorEmai":"bandaradpsd.19@uom.lk","category":"restaurants","vendorPhoneNumber":"+94712303075","timestamp":1742313798517,"createdAt":"2025-03-18T16:03:19.041Z","updatedAt":"2025-03-18T16:03:19.041Z"},{"name":"suren bandarad","vendorName":"ddsds","vendorEmai":"bandaradpddsd.19@uom.lk","category":"restaurants","vendorPhoneNumber":"+94712303075","timestamp":1742314239595,"createdAt":"2025-03-18T16:10:40.107Z","updatedAt":"2025-03-18T16:10:40.107Z"}]
2025-03-18T17:44:18.751Z info: listShops::Shops fetched successfully : [{"name":"suren bandara","vendorName":"dsdsd","vendorEmai":"bandaradpsd.19@uom.lk","category":"restaurants","vendorPhoneNumber":"+94712303075","timestamp":1742313798517,"createdAt":"2025-03-18T16:03:19.041Z","updatedAt":"2025-03-18T16:03:19.041Z"},{"name":"suren bandarad","vendorName":"ddsds","vendorEmai":"bandaradpddsd.19@uom.lk","category":"restaurants","vendorPhoneNumber":"+94712303075","timestamp":1742314239595,"createdAt":"2025-03-18T16:10:40.107Z","updatedAt":"2025-03-18T16:10:40.107Z"}]
2025-03-18T17:44:21.560Z info: listShops::Shops fetched successfully : [{"name":"suren bandara","vendorName":"dsdsd","vendorEmai":"bandaradpsd.19@uom.lk","category":"restaurants","vendorPhoneNumber":"+94712303075","timestamp":1742313798517,"createdAt":"2025-03-18T16:03:19.041Z","updatedAt":"2025-03-18T16:03:19.041Z"},{"name":"suren bandarad","vendorName":"ddsds","vendorEmai":"bandaradpddsd.19@uom.lk","category":"restaurants","vendorPhoneNumber":"+94712303075","timestamp":1742314239595,"createdAt":"2025-03-18T16:10:40.107Z","updatedAt":"2025-03-18T16:10:40.107Z"}]
2025-03-18T17:44:25.914Z info: listShops::Shops fetched successfully : [{"name":"suren bandara","vendorName":"dsdsd","vendorEmai":"bandaradpsd.19@uom.lk","category":"restaurants","vendorPhoneNumber":"+94712303075","timestamp":1742313798517,"createdAt":"2025-03-18T16:03:19.041Z","updatedAt":"2025-03-18T16:03:19.041Z"},{"name":"suren bandarad","vendorName":"ddsds","vendorEmai":"bandaradpddsd.19@uom.lk","category":"restaurants","vendorPhoneNumber":"+94712303075","timestamp":1742314239595,"createdAt":"2025-03-18T16:10:40.107Z","updatedAt":"2025-03-18T16:10:40.107Z"}]
2025-03-18T17:44:37.330Z info: listShops::Shops fetched successfully : [{"name":"suren bandara","vendorName":"dsdsd","vendorEmai":"bandaradpsd.19@uom.lk","category":"restaurants","vendorPhoneNumber":"+94712303075","timestamp":1742313798517,"createdAt":"2025-03-18T16:03:19.041Z","updatedAt":"2025-03-18T16:03:19.041Z"},{"name":"suren bandarad","vendorName":"ddsds","vendorEmai":"bandaradpddsd.19@uom.lk","category":"restaurants","vendorPhoneNumber":"+94712303075","timestamp":1742314239595,"createdAt":"2025-03-18T16:10:40.107Z","updatedAt":"2025-03-18T16:10:40.107Z"}]
2025-03-18T17:44:38.664Z info: listShops::Shops fetched successfully : [{"name":"suren bandara","vendorName":"dsdsd","vendorEmai":"bandaradpsd.19@uom.lk","category":"restaurants","vendorPhoneNumber":"+94712303075","timestamp":1742313798517,"createdAt":"2025-03-18T16:03:19.041Z","updatedAt":"2025-03-18T16:03:19.041Z"},{"name":"suren bandarad","vendorName":"ddsds","vendorEmai":"bandaradpddsd.19@uom.lk","category":"restaurants","vendorPhoneNumber":"+94712303075","timestamp":1742314239595,"createdAt":"2025-03-18T16:10:40.107Z","updatedAt":"2025-03-18T16:10:40.107Z"}]
2025-03-18T17:44:42.421Z info: listShops::Shops fetched successfully : [{"name":"suren bandara","vendorName":"dsdsd","vendorEmai":"bandaradpsd.19@uom.lk","category":"restaurants","vendorPhoneNumber":"+94712303075","timestamp":1742313798517,"createdAt":"2025-03-18T16:03:19.041Z","updatedAt":"2025-03-18T16:03:19.041Z"},{"name":"suren bandarad","vendorName":"ddsds","vendorEmai":"bandaradpddsd.19@uom.lk","category":"restaurants","vendorPhoneNumber":"+94712303075","timestamp":1742314239595,"createdAt":"2025-03-18T16:10:40.107Z","updatedAt":"2025-03-18T16:10:40.107Z"}]
2025-03-18T17:44:44.638Z info: listShops::Shops fetched successfully : [{"name":"suren bandara","vendorName":"dsdsd","vendorEmai":"bandaradpsd.19@uom.lk","category":"restaurants","vendorPhoneNumber":"+94712303075","timestamp":1742313798517,"createdAt":"2025-03-18T16:03:19.041Z","updatedAt":"2025-03-18T16:03:19.041Z"},{"name":"suren bandarad","vendorName":"ddsds","vendorEmai":"bandaradpddsd.19@uom.lk","category":"restaurants","vendorPhoneNumber":"+94712303075","timestamp":1742314239595,"createdAt":"2025-03-18T16:10:40.107Z","updatedAt":"2025-03-18T16:10:40.107Z"}]
2025-03-18T17:45:30.230Z info: listShops::Shops fetched successfully : [{"name":"suren bandara","vendorName":"dsdsd","vendorEmai":"bandaradpsd.19@uom.lk","category":"restaurants","vendorPhoneNumber":"+94712303075","timestamp":1742313798517,"createdAt":"2025-03-18T16:03:19.041Z","updatedAt":"2025-03-18T16:03:19.041Z"},{"name":"suren bandarad","vendorName":"ddsds","vendorEmai":"bandaradpddsd.19@uom.lk","category":"restaurants","vendorPhoneNumber":"+94712303075","timestamp":1742314239595,"createdAt":"2025-03-18T16:10:40.107Z","updatedAt":"2025-03-18T16:10:40.107Z"}]
2025-03-18T17:45:36.916Z info: listShops::Shops fetched successfully : [{"name":"suren bandara","vendorName":"dsdsd","vendorEmai":"bandaradpsd.19@uom.lk","category":"restaurants","vendorPhoneNumber":"+94712303075","timestamp":1742313798517,"createdAt":"2025-03-18T16:03:19.041Z","updatedAt":"2025-03-18T16:03:19.041Z"},{"name":"suren bandarad","vendorName":"ddsds","vendorEmai":"bandaradpddsd.19@uom.lk","category":"restaurants","vendorPhoneNumber":"+94712303075","timestamp":1742314239595,"createdAt":"2025-03-18T16:10:40.107Z","updatedAt":"2025-03-18T16:10:40.107Z"}]
2025-03-18T17:45:43.270Z info: listShops::Shops fetched successfully : [{"name":"suren bandara","vendorName":"dsdsd","vendorEmai":"bandaradpsd.19@uom.lk","category":"restaurants","vendorPhoneNumber":"+94712303075","timestamp":1742313798517,"createdAt":"2025-03-18T16:03:19.041Z","updatedAt":"2025-03-18T16:03:19.041Z"},{"name":"suren bandarad","vendorName":"ddsds","vendorEmai":"bandaradpddsd.19@uom.lk","category":"restaurants","vendorPhoneNumber":"+94712303075","timestamp":1742314239595,"createdAt":"2025-03-18T16:10:40.107Z","updatedAt":"2025-03-18T16:10:40.107Z"}]
2025-03-18T17:45:48.271Z info: listShops::Shops fetched successfully : [{"name":"suren bandara","vendorName":"dsdsd","vendorEmai":"bandaradpsd.19@uom.lk","category":"restaurants","vendorPhoneNumber":"+94712303075","timestamp":1742313798517,"createdAt":"2025-03-18T16:03:19.041Z","updatedAt":"2025-03-18T16:03:19.041Z"},{"name":"suren bandarad","vendorName":"ddsds","vendorEmai":"bandaradpddsd.19@uom.lk","category":"restaurants","vendorPhoneNumber":"+94712303075","timestamp":1742314239595,"createdAt":"2025-03-18T16:10:40.107Z","updatedAt":"2025-03-18T16:10:40.107Z"}]
2025-03-18T17:45:56.090Z info: listRiders::Riders fetched successfully : [{"name":"suren bandara","email":"bandaradpsd.19@uom.lk","phoneNumber":"+94712303075","vehicle":"Honda Civic","available":true,"createdAt":"2025-03-18T17:15:43.191Z","updatedAt":"2025-03-18T17:42:00.950Z"},{"name":"Suren Bandara","email":"surenbandara7@gmail.com","phoneNumber":"+94712303075","vehicle":"Van","available":false,"createdAt":"2025-03-18T17:33:35.745Z","updatedAt":"2025-03-18T17:42:55.670Z"}]
2025-03-18T17:45:58.240Z info: listUsers::Users fetched successfully: [{"id":"2025-03-18T15:51:45.254Z","username":"systemAdmin","role":"admin","email":"systemAdmin@gmail.com","phoneNumber":"","profilePic":""},{"id":"2025-03-18T15:51:45.587Z","username":"lakshan1STPACK","role":"user","email":"lakshan1STPACK@gmail.com","phoneNumber":"","profilePic":""},{"id":"2025-03-18T15:51:45.693Z","username":"surenSTPACK","role":"user","email":"surenSTPACK@gmail.com","phoneNumber":"","profilePic":""}]
2025-03-18T17:49:20.373Z info: listRiders::Riders fetched successfully : [{"name":"suren bandara","email":"bandaradpsd.19@uom.lk","phoneNumber":"+94712303075","vehicle":"Honda Civic","available":true,"createdAt":"2025-03-18T17:15:43.191Z","updatedAt":"2025-03-18T17:42:00.950Z"},{"name":"Suren Bandara","email":"surenbandara7@gmail.com","phoneNumber":"+94712303075","vehicle":"Van","available":false,"createdAt":"2025-03-18T17:33:35.745Z","updatedAt":"2025-03-18T17:42:55.670Z"}]
2025-03-18T18:05:11.957Z error: ERROR::apiValidationHandler:  request/body must have required property 'email'
2025-03-18T18:05:27.255Z error: ERROR::apiValidationHandler:  request/body must have required property 'email'
2025-03-18T18:06:05.758Z error: ERROR::apiValidationHandler:  request/body must have required property 'timestamp'
2025-03-18T18:06:18.488Z info: MongoDB ::::: mongodb://localhost:27017/test-super-market
2025-03-18T18:06:18.744Z info: MongoDB connected
2025-03-18T18:06:18.747Z info: Server running on port 3000
2025-03-18T18:06:18.755Z info: Admin user already exists
2025-03-18T18:06:18.838Z info: Customer  lakshan1 user already exists
2025-03-18T18:06:18.908Z info: Customer  suren user already exists
2025-03-18T18:06:18.908Z info: starterPack added successfully
2025-03-18T18:06:33.530Z info: createNewCuisine::Cuisine created successfully : {"name":"sdsds","timestamp":1742321192966}
2025-03-18T18:13:22.095Z info: listRiders::Riders fetched successfully : [{"name":"suren bandara","email":"bandaradpsd.19@uom.lk","phoneNumber":"+94712303075","vehicle":"Honda Civic","available":true,"createdAt":"2025-03-18T17:15:43.191Z","updatedAt":"2025-03-18T17:42:00.950Z"},{"name":"Suren Bandara","email":"surenbandara7@gmail.com","phoneNumber":"+94712303075","vehicle":"Van","available":false,"createdAt":"2025-03-18T17:33:35.745Z","updatedAt":"2025-03-18T17:42:55.670Z"}]
2025-03-18T18:13:27.180Z info: listRiders::Riders fetched successfully : [{"name":"suren bandara","email":"bandaradpsd.19@uom.lk","phoneNumber":"+94712303075","vehicle":"Honda Civic","available":true,"createdAt":"2025-03-18T17:15:43.191Z","updatedAt":"2025-03-18T17:42:00.950Z"},{"name":"Suren Bandara","email":"surenbandara7@gmail.com","phoneNumber":"+94712303075","vehicle":"Van","available":false,"createdAt":"2025-03-18T17:33:35.745Z","updatedAt":"2025-03-18T17:42:55.670Z"}]
2025-03-18T18:13:52.165Z info: listRiders::Riders fetched successfully : [{"name":"suren bandara","email":"bandaradpsd.19@uom.lk","phoneNumber":"+94712303075","vehicle":"Honda Civic","available":true,"createdAt":"2025-03-18T17:15:43.191Z","updatedAt":"2025-03-18T17:42:00.950Z"},{"name":"Suren Bandara","email":"surenbandara7@gmail.com","phoneNumber":"+94712303075","vehicle":"Van","available":false,"createdAt":"2025-03-18T17:33:35.745Z","updatedAt":"2025-03-18T17:42:55.670Z"}]
2025-03-18T18:14:07.072Z info: listRiders::Riders fetched successfully : [{"name":"suren bandara","email":"bandaradpsd.19@uom.lk","phoneNumber":"+94712303075","vehicle":"Honda Civic","available":true,"createdAt":"2025-03-18T17:15:43.191Z","updatedAt":"2025-03-18T17:42:00.950Z"},{"name":"Suren Bandara","email":"surenbandara7@gmail.com","phoneNumber":"+94712303075","vehicle":"Van","available":false,"createdAt":"2025-03-18T17:33:35.745Z","updatedAt":"2025-03-18T17:42:55.670Z"}]
2025-03-18T18:14:10.960Z info: listRiders::Riders fetched successfully : [{"name":"suren bandara","email":"bandaradpsd.19@uom.lk","phoneNumber":"+94712303075","vehicle":"Honda Civic","available":true,"createdAt":"2025-03-18T17:15:43.191Z","updatedAt":"2025-03-18T17:42:00.950Z"},{"name":"Suren Bandara","email":"surenbandara7@gmail.com","phoneNumber":"+94712303075","vehicle":"Van","available":false,"createdAt":"2025-03-18T17:33:35.745Z","updatedAt":"2025-03-18T17:42:55.670Z"}]
2025-03-18T18:14:13.629Z info: listRiders::Riders fetched successfully : [{"name":"suren bandara","email":"bandaradpsd.19@uom.lk","phoneNumber":"+94712303075","vehicle":"Honda Civic","available":true,"createdAt":"2025-03-18T17:15:43.191Z","updatedAt":"2025-03-18T17:42:00.950Z"},{"name":"Suren Bandara","email":"surenbandara7@gmail.com","phoneNumber":"+94712303075","vehicle":"Van","available":false,"createdAt":"2025-03-18T17:33:35.745Z","updatedAt":"2025-03-18T17:42:55.670Z"}]
2025-03-18T18:14:25.081Z info: listRiders::Riders fetched successfully : [{"name":"suren bandara","email":"bandaradpsd.19@uom.lk","phoneNumber":"+94712303075","vehicle":"Honda Civic","available":true,"createdAt":"2025-03-18T17:15:43.191Z","updatedAt":"2025-03-18T17:42:00.950Z"},{"name":"Suren Bandara","email":"surenbandara7@gmail.com","phoneNumber":"+94712303075","vehicle":"Van","available":false,"createdAt":"2025-03-18T17:33:35.745Z","updatedAt":"2025-03-18T17:42:55.670Z"}]
2025-03-18T18:14:25.765Z info: listRiders::Riders fetched successfully : [{"name":"suren bandara","email":"bandaradpsd.19@uom.lk","phoneNumber":"+94712303075","vehicle":"Honda Civic","available":true,"createdAt":"2025-03-18T17:15:43.191Z","updatedAt":"2025-03-18T17:42:00.950Z"},{"name":"Suren Bandara","email":"surenbandara7@gmail.com","phoneNumber":"+94712303075","vehicle":"Van","available":false,"createdAt":"2025-03-18T17:33:35.745Z","updatedAt":"2025-03-18T17:42:55.670Z"}]
2025-03-18T18:14:28.098Z info: listRiders::Riders fetched successfully : [{"name":"suren bandara","email":"bandaradpsd.19@uom.lk","phoneNumber":"+94712303075","vehicle":"Honda Civic","available":true,"createdAt":"2025-03-18T17:15:43.191Z","updatedAt":"2025-03-18T17:42:00.950Z"},{"name":"Suren Bandara","email":"surenbandara7@gmail.com","phoneNumber":"+94712303075","vehicle":"Van","available":false,"createdAt":"2025-03-18T17:33:35.745Z","updatedAt":"2025-03-18T17:42:55.670Z"}]
2025-03-18T18:14:28.959Z info: listRiders::Riders fetched successfully : [{"name":"suren bandara","email":"bandaradpsd.19@uom.lk","phoneNumber":"+94712303075","vehicle":"Honda Civic","available":true,"createdAt":"2025-03-18T17:15:43.191Z","updatedAt":"2025-03-18T17:42:00.950Z"},{"name":"Suren Bandara","email":"surenbandara7@gmail.com","phoneNumber":"+94712303075","vehicle":"Van","available":false,"createdAt":"2025-03-18T17:33:35.745Z","updatedAt":"2025-03-18T17:42:55.670Z"}]
2025-03-18T18:14:35.739Z info: listRiders::Riders fetched successfully : [{"name":"suren bandara","email":"bandaradpsd.19@uom.lk","phoneNumber":"+94712303075","vehicle":"Honda Civic","available":true,"createdAt":"2025-03-18T17:15:43.191Z","updatedAt":"2025-03-18T17:42:00.950Z"},{"name":"Suren Bandara","email":"surenbandara7@gmail.com","phoneNumber":"+94712303075","vehicle":"Van","available":false,"createdAt":"2025-03-18T17:33:35.745Z","updatedAt":"2025-03-18T17:42:55.670Z"}]
2025-03-18T18:14:38.844Z info: listRiders::Riders fetched successfully : [{"name":"suren bandara","email":"bandaradpsd.19@uom.lk","phoneNumber":"+94712303075","vehicle":"Honda Civic","available":true,"createdAt":"2025-03-18T17:15:43.191Z","updatedAt":"2025-03-18T17:42:00.950Z"},{"name":"Suren Bandara","email":"surenbandara7@gmail.com","phoneNumber":"+94712303075","vehicle":"Van","available":false,"createdAt":"2025-03-18T17:33:35.745Z","updatedAt":"2025-03-18T17:42:55.670Z"}]
2025-03-18T18:14:46.031Z info: listRiders::Riders fetched successfully : [{"name":"suren bandara","email":"bandaradpsd.19@uom.lk","phoneNumber":"+94712303075","vehicle":"Honda Civic","available":true,"createdAt":"2025-03-18T17:15:43.191Z","updatedAt":"2025-03-18T17:42:00.950Z"},{"name":"Suren Bandara","email":"surenbandara7@gmail.com","phoneNumber":"+94712303075","vehicle":"Van","available":false,"createdAt":"2025-03-18T17:33:35.745Z","updatedAt":"2025-03-18T17:42:55.670Z"}]
2025-03-18T18:14:47.431Z info: listRiders::Riders fetched successfully : [{"name":"suren bandara","email":"bandaradpsd.19@uom.lk","phoneNumber":"+94712303075","vehicle":"Honda Civic","available":true,"createdAt":"2025-03-18T17:15:43.191Z","updatedAt":"2025-03-18T17:42:00.950Z"},{"name":"Suren Bandara","email":"surenbandara7@gmail.com","phoneNumber":"+94712303075","vehicle":"Van","available":false,"createdAt":"2025-03-18T17:33:35.745Z","updatedAt":"2025-03-18T17:42:55.670Z"}]
2025-03-18T18:15:25.590Z info: listCuisines::Cuisines fetched successfully : [{"name":"Italian","timestamp":1742321178908},{"name":"Vegetarian","timestamp":1742321178908},{"name":"Beverage","timestamp":1742321178908},{"name":"sdsds","timestamp":1742321192966}]
2025-03-18T18:15:47.319Z info: listCuisines::Cuisines fetched successfully : [{"name":"Italian","timestamp":1742321178908},{"name":"Vegetarian","timestamp":1742321178908},{"name":"Beverage","timestamp":1742321178908},{"name":"sdsds","timestamp":1742321192966}]
2025-03-18T18:17:23.750Z error: ERROR::apiValidationHandler:  Authorization header required
2025-03-18T18:18:34.058Z error: ERROR::apiValidationHandler:  Authorization header required
2025-03-18T18:21:09.528Z error: ERROR::apiValidationHandler:  Authorization header required
2025-03-18T18:21:14.014Z error: ERROR::apiValidationHandler:  Authorization header required
2025-03-18T19:06:46.820Z error: ERROR::apiValidationHandler:  Authorization header required
2025-03-18T19:06:54.403Z info: createNewCuisine::Cuisine created successfully : {"name":"sdsd","timestamp":1742324813888}
2025-03-18T19:06:58.833Z error: ERROR::apiValidationHandler:  Authorization header required
2025-03-18T19:07:28.985Z info: login:: User systemAdmin@gmail.com logged in successfully
2025-03-18T19:07:30.573Z info: listShops::Shops fetched successfully : [{"name":"suren bandara","vendorName":"dsdsd","vendorEmai":"bandaradpsd.19@uom.lk","category":"restaurants","vendorPhoneNumber":"+94712303075","timestamp":1742313798517,"createdAt":"2025-03-18T16:03:19.041Z","updatedAt":"2025-03-18T16:03:19.041Z"},{"name":"suren bandarad","vendorName":"ddsds","vendorEmai":"bandaradpddsd.19@uom.lk","category":"restaurants","vendorPhoneNumber":"+94712303075","timestamp":1742314239595,"createdAt":"2025-03-18T16:10:40.107Z","updatedAt":"2025-03-18T16:10:40.107Z"}]
2025-03-18T19:07:37.507Z info: listCuisines::Cuisines fetched successfully : [{"name":"Italian","timestamp":1742321178908},{"name":"Vegetarian","timestamp":1742321178908},{"name":"Beverage","timestamp":1742321178908},{"name":"sdsds","timestamp":1742321192966},{"name":"sdsd","timestamp":1742324813888}]
2025-03-18T19:08:04.848Z error: ERROR::apiValidationHandler:  Authorization header required
2025-03-18T19:08:18.081Z error: ERROR::apiValidationHandler:  Authorization header required
2025-03-18T19:08:35.029Z info: listCuisines::Cuisines fetched successfully : [{"name":"Italian","timestamp":1742321178908},{"name":"Vegetarian","timestamp":1742321178908},{"name":"Beverage","timestamp":1742321178908},{"name":"sdsds","timestamp":1742321192966},{"name":"sdsd","timestamp":1742324813888}]
2025-03-18T19:09:10.986Z info: listCuisines::Cuisines fetched successfully : [{"name":"Italian","timestamp":1742321178908},{"name":"Vegetarian","timestamp":1742321178908},{"name":"Beverage","timestamp":1742321178908},{"name":"sdsds","timestamp":1742321192966},{"name":"sdsd","timestamp":1742324813888}]
2025-03-18T19:11:48.196Z error: ERROR::apiValidationHandler:  Authorization header required
2025-03-18T19:12:25.339Z error: ERROR::apiValidationHandler:  Authorization header required
2025-03-18T19:12:43.177Z info: listShops::Shops fetched successfully : [{"name":"suren bandara","vendorName":"dsdsd","vendorEmai":"bandaradpsd.19@uom.lk","category":"restaurants","vendorPhoneNumber":"+94712303075","timestamp":1742313798517,"createdAt":"2025-03-18T16:03:19.041Z","updatedAt":"2025-03-18T16:03:19.041Z"},{"name":"suren bandarad","vendorName":"ddsds","vendorEmai":"bandaradpddsd.19@uom.lk","category":"restaurants","vendorPhoneNumber":"+94712303075","timestamp":1742314239595,"createdAt":"2025-03-18T16:10:40.107Z","updatedAt":"2025-03-18T16:10:40.107Z"}]
2025-03-18T19:12:48.735Z info: listRiders::Riders fetched successfully : [{"name":"suren bandara","email":"bandaradpsd.19@uom.lk","phoneNumber":"+94712303075","vehicle":"Honda Civic","available":true,"createdAt":"2025-03-18T17:15:43.191Z","updatedAt":"2025-03-18T17:42:00.950Z"},{"name":"Suren Bandara","email":"surenbandara7@gmail.com","phoneNumber":"+94712303075","vehicle":"Van","available":false,"createdAt":"2025-03-18T17:33:35.745Z","updatedAt":"2025-03-18T17:42:55.670Z"}]
2025-03-18T19:12:54.338Z info: listCuisines::Cuisines fetched successfully : [{"name":"Italian","timestamp":1742321178908},{"name":"Vegetarian","timestamp":1742321178908},{"name":"Beverage","timestamp":1742321178908},{"name":"sdsds","timestamp":1742321192966},{"name":"sdsd","timestamp":1742324813888}]
2025-03-19T05:54:40.015Z info: MongoDB ::::: mongodb://mongodb:27017/test-super-market-03
2025-03-19T05:54:40.224Z info: MongoDB connected
2025-03-19T05:54:40.226Z info: Server running on port 3000
2025-03-19T05:54:40.237Z info: Admin user already exists
2025-03-19T05:54:40.311Z info: Customer  lakshan1 user already exists
2025-03-19T05:54:40.396Z info: Customer  suren user already exists
2025-03-19T05:54:40.397Z info: starterPack added successfully
2025-03-19T07:24:34.346Z info: MongoDB ::::: mongodb://mongodb:27017/test-super-market-03
2025-03-19T07:24:34.553Z info: MongoDB connected
2025-03-19T07:24:34.555Z info: Server running on port 3000
2025-03-19T07:24:34.572Z info: Admin user already exists
2025-03-19T07:24:34.644Z info: Customer  lakshan1 user already exists
2025-03-19T07:24:34.717Z info: Customer  suren user already exists
2025-03-19T07:24:34.717Z info: starterPack added successfully
2025-03-19T12:04:44.743Z info: MongoDB ::::: mongodb://mongodb:27017/test-super-market-03
2025-03-19T12:04:44.948Z info: MongoDB connected
2025-03-19T12:04:44.951Z info: Server running on port 3000
2025-03-19T12:04:44.961Z info: Admin user already exists
2025-03-19T12:04:45.033Z info: Customer  lakshan1 user already exists
2025-03-19T12:04:45.118Z info: Customer  suren user already exists
2025-03-19T12:04:45.118Z info: starterPack added successfully
2025-03-19T12:43:07.603Z info: MongoDB ::::: mongodb://mongodb:27017/test-super-market-03
2025-03-19T12:43:07.971Z info: MongoDB connected
2025-03-19T12:43:07.973Z info: Server running on port 3000
2025-03-19T12:43:08.005Z info: Admin user already exists
2025-03-19T12:43:08.131Z info: Customer  lakshan1 user already exists
2025-03-19T12:43:08.249Z info: Customer  suren user already exists
2025-03-19T12:43:08.250Z info: starterPack added successfully
2025-03-20T03:44:01.446Z info: MongoDB ::::: mongodb://mongodb:27017/test-super-market-03
2025-03-20T03:44:01.653Z info: MongoDB connected
2025-03-20T03:44:01.655Z info: Server running on port 3000
2025-03-20T03:44:01.669Z info: Admin user already exists
2025-03-20T03:44:01.747Z info: Customer  lakshan1 user already exists
2025-03-20T03:44:01.815Z info: Customer  suren user already exists
2025-03-20T03:44:01.815Z info: starterPack added successfully
2025-03-22T03:42:20.108Z info: login:: User systemAdmin@gmail.com logged in successfully
2025-03-22T03:42:23.844Z info: listShops::Shops fetched successfully : [{"name":"Suren Bandara","vendorName":"ddsds","vendorEmai":"surenbandara7@gmail.com","category":"super-market","vendorPhoneNumber":"+94712303075","timestamp":1742231588490,"createdAt":"2025-03-17T17:13:26.804Z","updatedAt":"2025-03-17T17:13:26.804Z"},{"name":"surend","vendorName":"sdsds","vendorEmai":"bandarasren721@gmail.com","category":"super-market","vendorPhoneNumber":"+94712303075","timestamp":1742231753271,"createdAt":"2025-03-17T17:16:04.440Z","updatedAt":"2025-03-17T17:16:04.440Z"},{"name":"surandara","vendorName":"dffd","vendorEmai":"banddpsd.19@uom.lk","category":"super-market","vendorPhoneNumber":"+94712303075","timestamp":1742303955449,"createdAt":"2025-03-18T14:37:43.394Z","updatedAt":"2025-03-18T14:37:43.394Z"}]
2025-03-22T03:42:30.691Z info: listRiders::Riders fetched successfully : []
2025-03-22T03:42:32.942Z info: listUsers::Users fetched successfully: [{"id":"2025-03-17T15:58:59.124Z","username":"systemAdmin","role":"admin","email":"systemAdmin@gmail.com","phoneNumber":"","profilePic":""},{"id":"2025-03-17T15:58:59.517Z","username":"lakshan1STPACK","role":"user","email":"lakshan1STPACK@gmail.com","phoneNumber":"","profilePic":""},{"id":"2025-03-17T15:58:59.614Z","username":"surenSTPACK","role":"user","email":"surenSTPACK@gmail.com","phoneNumber":"","profilePic":""}]
2025-03-22T03:42:34.581Z info: listRiders::Riders fetched successfully : []
2025-03-22T03:42:38.273Z info: listUsers::Users fetched successfully: [{"id":"2025-03-17T15:58:59.124Z","username":"systemAdmin","role":"admin","email":"systemAdmin@gmail.com","phoneNumber":"","profilePic":""},{"id":"2025-03-17T15:58:59.517Z","username":"lakshan1STPACK","role":"user","email":"lakshan1STPACK@gmail.com","phoneNumber":"","profilePic":""},{"id":"2025-03-17T15:58:59.614Z","username":"surenSTPACK","role":"user","email":"surenSTPACK@gmail.com","phoneNumber":"","profilePic":""}]
2025-03-22T03:42:39.615Z info: listRiders::Riders fetched successfully : []
2025-03-22T03:42:43.683Z info: listUsers::Users fetched successfully: [{"id":"2025-03-17T15:58:59.124Z","username":"systemAdmin","role":"admin","email":"systemAdmin@gmail.com","phoneNumber":"","profilePic":""},{"id":"2025-03-17T15:58:59.517Z","username":"lakshan1STPACK","role":"user","email":"lakshan1STPACK@gmail.com","phoneNumber":"","profilePic":""},{"id":"2025-03-17T15:58:59.614Z","username":"surenSTPACK","role":"user","email":"surenSTPACK@gmail.com","phoneNumber":"","profilePic":""}]
2025-03-22T03:42:45.100Z info: listRiders::Riders fetched successfully : []
2025-03-22T03:42:46.869Z info: listUsers::Users fetched successfully: [{"id":"2025-03-17T15:58:59.124Z","username":"systemAdmin","role":"admin","email":"systemAdmin@gmail.com","phoneNumber":"","profilePic":""},{"id":"2025-03-17T15:58:59.517Z","username":"lakshan1STPACK","role":"user","email":"lakshan1STPACK@gmail.com","phoneNumber":"","profilePic":""},{"id":"2025-03-17T15:58:59.614Z","username":"surenSTPACK","role":"user","email":"surenSTPACK@gmail.com","phoneNumber":"","profilePic":""}]
2025-03-22T03:42:48.348Z info: listRiders::Riders fetched successfully : []
2025-03-22T03:42:48.936Z info: listShops::Shops fetched successfully : [{"name":"Suren Bandara","vendorName":"ddsds","vendorEmai":"surenbandara7@gmail.com","category":"super-market","vendorPhoneNumber":"+94712303075","timestamp":1742231588490,"createdAt":"2025-03-17T17:13:26.804Z","updatedAt":"2025-03-17T17:13:26.804Z"},{"name":"surend","vendorName":"sdsds","vendorEmai":"bandarasren721@gmail.com","category":"super-market","vendorPhoneNumber":"+94712303075","timestamp":1742231753271,"createdAt":"2025-03-17T17:16:04.440Z","updatedAt":"2025-03-17T17:16:04.440Z"},{"name":"surandara","vendorName":"dffd","vendorEmai":"banddpsd.19@uom.lk","category":"super-market","vendorPhoneNumber":"+94712303075","timestamp":1742303955449,"createdAt":"2025-03-18T14:37:43.394Z","updatedAt":"2025-03-18T14:37:43.394Z"}]
2025-03-22T03:42:49.759Z info: listUsers::Users fetched successfully: [{"id":"2025-03-17T15:58:59.124Z","username":"systemAdmin","role":"admin","email":"systemAdmin@gmail.com","phoneNumber":"","profilePic":""},{"id":"2025-03-17T15:58:59.517Z","username":"lakshan1STPACK","role":"user","email":"lakshan1STPACK@gmail.com","phoneNumber":"","profilePic":""},{"id":"2025-03-17T15:58:59.614Z","username":"surenSTPACK","role":"user","email":"surenSTPACK@gmail.com","phoneNumber":"","profilePic":""}]
2025-03-22T03:42:50.643Z info: listRiders::Riders fetched successfully : []
2025-03-22T03:43:11.771Z info: createNewRider::Rider created successfully : {"name":"Suren","email":"suren.bandara@yaalalabs.com","phoneNumber":"+94724341100","vehicle":"Bike","available":false,"createdAt":"2025-03-22T03:43:11.760Z","updatedAt":"2025-03-22T03:43:11.760Z"}
2025-03-22T03:43:12.315Z info: listRiders::Riders fetched successfully : [{"name":"Suren","email":"suren.bandara@yaalalabs.com","phoneNumber":"+94724341100","vehicle":"Bike","available":false,"createdAt":"2025-03-22T03:43:11.760Z","updatedAt":"2025-03-22T03:43:11.760Z"}]
2025-03-22T03:43:15.337Z info: listUsers::Users fetched successfully: [{"id":"2025-03-17T15:58:59.124Z","username":"systemAdmin","role":"admin","email":"systemAdmin@gmail.com","phoneNumber":"","profilePic":""},{"id":"2025-03-17T15:58:59.517Z","username":"lakshan1STPACK","role":"user","email":"lakshan1STPACK@gmail.com","phoneNumber":"","profilePic":""},{"id":"2025-03-17T15:58:59.614Z","username":"surenSTPACK","role":"user","email":"surenSTPACK@gmail.com","phoneNumber":"","profilePic":""}]
2025-03-22T03:43:19.932Z info: listCuisines::Cuisines fetched successfully : [{"name":"Italian","timestamp":1742442241815},{"name":"Vegetarian","timestamp":1742442241815},{"name":"Beverage","timestamp":1742442241815}]
2025-03-22T03:45:29.278Z info: listCuisines::Cuisines fetched successfully : [{"name":"Italian","timestamp":1742442241815},{"name":"Vegetarian","timestamp":1742442241815},{"name":"Beverage","timestamp":1742442241815}]
2025-03-22T03:47:02.277Z info: listCuisines::Cuisines fetched successfully : [{"name":"Italian","timestamp":1742442241815},{"name":"Vegetarian","timestamp":1742442241815},{"name":"Beverage","timestamp":1742442241815}]
2025-03-22T03:47:03.273Z info: listCuisines::Cuisines fetched successfully : [{"name":"Italian","timestamp":1742442241815},{"name":"Vegetarian","timestamp":1742442241815},{"name":"Beverage","timestamp":1742442241815}]
2025-03-22T03:47:10.277Z info: listCuisines::Cuisines fetched successfully : [{"name":"Italian","timestamp":1742442241815},{"name":"Vegetarian","timestamp":1742442241815},{"name":"Beverage","timestamp":1742442241815}]
2025-03-22T03:47:16.246Z error: ERROR::apiValidationHandler:  Authorization header required
2025-03-22T03:47:46.830Z error: ERROR::apiValidationHandler:  Authorization header required
2025-03-22T03:51:55.966Z error: ERROR::apiValidationHandler:  Authorization header required
2025-03-22T03:54:49.235Z error: ERROR::apiValidationHandler:  Authorization header required
2025-03-22T03:55:21.119Z error: ERROR::apiValidationHandler:  Authorization header required
2025-03-22T03:58:21.700Z info: listShops::Shops fetched successfully : [{"name":"Suren Bandara","vendorName":"ddsds","vendorEmai":"surenbandara7@gmail.com","category":"super-market","vendorPhoneNumber":"+94712303075","timestamp":1742231588490,"createdAt":"2025-03-17T17:13:26.804Z","updatedAt":"2025-03-17T17:13:26.804Z"},{"name":"surend","vendorName":"sdsds","vendorEmai":"bandarasren721@gmail.com","category":"super-market","vendorPhoneNumber":"+94712303075","timestamp":1742231753271,"createdAt":"2025-03-17T17:16:04.440Z","updatedAt":"2025-03-17T17:16:04.440Z"},{"name":"surandara","vendorName":"dffd","vendorEmai":"banddpsd.19@uom.lk","category":"super-market","vendorPhoneNumber":"+94712303075","timestamp":1742303955449,"createdAt":"2025-03-18T14:37:43.394Z","updatedAt":"2025-03-18T14:37:43.394Z"}]
2025-03-22T03:58:29.144Z info: listCuisines::Cuisines fetched successfully : [{"name":"Italian","timestamp":1742442241815},{"name":"Vegetarian","timestamp":1742442241815},{"name":"Beverage","timestamp":1742442241815}]
2025-03-22T04:01:16.478Z info: createNewCuisine::Cuisine created successfully : {"name":"fefefef","timestamp":1742616075947}
2025-03-22T04:02:09.035Z info: listCuisines::Cuisines fetched successfully : [{"name":"Italian","timestamp":1742442241815},{"name":"Vegetarian","timestamp":1742442241815},{"name":"Beverage","timestamp":1742442241815},{"name":"fefefef","timestamp":1742616075947}]
2025-03-22T04:02:43.201Z info: listCuisines::Cuisines fetched successfully : [{"name":"Italian","timestamp":1742442241815},{"name":"Vegetarian","timestamp":1742442241815},{"name":"Beverage","timestamp":1742442241815},{"name":"fefefef","timestamp":1742616075947}]
2025-03-22T04:03:02.684Z info: listCuisines::Cuisines fetched successfully : [{"name":"Italian","timestamp":1742442241815},{"name":"Vegetarian","timestamp":1742442241815},{"name":"Beverage","timestamp":1742442241815},{"name":"fefefef","timestamp":1742616075947}]
2025-03-22T04:03:05.964Z info: listCuisines::Cuisines fetched successfully : [{"name":"Italian","timestamp":1742442241815},{"name":"Vegetarian","timestamp":1742442241815},{"name":"Beverage","timestamp":1742442241815},{"name":"fefefef","timestamp":1742616075947}]
2025-03-22T04:03:18.162Z info: listCuisines::Cuisines fetched successfully : [{"name":"Italian","timestamp":1742442241815},{"name":"Vegetarian","timestamp":1742442241815},{"name":"Beverage","timestamp":1742442241815},{"name":"fefefef","timestamp":1742616075947}]
2025-03-22T04:03:29.088Z info: listCuisines::Cuisines fetched successfully : [{"name":"Italian","timestamp":1742442241815},{"name":"Vegetarian","timestamp":1742442241815},{"name":"Beverage","timestamp":1742442241815},{"name":"fefefef","timestamp":1742616075947}]
2025-03-22T04:03:56.126Z error: ERROR::apiValidationHandler:  Authorization header required
2025-03-22T04:04:05.626Z info: listShops::Shops fetched successfully : [{"name":"Suren Bandara","vendorName":"ddsds","vendorEmai":"surenbandara7@gmail.com","category":"super-market","vendorPhoneNumber":"+94712303075","timestamp":1742231588490,"createdAt":"2025-03-17T17:13:26.804Z","updatedAt":"2025-03-17T17:13:26.804Z"},{"name":"surend","vendorName":"sdsds","vendorEmai":"bandarasren721@gmail.com","category":"super-market","vendorPhoneNumber":"+94712303075","timestamp":1742231753271,"createdAt":"2025-03-17T17:16:04.440Z","updatedAt":"2025-03-17T17:16:04.440Z"},{"name":"surandara","vendorName":"dffd","vendorEmai":"banddpsd.19@uom.lk","category":"super-market","vendorPhoneNumber":"+94712303075","timestamp":1742303955449,"createdAt":"2025-03-18T14:37:43.394Z","updatedAt":"2025-03-18T14:37:43.394Z"}]
2025-03-22T04:04:08.910Z info: listCuisines::Cuisines fetched successfully : [{"name":"Italian","timestamp":1742442241815},{"name":"Vegetarian","timestamp":1742442241815},{"name":"Beverage","timestamp":1742442241815},{"name":"fefefef","timestamp":1742616075947}]
2025-03-22T04:04:56.168Z info: listCuisines::Cuisines fetched successfully : [{"name":"Italian","timestamp":1742442241815},{"name":"Vegetarian","timestamp":1742442241815},{"name":"Beverage","timestamp":1742442241815},{"name":"fefefef","timestamp":1742616075947}]
2025-03-22T04:04:58.282Z error: ERROR::apiValidationHandler:  not found
2025-03-22T04:05:06.694Z info: listCuisines::Cuisines fetched successfully : [{"name":"Italian","timestamp":1742442241815},{"name":"Vegetarian","timestamp":1742442241815},{"name":"Beverage","timestamp":1742442241815},{"name":"fefefef","timestamp":1742616075947}]
2025-03-22T04:06:00.559Z info: listCuisines::Cuisines fetched successfully : [{"name":"Italian","timestamp":1742442241815},{"name":"Vegetarian","timestamp":1742442241815},{"name":"Beverage","timestamp":1742442241815},{"name":"fefefef","timestamp":1742616075947}]
2025-03-22T04:06:07.473Z info: listCuisines::Cuisines fetched successfully : [{"name":"Italian","timestamp":1742442241815},{"name":"Vegetarian","timestamp":1742442241815},{"name":"Beverage","timestamp":1742442241815},{"name":"fefefef","timestamp":1742616075947}]
2025-03-22T04:06:29.039Z info: listCuisines::Cuisines fetched successfully : [{"name":"Italian","timestamp":1742442241815},{"name":"Vegetarian","timestamp":1742442241815},{"name":"Beverage","timestamp":1742442241815},{"name":"fefefef","timestamp":1742616075947}]
2025-03-22T04:06:36.365Z info: listCuisines::Cuisines fetched successfully : [{"name":"Italian","timestamp":1742442241815},{"name":"Vegetarian","timestamp":1742442241815},{"name":"Beverage","timestamp":1742442241815},{"name":"fefefef","timestamp":1742616075947}]
2025-03-22T04:06:43.992Z info: listCuisines::Cuisines fetched successfully : [{"name":"Italian","timestamp":1742442241815},{"name":"Vegetarian","timestamp":1742442241815},{"name":"Beverage","timestamp":1742442241815},{"name":"fefefef","timestamp":1742616075947}]
2025-03-22T04:07:09.255Z info: listCuisines::Cuisines fetched successfully : [{"name":"Italian","timestamp":1742442241815},{"name":"Vegetarian","timestamp":1742442241815},{"name":"Beverage","timestamp":1742442241815},{"name":"fefefef","timestamp":1742616075947}]
2025-03-22T04:07:17.441Z info: listCuisines::Cuisines fetched successfully : [{"name":"Italian","timestamp":1742442241815},{"name":"Vegetarian","timestamp":1742442241815},{"name":"Beverage","timestamp":1742442241815},{"name":"fefefef","timestamp":1742616075947}]
2025-03-22T04:08:08.465Z error: ERROR::apiValidationHandler:  Authorization header required
2025-03-22T04:08:40.732Z info: listShops::Shops fetched successfully : [{"name":"Suren Bandara","vendorName":"ddsds","vendorEmai":"surenbandara7@gmail.com","category":"super-market","vendorPhoneNumber":"+94712303075","timestamp":1742231588490,"createdAt":"2025-03-17T17:13:26.804Z","updatedAt":"2025-03-17T17:13:26.804Z"},{"name":"surend","vendorName":"sdsds","vendorEmai":"bandarasren721@gmail.com","category":"super-market","vendorPhoneNumber":"+94712303075","timestamp":1742231753271,"createdAt":"2025-03-17T17:16:04.440Z","updatedAt":"2025-03-17T17:16:04.440Z"},{"name":"surandara","vendorName":"dffd","vendorEmai":"banddpsd.19@uom.lk","category":"super-market","vendorPhoneNumber":"+94712303075","timestamp":1742303955449,"createdAt":"2025-03-18T14:37:43.394Z","updatedAt":"2025-03-18T14:37:43.394Z"}]
2025-03-22T04:08:43.514Z info: listRiders::Riders fetched successfully : [{"name":"Suren","email":"suren.bandara@yaalalabs.com","phoneNumber":"+94724341100","vehicle":"Bike","available":false,"createdAt":"2025-03-22T03:43:11.760Z","updatedAt":"2025-03-22T03:43:11.760Z"}]
2025-03-22T04:08:46.180Z info: listUsers::Users fetched successfully: [{"id":"2025-03-17T15:58:59.124Z","username":"systemAdmin","role":"admin","email":"systemAdmin@gmail.com","phoneNumber":"","profilePic":""},{"id":"2025-03-17T15:58:59.517Z","username":"lakshan1STPACK","role":"user","email":"lakshan1STPACK@gmail.com","phoneNumber":"","profilePic":""},{"id":"2025-03-17T15:58:59.614Z","username":"surenSTPACK","role":"user","email":"surenSTPACK@gmail.com","phoneNumber":"","profilePic":""}]
2025-03-22T04:08:48.891Z error: ERROR::apiValidationHandler:  not found
2025-03-22T04:08:50.650Z info: listCuisines::Cuisines fetched successfully : [{"name":"Italian","timestamp":1742442241815},{"name":"Vegetarian","timestamp":1742442241815},{"name":"Beverage","timestamp":1742442241815},{"name":"fefefef","timestamp":1742616075947}]
2025-03-22T04:08:53.601Z info: listUsers::Users fetched successfully: [{"id":"2025-03-17T15:58:59.124Z","username":"systemAdmin","role":"admin","email":"systemAdmin@gmail.com","phoneNumber":"","profilePic":""},{"id":"2025-03-17T15:58:59.517Z","username":"lakshan1STPACK","role":"user","email":"lakshan1STPACK@gmail.com","phoneNumber":"","profilePic":""},{"id":"2025-03-17T15:58:59.614Z","username":"surenSTPACK","role":"user","email":"surenSTPACK@gmail.com","phoneNumber":"","profilePic":""}]
2025-03-22T04:08:54.930Z info: listCuisines::Cuisines fetched successfully : [{"name":"Italian","timestamp":1742442241815},{"name":"Vegetarian","timestamp":1742442241815},{"name":"Beverage","timestamp":1742442241815},{"name":"fefefef","timestamp":1742616075947}]
2025-03-22T04:08:56.587Z error: ERROR::apiValidationHandler:  not found
2025-03-22T04:08:57.932Z info: listCuisines::Cuisines fetched successfully : [{"name":"Italian","timestamp":1742442241815},{"name":"Vegetarian","timestamp":1742442241815},{"name":"Beverage","timestamp":1742442241815},{"name":"fefefef","timestamp":1742616075947}]
2025-03-22T04:09:22.317Z info: listCuisines::Cuisines fetched successfully : [{"name":"Italian","timestamp":1742442241815},{"name":"Vegetarian","timestamp":1742442241815},{"name":"Beverage","timestamp":1742442241815},{"name":"fefefef","timestamp":1742616075947}]
2025-03-22T04:09:24.438Z info: listCuisines::Cuisines fetched successfully : [{"name":"Italian","timestamp":1742442241815},{"name":"Vegetarian","timestamp":1742442241815},{"name":"Beverage","timestamp":1742442241815},{"name":"fefefef","timestamp":1742616075947}]
2025-03-22T04:09:27.217Z info: listCuisines::Cuisines fetched successfully : [{"name":"Italian","timestamp":1742442241815},{"name":"Vegetarian","timestamp":1742442241815},{"name":"Beverage","timestamp":1742442241815},{"name":"fefefef","timestamp":1742616075947}]
2025-03-22T04:09:43.822Z error: ERROR::apiValidationHandler:  Authorization header required
2025-03-22T04:10:36.277Z error: ERROR::apiValidationHandler:  Authorization header required
2025-03-22T04:10:38.716Z error: ERROR::apiValidationHandler:  Authorization header required
2025-03-22T04:10:52.159Z error: ERROR::apiValidationHandler:  Authorization header required
2025-03-22T04:11:02.461Z error: ERROR::apiValidationHandler:  Authorization header required
2025-03-22T04:11:08.911Z info: listShops::Shops fetched successfully : [{"name":"Suren Bandara","vendorName":"ddsds","vendorEmai":"surenbandara7@gmail.com","category":"super-market","vendorPhoneNumber":"+94712303075","timestamp":1742231588490,"createdAt":"2025-03-17T17:13:26.804Z","updatedAt":"2025-03-17T17:13:26.804Z"},{"name":"surend","vendorName":"sdsds","vendorEmai":"bandarasren721@gmail.com","category":"super-market","vendorPhoneNumber":"+94712303075","timestamp":1742231753271,"createdAt":"2025-03-17T17:16:04.440Z","updatedAt":"2025-03-17T17:16:04.440Z"},{"name":"surandara","vendorName":"dffd","vendorEmai":"banddpsd.19@uom.lk","category":"super-market","vendorPhoneNumber":"+94712303075","timestamp":1742303955449,"createdAt":"2025-03-18T14:37:43.394Z","updatedAt":"2025-03-18T14:37:43.394Z"}]
2025-03-22T04:11:12.133Z info: listUsers::Users fetched successfully: [{"id":"2025-03-17T15:58:59.124Z","username":"systemAdmin","role":"admin","email":"systemAdmin@gmail.com","phoneNumber":"","profilePic":""},{"id":"2025-03-17T15:58:59.517Z","username":"lakshan1STPACK","role":"user","email":"lakshan1STPACK@gmail.com","phoneNumber":"","profilePic":""},{"id":"2025-03-17T15:58:59.614Z","username":"surenSTPACK","role":"user","email":"surenSTPACK@gmail.com","phoneNumber":"","profilePic":""}]
2025-03-22T04:11:14.496Z error: ERROR::apiValidationHandler:  not found
2025-03-22T04:11:21.100Z info: listCuisines::Cuisines fetched successfully : [{"name":"Italian","timestamp":1742442241815},{"name":"Vegetarian","timestamp":1742442241815},{"name":"Beverage","timestamp":1742442241815},{"name":"fefefef","timestamp":1742616075947}]
2025-03-22T04:12:16.884Z info: listUsers::Users fetched successfully: [{"id":"2025-03-17T15:58:59.124Z","username":"systemAdmin","role":"admin","email":"systemAdmin@gmail.com","phoneNumber":"","profilePic":""},{"id":"2025-03-17T15:58:59.517Z","username":"lakshan1STPACK","role":"user","email":"lakshan1STPACK@gmail.com","phoneNumber":"","profilePic":""},{"id":"2025-03-17T15:58:59.614Z","username":"surenSTPACK","role":"user","email":"surenSTPACK@gmail.com","phoneNumber":"","profilePic":""}]
2025-03-22T04:12:19.436Z error: ERROR::apiValidationHandler:  not found
2025-03-22T04:12:22.341Z info: listCuisines::Cuisines fetched successfully : [{"name":"Italian","timestamp":1742442241815},{"name":"Vegetarian","timestamp":1742442241815},{"name":"Beverage","timestamp":1742442241815},{"name":"fefefef","timestamp":1742616075947}]
2025-03-22T04:13:14.585Z info: listCuisines::Cuisines fetched successfully : [{"name":"Italian","timestamp":1742442241815},{"name":"Vegetarian","timestamp":1742442241815},{"name":"Beverage","timestamp":1742442241815},{"name":"fefefef","timestamp":1742616075947}]
2025-03-22T04:13:21.249Z info: listCuisines::Cuisines fetched successfully : [{"name":"Italian","timestamp":1742442241815},{"name":"Vegetarian","timestamp":1742442241815},{"name":"Beverage","timestamp":1742442241815},{"name":"fefefef","timestamp":1742616075947}]
2025-03-22T04:13:23.486Z error: ERROR::apiValidationHandler:  Authorization header required
2025-03-22T04:13:31.671Z error: ERROR::apiValidationHandler:  Authorization header required
2025-03-22T04:13:37.570Z error: ERROR::apiValidationHandler:  Authorization header required
2025-03-22T04:13:45.902Z error: ERROR::apiValidationHandler:  Authorization header required
2025-03-22T04:13:49.817Z error: ERROR::apiValidationHandler:  Authorization header required
2025-03-22T04:21:30.171Z info: listShops::Shops fetched successfully : [{"name":"Suren Bandara","vendorName":"ddsds","vendorEmai":"surenbandara7@gmail.com","category":"super-market","vendorPhoneNumber":"+94712303075","timestamp":1742231588490,"createdAt":"2025-03-17T17:13:26.804Z","updatedAt":"2025-03-17T17:13:26.804Z"},{"name":"surend","vendorName":"sdsds","vendorEmai":"bandarasren721@gmail.com","category":"super-market","vendorPhoneNumber":"+94712303075","timestamp":1742231753271,"createdAt":"2025-03-17T17:16:04.440Z","updatedAt":"2025-03-17T17:16:04.440Z"},{"name":"surandara","vendorName":"dffd","vendorEmai":"banddpsd.19@uom.lk","category":"super-market","vendorPhoneNumber":"+94712303075","timestamp":1742303955449,"createdAt":"2025-03-18T14:37:43.394Z","updatedAt":"2025-03-18T14:37:43.394Z"}]
2025-03-22T04:23:25.781Z info: listCuisines::Cuisines fetched successfully : [{"name":"Italian","timestamp":1742442241815},{"name":"Vegetarian","timestamp":1742442241815},{"name":"Beverage","timestamp":1742442241815},{"name":"fefefef","timestamp":1742616075947}]
2025-03-22T04:23:39.541Z info: listShops::Shops fetched successfully : [{"name":"Suren Bandara","vendorName":"ddsds","vendorEmai":"surenbandara7@gmail.com","category":"super-market","vendorPhoneNumber":"+94712303075","timestamp":1742231588490,"createdAt":"2025-03-17T17:13:26.804Z","updatedAt":"2025-03-17T17:13:26.804Z"},{"name":"surend","vendorName":"sdsds","vendorEmai":"bandarasren721@gmail.com","category":"super-market","vendorPhoneNumber":"+94712303075","timestamp":1742231753271,"createdAt":"2025-03-17T17:16:04.440Z","updatedAt":"2025-03-17T17:16:04.440Z"},{"name":"surandara","vendorName":"dffd","vendorEmai":"banddpsd.19@uom.lk","category":"super-market","vendorPhoneNumber":"+94712303075","timestamp":1742303955449,"createdAt":"2025-03-18T14:37:43.394Z","updatedAt":"2025-03-18T14:37:43.394Z"}]
2025-03-22T04:35:03.980Z info: listShops::Shops fetched successfully : [{"name":"Suren Bandara","vendorName":"ddsds","vendorEmai":"surenbandara7@gmail.com","category":"super-market","vendorPhoneNumber":"+94712303075","timestamp":1742231588490,"createdAt":"2025-03-17T17:13:26.804Z","updatedAt":"2025-03-17T17:13:26.804Z"},{"name":"surend","vendorName":"sdsds","vendorEmai":"bandarasren721@gmail.com","category":"super-market","vendorPhoneNumber":"+94712303075","timestamp":1742231753271,"createdAt":"2025-03-17T17:16:04.440Z","updatedAt":"2025-03-17T17:16:04.440Z"},{"name":"surandara","vendorName":"dffd","vendorEmai":"banddpsd.19@uom.lk","category":"super-market","vendorPhoneNumber":"+94712303075","timestamp":1742303955449,"createdAt":"2025-03-18T14:37:43.394Z","updatedAt":"2025-03-18T14:37:43.394Z"}]
2025-03-22T04:35:37.630Z info: listRiders::Riders fetched successfully : [{"name":"Suren","email":"suren.bandara@yaalalabs.com","phoneNumber":"+94724341100","vehicle":"Bike","available":false,"createdAt":"2025-03-22T03:43:11.760Z","updatedAt":"2025-03-22T03:43:11.760Z"}]
2025-03-22T04:36:20.276Z error: ERROR::apiValidationHandler:  not found
2025-03-22T04:36:53.926Z info: listUsers::Users fetched successfully: [{"id":"2025-03-17T15:58:59.124Z","username":"systemAdmin","role":"admin","email":"systemAdmin@gmail.com","phoneNumber":"","profilePic":""},{"id":"2025-03-17T15:58:59.517Z","username":"lakshan1STPACK","role":"user","email":"lakshan1STPACK@gmail.com","phoneNumber":"","profilePic":""},{"id":"2025-03-17T15:58:59.614Z","username":"surenSTPACK","role":"user","email":"surenSTPACK@gmail.com","phoneNumber":"","profilePic":""}]
2025-03-22T04:36:56.523Z info: listCuisines::Cuisines fetched successfully : [{"name":"Italian","timestamp":1742442241815},{"name":"Vegetarian","timestamp":1742442241815},{"name":"Beverage","timestamp":1742442241815},{"name":"fefefef","timestamp":1742616075947}]
2025-03-22T04:37:13.126Z info: listCuisines::Cuisines fetched successfully : [{"name":"Italian","timestamp":1742442241815},{"name":"Vegetarian","timestamp":1742442241815},{"name":"Beverage","timestamp":1742442241815},{"name":"fefefef","timestamp":1742616075947}]
2025-03-22T04:38:21.757Z info: listUsers::Users fetched successfully: [{"id":"2025-03-17T15:58:59.124Z","username":"systemAdmin","role":"admin","email":"systemAdmin@gmail.com","phoneNumber":"","profilePic":""},{"id":"2025-03-17T15:58:59.517Z","username":"lakshan1STPACK","role":"user","email":"lakshan1STPACK@gmail.com","phoneNumber":"","profilePic":""},{"id":"2025-03-17T15:58:59.614Z","username":"surenSTPACK","role":"user","email":"surenSTPACK@gmail.com","phoneNumber":"","profilePic":""}]
2025-03-22T04:38:26.669Z error: ERROR::apiValidationHandler:  not found
2025-03-22T04:38:27.979Z info: listUsers::Users fetched successfully: [{"id":"2025-03-17T15:58:59.124Z","username":"systemAdmin","role":"admin","email":"systemAdmin@gmail.com","phoneNumber":"","profilePic":""},{"id":"2025-03-17T15:58:59.517Z","username":"lakshan1STPACK","role":"user","email":"lakshan1STPACK@gmail.com","phoneNumber":"","profilePic":""},{"id":"2025-03-17T15:58:59.614Z","username":"surenSTPACK","role":"user","email":"surenSTPACK@gmail.com","phoneNumber":"","profilePic":""}]
2025-03-22T04:38:39.425Z info: listUsers::Users fetched successfully: [{"id":"2025-03-17T15:58:59.124Z","username":"systemAdmin","role":"admin","email":"systemAdmin@gmail.com","phoneNumber":"","profilePic":""},{"id":"2025-03-17T15:58:59.517Z","username":"lakshan1STPACK","role":"user","email":"lakshan1STPACK@gmail.com","phoneNumber":"","profilePic":""},{"id":"2025-03-17T15:58:59.614Z","username":"surenSTPACK","role":"user","email":"surenSTPACK@gmail.com","phoneNumber":"","profilePic":""}]
2025-03-22T04:38:45.659Z error: ERROR::apiValidationHandler:  not found
2025-03-22T04:38:48.945Z info: listUsers::Users fetched successfully: [{"id":"2025-03-17T15:58:59.124Z","username":"systemAdmin","role":"admin","email":"systemAdmin@gmail.com","phoneNumber":"","profilePic":""},{"id":"2025-03-17T15:58:59.517Z","username":"lakshan1STPACK","role":"user","email":"lakshan1STPACK@gmail.com","phoneNumber":"","profilePic":""},{"id":"2025-03-17T15:58:59.614Z","username":"surenSTPACK","role":"user","email":"surenSTPACK@gmail.com","phoneNumber":"","profilePic":""}]
2025-03-22T04:38:51.952Z error: ERROR::apiValidationHandler:  not found
2025-03-22T04:39:04.619Z error: ERROR::apiValidationHandler:  not found
2025-03-22T04:39:08.561Z error: ERROR::apiValidationHandler:  not found
2025-03-22T04:39:13.727Z error: ERROR::apiValidationHandler:  not found
2025-03-22T04:39:16.872Z error: ERROR::apiValidationHandler:  not found
2025-03-22T04:39:22.415Z error: ERROR::apiValidationHandler:  not found
2025-03-22T04:39:34.529Z error: ERROR::apiValidationHandler:  not found
2025-03-22T04:39:44.776Z error: ERROR::apiValidationHandler:  not found
2025-03-22T04:39:49.082Z error: ERROR::apiValidationHandler:  not found
2025-03-22T04:39:57.606Z error: ERROR::apiValidationHandler:  not found
2025-03-22T04:40:06.867Z error: ERROR::apiValidationHandler:  not found
2025-03-22T04:40:22.969Z error: ERROR::apiValidationHandler:  not found
2025-03-22T04:40:24.874Z info: login:: User systemAdmin@gmail.com logged in successfully
2025-03-22T04:41:48.936Z info: listShops::Shops fetched successfully : [{"name":"Suren Bandara","vendorName":"ddsds","vendorEmai":"surenbandara7@gmail.com","category":"super-market","vendorPhoneNumber":"+94712303075","timestamp":1742231588490,"createdAt":"2025-03-17T17:13:26.804Z","updatedAt":"2025-03-17T17:13:26.804Z"},{"name":"surend","vendorName":"sdsds","vendorEmai":"bandarasren721@gmail.com","category":"super-market","vendorPhoneNumber":"+94712303075","timestamp":1742231753271,"createdAt":"2025-03-17T17:16:04.440Z","updatedAt":"2025-03-17T17:16:04.440Z"},{"name":"surandara","vendorName":"dffd","vendorEmai":"banddpsd.19@uom.lk","category":"super-market","vendorPhoneNumber":"+94712303075","timestamp":1742303955449,"createdAt":"2025-03-18T14:37:43.394Z","updatedAt":"2025-03-18T14:37:43.394Z"}]
2025-03-22T04:41:54.043Z info: listRiders::Riders fetched successfully : [{"name":"Suren","email":"suren.bandara@yaalalabs.com","phoneNumber":"+94724341100","vehicle":"Bike","available":false,"createdAt":"2025-03-22T03:43:11.760Z","updatedAt":"2025-03-22T03:43:11.760Z"}]
2025-03-22T04:41:56.263Z info: listUsers::Users fetched successfully: [{"id":"2025-03-17T15:58:59.124Z","username":"systemAdmin","role":"admin","email":"systemAdmin@gmail.com","phoneNumber":"","profilePic":""},{"id":"2025-03-17T15:58:59.517Z","username":"lakshan1STPACK","role":"user","email":"lakshan1STPACK@gmail.com","phoneNumber":"","profilePic":""},{"id":"2025-03-17T15:58:59.614Z","username":"surenSTPACK","role":"user","email":"surenSTPACK@gmail.com","phoneNumber":"","profilePic":""}]
2025-03-22T04:42:35.446Z info: listCuisines::Cuisines fetched successfully : [{"name":"Italian","timestamp":1742442241815},{"name":"Vegetarian","timestamp":1742442241815},{"name":"Beverage","timestamp":1742442241815},{"name":"fefefef","timestamp":1742616075947}]
2025-03-22T04:42:39.081Z error: ERROR::apiValidationHandler:  not found
2025-03-22T04:42:45.671Z info: listRiders::Riders fetched successfully : [{"name":"Suren","email":"suren.bandara@yaalalabs.com","phoneNumber":"+94724341100","vehicle":"Bike","available":false,"createdAt":"2025-03-22T03:43:11.760Z","updatedAt":"2025-03-22T03:43:11.760Z"}]
2025-03-22T04:43:00.294Z info: listShops::Shops fetched successfully : [{"name":"Suren Bandara","vendorName":"ddsds","vendorEmai":"surenbandara7@gmail.com","category":"super-market","vendorPhoneNumber":"+94712303075","timestamp":1742231588490,"createdAt":"2025-03-17T17:13:26.804Z","updatedAt":"2025-03-17T17:13:26.804Z"},{"name":"surend","vendorName":"sdsds","vendorEmai":"bandarasren721@gmail.com","category":"super-market","vendorPhoneNumber":"+94712303075","timestamp":1742231753271,"createdAt":"2025-03-17T17:16:04.440Z","updatedAt":"2025-03-17T17:16:04.440Z"},{"name":"surandara","vendorName":"dffd","vendorEmai":"banddpsd.19@uom.lk","category":"super-market","vendorPhoneNumber":"+94712303075","timestamp":1742303955449,"createdAt":"2025-03-18T14:37:43.394Z","updatedAt":"2025-03-18T14:37:43.394Z"}]
2025-03-22T04:43:14.722Z error: ERROR::apiValidationHandler:  not found
2025-03-22T04:43:37.118Z info: listShops::Shops fetched successfully : [{"name":"Suren Bandara","vendorName":"ddsds","vendorEmai":"surenbandara7@gmail.com","category":"super-market","vendorPhoneNumber":"+94712303075","timestamp":1742231588490,"createdAt":"2025-03-17T17:13:26.804Z","updatedAt":"2025-03-17T17:13:26.804Z"},{"name":"surend","vendorName":"sdsds","vendorEmai":"bandarasren721@gmail.com","category":"super-market","vendorPhoneNumber":"+94712303075","timestamp":1742231753271,"createdAt":"2025-03-17T17:16:04.440Z","updatedAt":"2025-03-17T17:16:04.440Z"},{"name":"surandara","vendorName":"dffd","vendorEmai":"banddpsd.19@uom.lk","category":"super-market","vendorPhoneNumber":"+94712303075","timestamp":1742303955449,"createdAt":"2025-03-18T14:37:43.394Z","updatedAt":"2025-03-18T14:37:43.394Z"}]
2025-03-22T04:43:55.273Z error: ERROR::apiValidationHandler:  not found
2025-03-22T04:44:24.184Z info: listShops::Shops fetched successfully : [{"name":"Suren Bandara","vendorName":"ddsds","vendorEmai":"surenbandara7@gmail.com","category":"super-market","vendorPhoneNumber":"+94712303075","timestamp":1742231588490,"createdAt":"2025-03-17T17:13:26.804Z","updatedAt":"2025-03-17T17:13:26.804Z"},{"name":"surend","vendorName":"sdsds","vendorEmai":"bandarasren721@gmail.com","category":"super-market","vendorPhoneNumber":"+94712303075","timestamp":1742231753271,"createdAt":"2025-03-17T17:16:04.440Z","updatedAt":"2025-03-17T17:16:04.440Z"},{"name":"surandara","vendorName":"dffd","vendorEmai":"banddpsd.19@uom.lk","category":"super-market","vendorPhoneNumber":"+94712303075","timestamp":1742303955449,"createdAt":"2025-03-18T14:37:43.394Z","updatedAt":"2025-03-18T14:37:43.394Z"}]
2025-03-22T04:44:28.166Z error: ERROR::apiValidationHandler:  not found
2025-03-22T04:44:44.607Z info: listShops::Shops fetched successfully : [{"name":"Suren Bandara","vendorName":"ddsds","vendorEmai":"surenbandara7@gmail.com","category":"super-market","vendorPhoneNumber":"+94712303075","timestamp":1742231588490,"createdAt":"2025-03-17T17:13:26.804Z","updatedAt":"2025-03-17T17:13:26.804Z"},{"name":"surend","vendorName":"sdsds","vendorEmai":"bandarasren721@gmail.com","category":"super-market","vendorPhoneNumber":"+94712303075","timestamp":1742231753271,"createdAt":"2025-03-17T17:16:04.440Z","updatedAt":"2025-03-17T17:16:04.440Z"},{"name":"surandara","vendorName":"dffd","vendorEmai":"banddpsd.19@uom.lk","category":"super-market","vendorPhoneNumber":"+94712303075","timestamp":1742303955449,"createdAt":"2025-03-18T14:37:43.394Z","updatedAt":"2025-03-18T14:37:43.394Z"}]
2025-03-22T04:45:33.550Z info: listShops::Shops fetched successfully : [{"name":"Suren Bandara","vendorName":"ddsds","vendorEmai":"surenbandara7@gmail.com","category":"super-market","vendorPhoneNumber":"+94712303075","timestamp":1742231588490,"createdAt":"2025-03-17T17:13:26.804Z","updatedAt":"2025-03-17T17:13:26.804Z"},{"name":"surend","vendorName":"sdsds","vendorEmai":"bandarasren721@gmail.com","category":"super-market","vendorPhoneNumber":"+94712303075","timestamp":1742231753271,"createdAt":"2025-03-17T17:16:04.440Z","updatedAt":"2025-03-17T17:16:04.440Z"},{"name":"surandara","vendorName":"dffd","vendorEmai":"banddpsd.19@uom.lk","category":"super-market","vendorPhoneNumber":"+94712303075","timestamp":1742303955449,"createdAt":"2025-03-18T14:37:43.394Z","updatedAt":"2025-03-18T14:37:43.394Z"}]
2025-03-22T04:46:04.114Z info: listShops::Shops fetched successfully : [{"name":"Suren Bandara","vendorName":"ddsds","vendorEmai":"surenbandara7@gmail.com","category":"super-market","vendorPhoneNumber":"+94712303075","timestamp":1742231588490,"createdAt":"2025-03-17T17:13:26.804Z","updatedAt":"2025-03-17T17:13:26.804Z"},{"name":"surend","vendorName":"sdsds","vendorEmai":"bandarasren721@gmail.com","category":"super-market","vendorPhoneNumber":"+94712303075","timestamp":1742231753271,"createdAt":"2025-03-17T17:16:04.440Z","updatedAt":"2025-03-17T17:16:04.440Z"},{"name":"surandara","vendorName":"dffd","vendorEmai":"banddpsd.19@uom.lk","category":"super-market","vendorPhoneNumber":"+94712303075","timestamp":1742303955449,"createdAt":"2025-03-18T14:37:43.394Z","updatedAt":"2025-03-18T14:37:43.394Z"}]
2025-03-22T04:46:09.531Z error: ERROR::apiValidationHandler:  not found
2025-03-22T04:47:02.039Z info: listShops::Shops fetched successfully : [{"name":"Suren Bandara","vendorName":"ddsds","vendorEmai":"surenbandara7@gmail.com","category":"super-market","vendorPhoneNumber":"+94712303075","timestamp":1742231588490,"createdAt":"2025-03-17T17:13:26.804Z","updatedAt":"2025-03-17T17:13:26.804Z"},{"name":"surend","vendorName":"sdsds","vendorEmai":"bandarasren721@gmail.com","category":"super-market","vendorPhoneNumber":"+94712303075","timestamp":1742231753271,"createdAt":"2025-03-17T17:16:04.440Z","updatedAt":"2025-03-17T17:16:04.440Z"},{"name":"surandara","vendorName":"dffd","vendorEmai":"banddpsd.19@uom.lk","category":"super-market","vendorPhoneNumber":"+94712303075","timestamp":1742303955449,"createdAt":"2025-03-18T14:37:43.394Z","updatedAt":"2025-03-18T14:37:43.394Z"}]
2025-03-22T04:50:50.119Z info: listShops::Shops fetched successfully : [{"name":"Suren Bandara","vendorName":"ddsds","vendorEmai":"surenbandara7@gmail.com","category":"super-market","vendorPhoneNumber":"+94712303075","timestamp":1742231588490,"createdAt":"2025-03-17T17:13:26.804Z","updatedAt":"2025-03-17T17:13:26.804Z"},{"name":"surend","vendorName":"sdsds","vendorEmai":"bandarasren721@gmail.com","category":"super-market","vendorPhoneNumber":"+94712303075","timestamp":1742231753271,"createdAt":"2025-03-17T17:16:04.440Z","updatedAt":"2025-03-17T17:16:04.440Z"},{"name":"surandara","vendorName":"dffd","vendorEmai":"banddpsd.19@uom.lk","category":"super-market","vendorPhoneNumber":"+94712303075","timestamp":1742303955449,"createdAt":"2025-03-18T14:37:43.394Z","updatedAt":"2025-03-18T14:37:43.394Z"}]
2025-03-22T04:51:03.450Z info: listUsers::Users fetched successfully: [{"id":"2025-03-17T15:58:59.124Z","username":"systemAdmin","role":"admin","email":"systemAdmin@gmail.com","phoneNumber":"","profilePic":""},{"id":"2025-03-17T15:58:59.517Z","username":"lakshan1STPACK","role":"user","email":"lakshan1STPACK@gmail.com","phoneNumber":"","profilePic":""},{"id":"2025-03-17T15:58:59.614Z","username":"surenSTPACK","role":"user","email":"surenSTPACK@gmail.com","phoneNumber":"","profilePic":""}]
2025-03-22T04:51:06.072Z info: listShops::Shops fetched successfully : [{"name":"Suren Bandara","vendorName":"ddsds","vendorEmai":"surenbandara7@gmail.com","category":"super-market","vendorPhoneNumber":"+94712303075","timestamp":1742231588490,"createdAt":"2025-03-17T17:13:26.804Z","updatedAt":"2025-03-17T17:13:26.804Z"},{"name":"surend","vendorName":"sdsds","vendorEmai":"bandarasren721@gmail.com","category":"super-market","vendorPhoneNumber":"+94712303075","timestamp":1742231753271,"createdAt":"2025-03-17T17:16:04.440Z","updatedAt":"2025-03-17T17:16:04.440Z"},{"name":"surandara","vendorName":"dffd","vendorEmai":"banddpsd.19@uom.lk","category":"super-market","vendorPhoneNumber":"+94712303075","timestamp":1742303955449,"createdAt":"2025-03-18T14:37:43.394Z","updatedAt":"2025-03-18T14:37:43.394Z"}]
2025-03-22T04:51:08.214Z info: listRiders::Riders fetched successfully : [{"name":"Suren","email":"suren.bandara@yaalalabs.com","phoneNumber":"+94724341100","vehicle":"Bike","available":false,"createdAt":"2025-03-22T03:43:11.760Z","updatedAt":"2025-03-22T03:43:11.760Z"}]
2025-03-22T04:51:19.787Z info: listRiders::Riders fetched successfully : [{"name":"Suren","email":"suren.bandara@yaalalabs.com","phoneNumber":"+94724341100","vehicle":"Bike","available":false,"createdAt":"2025-03-22T03:43:11.760Z","updatedAt":"2025-03-22T03:43:11.760Z"}]
2025-03-22T04:51:22.455Z info: listUsers::Users fetched successfully: [{"id":"2025-03-17T15:58:59.124Z","username":"systemAdmin","role":"admin","email":"systemAdmin@gmail.com","phoneNumber":"","profilePic":""},{"id":"2025-03-17T15:58:59.517Z","username":"lakshan1STPACK","role":"user","email":"lakshan1STPACK@gmail.com","phoneNumber":"","profilePic":""},{"id":"2025-03-17T15:58:59.614Z","username":"surenSTPACK","role":"user","email":"surenSTPACK@gmail.com","phoneNumber":"","profilePic":""}]
2025-03-22T04:51:28.038Z error: ERROR::apiValidationHandler:  not found
2025-03-22T04:51:30.120Z info: listCuisines::Cuisines fetched successfully : [{"name":"Italian","timestamp":1742442241815},{"name":"Vegetarian","timestamp":1742442241815},{"name":"Beverage","timestamp":1742442241815},{"name":"fefefef","timestamp":1742616075947}]
2025-03-22T04:51:38.435Z info: listShops::Shops fetched successfully : [{"name":"Suren Bandara","vendorName":"ddsds","vendorEmai":"surenbandara7@gmail.com","category":"super-market","vendorPhoneNumber":"+94712303075","timestamp":1742231588490,"createdAt":"2025-03-17T17:13:26.804Z","updatedAt":"2025-03-17T17:13:26.804Z"},{"name":"surend","vendorName":"sdsds","vendorEmai":"bandarasren721@gmail.com","category":"super-market","vendorPhoneNumber":"+94712303075","timestamp":1742231753271,"createdAt":"2025-03-17T17:16:04.440Z","updatedAt":"2025-03-17T17:16:04.440Z"},{"name":"surandara","vendorName":"dffd","vendorEmai":"banddpsd.19@uom.lk","category":"super-market","vendorPhoneNumber":"+94712303075","timestamp":1742303955449,"createdAt":"2025-03-18T14:37:43.394Z","updatedAt":"2025-03-18T14:37:43.394Z"}]
2025-03-22T04:53:53.354Z info: listShops::Shops fetched successfully : [{"name":"Suren Bandara","vendorName":"ddsds","vendorEmai":"surenbandara7@gmail.com","category":"super-market","vendorPhoneNumber":"+94712303075","timestamp":1742231588490,"createdAt":"2025-03-17T17:13:26.804Z","updatedAt":"2025-03-17T17:13:26.804Z"},{"name":"surend","vendorName":"sdsds","vendorEmai":"bandarasren721@gmail.com","category":"super-market","vendorPhoneNumber":"+94712303075","timestamp":1742231753271,"createdAt":"2025-03-17T17:16:04.440Z","updatedAt":"2025-03-17T17:16:04.440Z"},{"name":"surandara","vendorName":"dffd","vendorEmai":"banddpsd.19@uom.lk","category":"super-market","vendorPhoneNumber":"+94712303075","timestamp":1742303955449,"createdAt":"2025-03-18T14:37:43.394Z","updatedAt":"2025-03-18T14:37:43.394Z"}]
2025-03-22T04:55:13.577Z info: listShops::Shops fetched successfully : [{"name":"Suren Bandara","vendorName":"ddsds","vendorEmai":"surenbandara7@gmail.com","category":"super-market","vendorPhoneNumber":"+94712303075","timestamp":1742231588490,"createdAt":"2025-03-17T17:13:26.804Z","updatedAt":"2025-03-17T17:13:26.804Z"},{"name":"surend","vendorName":"sdsds","vendorEmai":"bandarasren721@gmail.com","category":"super-market","vendorPhoneNumber":"+94712303075","timestamp":1742231753271,"createdAt":"2025-03-17T17:16:04.440Z","updatedAt":"2025-03-17T17:16:04.440Z"},{"name":"surandara","vendorName":"dffd","vendorEmai":"banddpsd.19@uom.lk","category":"super-market","vendorPhoneNumber":"+94712303075","timestamp":1742303955449,"createdAt":"2025-03-18T14:37:43.394Z","updatedAt":"2025-03-18T14:37:43.394Z"}]
2025-03-22T04:55:55.583Z info: listShops::Shops fetched successfully : [{"name":"Suren Bandara","vendorName":"ddsds","vendorEmai":"surenbandara7@gmail.com","category":"super-market","vendorPhoneNumber":"+94712303075","timestamp":1742231588490,"createdAt":"2025-03-17T17:13:26.804Z","updatedAt":"2025-03-17T17:13:26.804Z"},{"name":"surend","vendorName":"sdsds","vendorEmai":"bandarasren721@gmail.com","category":"super-market","vendorPhoneNumber":"+94712303075","timestamp":1742231753271,"createdAt":"2025-03-17T17:16:04.440Z","updatedAt":"2025-03-17T17:16:04.440Z"},{"name":"surandara","vendorName":"dffd","vendorEmai":"banddpsd.19@uom.lk","category":"super-market","vendorPhoneNumber":"+94712303075","timestamp":1742303955449,"createdAt":"2025-03-18T14:37:43.394Z","updatedAt":"2025-03-18T14:37:43.394Z"}]
2025-03-22T04:56:32.887Z info: listShops::Shops fetched successfully : [{"name":"Suren Bandara","vendorName":"ddsds","vendorEmai":"surenbandara7@gmail.com","category":"super-market","vendorPhoneNumber":"+94712303075","timestamp":1742231588490,"createdAt":"2025-03-17T17:13:26.804Z","updatedAt":"2025-03-17T17:13:26.804Z"},{"name":"surend","vendorName":"sdsds","vendorEmai":"bandarasren721@gmail.com","category":"super-market","vendorPhoneNumber":"+94712303075","timestamp":1742231753271,"createdAt":"2025-03-17T17:16:04.440Z","updatedAt":"2025-03-17T17:16:04.440Z"},{"name":"surandara","vendorName":"dffd","vendorEmai":"banddpsd.19@uom.lk","category":"super-market","vendorPhoneNumber":"+94712303075","timestamp":1742303955449,"createdAt":"2025-03-18T14:37:43.394Z","updatedAt":"2025-03-18T14:37:43.394Z"}]
2025-03-22T04:56:37.335Z info: listShops::Shops fetched successfully : [{"name":"Suren Bandara","vendorName":"ddsds","vendorEmai":"surenbandara7@gmail.com","category":"super-market","vendorPhoneNumber":"+94712303075","timestamp":1742231588490,"createdAt":"2025-03-17T17:13:26.804Z","updatedAt":"2025-03-17T17:13:26.804Z"},{"name":"surend","vendorName":"sdsds","vendorEmai":"bandarasren721@gmail.com","category":"super-market","vendorPhoneNumber":"+94712303075","timestamp":1742231753271,"createdAt":"2025-03-17T17:16:04.440Z","updatedAt":"2025-03-17T17:16:04.440Z"},{"name":"surandara","vendorName":"dffd","vendorEmai":"banddpsd.19@uom.lk","category":"super-market","vendorPhoneNumber":"+94712303075","timestamp":1742303955449,"createdAt":"2025-03-18T14:37:43.394Z","updatedAt":"2025-03-18T14:37:43.394Z"}]
2025-03-22T04:56:55.990Z info: listShops::Shops fetched successfully : [{"name":"Suren Bandara","vendorName":"ddsds","vendorEmai":"surenbandara7@gmail.com","category":"super-market","vendorPhoneNumber":"+94712303075","timestamp":1742231588490,"createdAt":"2025-03-17T17:13:26.804Z","updatedAt":"2025-03-17T17:13:26.804Z"},{"name":"surend","vendorName":"sdsds","vendorEmai":"bandarasren721@gmail.com","category":"super-market","vendorPhoneNumber":"+94712303075","timestamp":1742231753271,"createdAt":"2025-03-17T17:16:04.440Z","updatedAt":"2025-03-17T17:16:04.440Z"},{"name":"surandara","vendorName":"dffd","vendorEmai":"banddpsd.19@uom.lk","category":"super-market","vendorPhoneNumber":"+94712303075","timestamp":1742303955449,"createdAt":"2025-03-18T14:37:43.394Z","updatedAt":"2025-03-18T14:37:43.394Z"}]
2025-03-22T04:57:08.754Z info: listShops::Shops fetched successfully : [{"name":"Suren Bandara","vendorName":"ddsds","vendorEmai":"surenbandara7@gmail.com","category":"super-market","vendorPhoneNumber":"+94712303075","timestamp":1742231588490,"createdAt":"2025-03-17T17:13:26.804Z","updatedAt":"2025-03-17T17:13:26.804Z"},{"name":"surend","vendorName":"sdsds","vendorEmai":"bandarasren721@gmail.com","category":"super-market","vendorPhoneNumber":"+94712303075","timestamp":1742231753271,"createdAt":"2025-03-17T17:16:04.440Z","updatedAt":"2025-03-17T17:16:04.440Z"},{"name":"surandara","vendorName":"dffd","vendorEmai":"banddpsd.19@uom.lk","category":"super-market","vendorPhoneNumber":"+94712303075","timestamp":1742303955449,"createdAt":"2025-03-18T14:37:43.394Z","updatedAt":"2025-03-18T14:37:43.394Z"}]
2025-03-22T04:57:36.722Z info: listShops::Shops fetched successfully : [{"name":"Suren Bandara","vendorName":"ddsds","vendorEmai":"surenbandara7@gmail.com","category":"super-market","vendorPhoneNumber":"+94712303075","timestamp":1742231588490,"createdAt":"2025-03-17T17:13:26.804Z","updatedAt":"2025-03-17T17:13:26.804Z"},{"name":"surend","vendorName":"sdsds","vendorEmai":"bandarasren721@gmail.com","category":"super-market","vendorPhoneNumber":"+94712303075","timestamp":1742231753271,"createdAt":"2025-03-17T17:16:04.440Z","updatedAt":"2025-03-17T17:16:04.440Z"},{"name":"surandara","vendorName":"dffd","vendorEmai":"banddpsd.19@uom.lk","category":"super-market","vendorPhoneNumber":"+94712303075","timestamp":1742303955449,"createdAt":"2025-03-18T14:37:43.394Z","updatedAt":"2025-03-18T14:37:43.394Z"}]
2025-03-22T04:57:41.080Z info: listShops::Shops fetched successfully : [{"name":"Suren Bandara","vendorName":"ddsds","vendorEmai":"surenbandara7@gmail.com","category":"super-market","vendorPhoneNumber":"+94712303075","timestamp":1742231588490,"createdAt":"2025-03-17T17:13:26.804Z","updatedAt":"2025-03-17T17:13:26.804Z"},{"name":"surend","vendorName":"sdsds","vendorEmai":"bandarasren721@gmail.com","category":"super-market","vendorPhoneNumber":"+94712303075","timestamp":1742231753271,"createdAt":"2025-03-17T17:16:04.440Z","updatedAt":"2025-03-17T17:16:04.440Z"},{"name":"surandara","vendorName":"dffd","vendorEmai":"banddpsd.19@uom.lk","category":"super-market","vendorPhoneNumber":"+94712303075","timestamp":1742303955449,"createdAt":"2025-03-18T14:37:43.394Z","updatedAt":"2025-03-18T14:37:43.394Z"}]
2025-03-22T04:57:46.431Z info: listShops::Shops fetched successfully : [{"name":"Suren Bandara","vendorName":"ddsds","vendorEmai":"surenbandara7@gmail.com","category":"super-market","vendorPhoneNumber":"+94712303075","timestamp":1742231588490,"createdAt":"2025-03-17T17:13:26.804Z","updatedAt":"2025-03-17T17:13:26.804Z"},{"name":"surend","vendorName":"sdsds","vendorEmai":"bandarasren721@gmail.com","category":"super-market","vendorPhoneNumber":"+94712303075","timestamp":1742231753271,"createdAt":"2025-03-17T17:16:04.440Z","updatedAt":"2025-03-17T17:16:04.440Z"},{"name":"surandara","vendorName":"dffd","vendorEmai":"banddpsd.19@uom.lk","category":"super-market","vendorPhoneNumber":"+94712303075","timestamp":1742303955449,"createdAt":"2025-03-18T14:37:43.394Z","updatedAt":"2025-03-18T14:37:43.394Z"}]
2025-03-22T04:58:03.566Z info: listRiders::Riders fetched successfully : [{"name":"Suren","email":"suren.bandara@yaalalabs.com","phoneNumber":"+94724341100","vehicle":"Bike","available":false,"createdAt":"2025-03-22T03:43:11.760Z","updatedAt":"2025-03-22T03:43:11.760Z"}]
2025-03-22T04:58:06.195Z info: listUsers::Users fetched successfully: [{"id":"2025-03-17T15:58:59.124Z","username":"systemAdmin","role":"admin","email":"systemAdmin@gmail.com","phoneNumber":"","profilePic":""},{"id":"2025-03-17T15:58:59.517Z","username":"lakshan1STPACK","role":"user","email":"lakshan1STPACK@gmail.com","phoneNumber":"","profilePic":""},{"id":"2025-03-17T15:58:59.614Z","username":"surenSTPACK","role":"user","email":"surenSTPACK@gmail.com","phoneNumber":"","profilePic":""}]
2025-03-22T04:58:12.641Z error: ERROR::apiValidationHandler:  not found
2025-03-22T04:58:16.534Z info: listCuisines::Cuisines fetched successfully : [{"name":"Italian","timestamp":1742442241815},{"name":"Vegetarian","timestamp":1742442241815},{"name":"Beverage","timestamp":1742442241815},{"name":"fefefef","timestamp":1742616075947}]
2025-03-22T04:58:23.785Z info: listShops::Shops fetched successfully : [{"name":"Suren Bandara","vendorName":"ddsds","vendorEmai":"surenbandara7@gmail.com","category":"super-market","vendorPhoneNumber":"+94712303075","timestamp":1742231588490,"createdAt":"2025-03-17T17:13:26.804Z","updatedAt":"2025-03-17T17:13:26.804Z"},{"name":"surend","vendorName":"sdsds","vendorEmai":"bandarasren721@gmail.com","category":"super-market","vendorPhoneNumber":"+94712303075","timestamp":1742231753271,"createdAt":"2025-03-17T17:16:04.440Z","updatedAt":"2025-03-17T17:16:04.440Z"},{"name":"surandara","vendorName":"dffd","vendorEmai":"banddpsd.19@uom.lk","category":"super-market","vendorPhoneNumber":"+94712303075","timestamp":1742303955449,"createdAt":"2025-03-18T14:37:43.394Z","updatedAt":"2025-03-18T14:37:43.394Z"}]
2025-03-22T04:58:59.350Z info: listShops::Shops fetched successfully : [{"name":"Suren Bandara","vendorName":"ddsds","vendorEmai":"surenbandara7@gmail.com","category":"super-market","vendorPhoneNumber":"+94712303075","timestamp":1742231588490,"createdAt":"2025-03-17T17:13:26.804Z","updatedAt":"2025-03-17T17:13:26.804Z"},{"name":"surend","vendorName":"sdsds","vendorEmai":"bandarasren721@gmail.com","category":"super-market","vendorPhoneNumber":"+94712303075","timestamp":1742231753271,"createdAt":"2025-03-17T17:16:04.440Z","updatedAt":"2025-03-17T17:16:04.440Z"},{"name":"surandara","vendorName":"dffd","vendorEmai":"banddpsd.19@uom.lk","category":"super-market","vendorPhoneNumber":"+94712303075","timestamp":1742303955449,"createdAt":"2025-03-18T14:37:43.394Z","updatedAt":"2025-03-18T14:37:43.394Z"}]
2025-03-22T04:59:00.958Z info: listShops::Shops fetched successfully : [{"name":"Suren Bandara","vendorName":"ddsds","vendorEmai":"surenbandara7@gmail.com","category":"super-market","vendorPhoneNumber":"+94712303075","timestamp":1742231588490,"createdAt":"2025-03-17T17:13:26.804Z","updatedAt":"2025-03-17T17:13:26.804Z"},{"name":"surend","vendorName":"sdsds","vendorEmai":"bandarasren721@gmail.com","category":"super-market","vendorPhoneNumber":"+94712303075","timestamp":1742231753271,"createdAt":"2025-03-17T17:16:04.440Z","updatedAt":"2025-03-17T17:16:04.440Z"},{"name":"surandara","vendorName":"dffd","vendorEmai":"banddpsd.19@uom.lk","category":"super-market","vendorPhoneNumber":"+94712303075","timestamp":1742303955449,"createdAt":"2025-03-18T14:37:43.394Z","updatedAt":"2025-03-18T14:37:43.394Z"}]
2025-03-22T04:59:14.669Z info: listRiders::Riders fetched successfully : [{"name":"Suren","email":"suren.bandara@yaalalabs.com","phoneNumber":"+94724341100","vehicle":"Bike","available":false,"createdAt":"2025-03-22T03:43:11.760Z","updatedAt":"2025-03-22T03:43:11.760Z"}]
2025-03-22T05:00:48.880Z info: listRiders::Riders fetched successfully : [{"name":"Suren","email":"suren.bandara@yaalalabs.com","phoneNumber":"+94724341100","vehicle":"Bike","available":false,"createdAt":"2025-03-22T03:43:11.760Z","updatedAt":"2025-03-22T03:43:11.760Z"}]
2025-03-22T05:00:54.571Z info: listRiders::Riders fetched successfully : [{"name":"Suren","email":"suren.bandara@yaalalabs.com","phoneNumber":"+94724341100","vehicle":"Bike","available":false,"createdAt":"2025-03-22T03:43:11.760Z","updatedAt":"2025-03-22T03:43:11.760Z"}]
2025-03-22T05:00:59.635Z info: listRiders::Riders fetched successfully : [{"name":"Suren","email":"suren.bandara@yaalalabs.com","phoneNumber":"+94724341100","vehicle":"Bike","available":false,"createdAt":"2025-03-22T03:43:11.760Z","updatedAt":"2025-03-22T03:43:11.760Z"}]
2025-03-22T05:01:00.600Z info: listShops::Shops fetched successfully : [{"name":"Suren Bandara","vendorName":"ddsds","vendorEmai":"surenbandara7@gmail.com","category":"super-market","vendorPhoneNumber":"+94712303075","timestamp":1742231588490,"createdAt":"2025-03-17T17:13:26.804Z","updatedAt":"2025-03-17T17:13:26.804Z"},{"name":"surend","vendorName":"sdsds","vendorEmai":"bandarasren721@gmail.com","category":"super-market","vendorPhoneNumber":"+94712303075","timestamp":1742231753271,"createdAt":"2025-03-17T17:16:04.440Z","updatedAt":"2025-03-17T17:16:04.440Z"},{"name":"surandara","vendorName":"dffd","vendorEmai":"banddpsd.19@uom.lk","category":"super-market","vendorPhoneNumber":"+94712303075","timestamp":1742303955449,"createdAt":"2025-03-18T14:37:43.394Z","updatedAt":"2025-03-18T14:37:43.394Z"}]
2025-03-22T05:01:09.048Z info: listShops::Shops fetched successfully : [{"name":"Suren Bandara","vendorName":"ddsds","vendorEmai":"surenbandara7@gmail.com","category":"super-market","vendorPhoneNumber":"+94712303075","timestamp":1742231588490,"createdAt":"2025-03-17T17:13:26.804Z","updatedAt":"2025-03-17T17:13:26.804Z"},{"name":"surend","vendorName":"sdsds","vendorEmai":"bandarasren721@gmail.com","category":"super-market","vendorPhoneNumber":"+94712303075","timestamp":1742231753271,"createdAt":"2025-03-17T17:16:04.440Z","updatedAt":"2025-03-17T17:16:04.440Z"},{"name":"surandara","vendorName":"dffd","vendorEmai":"banddpsd.19@uom.lk","category":"super-market","vendorPhoneNumber":"+94712303075","timestamp":1742303955449,"createdAt":"2025-03-18T14:37:43.394Z","updatedAt":"2025-03-18T14:37:43.394Z"}]
2025-03-22T05:01:11.416Z info: listShops::Shops fetched successfully : [{"name":"Suren Bandara","vendorName":"ddsds","vendorEmai":"surenbandara7@gmail.com","category":"super-market","vendorPhoneNumber":"+94712303075","timestamp":1742231588490,"createdAt":"2025-03-17T17:13:26.804Z","updatedAt":"2025-03-17T17:13:26.804Z"},{"name":"surend","vendorName":"sdsds","vendorEmai":"bandarasren721@gmail.com","category":"super-market","vendorPhoneNumber":"+94712303075","timestamp":1742231753271,"createdAt":"2025-03-17T17:16:04.440Z","updatedAt":"2025-03-17T17:16:04.440Z"},{"name":"surandara","vendorName":"dffd","vendorEmai":"banddpsd.19@uom.lk","category":"super-market","vendorPhoneNumber":"+94712303075","timestamp":1742303955449,"createdAt":"2025-03-18T14:37:43.394Z","updatedAt":"2025-03-18T14:37:43.394Z"}]
2025-03-22T05:01:35.099Z info: listRiders::Riders fetched successfully : [{"name":"Suren","email":"suren.bandara@yaalalabs.com","phoneNumber":"+94724341100","vehicle":"Bike","available":false,"createdAt":"2025-03-22T03:43:11.760Z","updatedAt":"2025-03-22T03:43:11.760Z"}]
2025-03-22T05:03:04.690Z info: listRiders::Riders fetched successfully : [{"name":"Suren","email":"suren.bandara@yaalalabs.com","phoneNumber":"+94724341100","vehicle":"Bike","available":false,"createdAt":"2025-03-22T03:43:11.760Z","updatedAt":"2025-03-22T03:43:11.760Z"}]
2025-03-22T05:03:08.864Z info: listRiders::Riders fetched successfully : [{"name":"Suren","email":"suren.bandara@yaalalabs.com","phoneNumber":"+94724341100","vehicle":"Bike","available":false,"createdAt":"2025-03-22T03:43:11.760Z","updatedAt":"2025-03-22T03:43:11.760Z"}]
2025-03-22T05:03:42.295Z info: listRiders::Riders fetched successfully : [{"name":"Suren","email":"suren.bandara@yaalalabs.com","phoneNumber":"+94724341100","vehicle":"Bike","available":false,"createdAt":"2025-03-22T03:43:11.760Z","updatedAt":"2025-03-22T03:43:11.760Z"}]
2025-03-22T05:03:55.282Z info: listShops::Shops fetched successfully : [{"name":"Suren Bandara","vendorName":"ddsds","vendorEmai":"surenbandara7@gmail.com","category":"super-market","vendorPhoneNumber":"+94712303075","timestamp":1742231588490,"createdAt":"2025-03-17T17:13:26.804Z","updatedAt":"2025-03-17T17:13:26.804Z"},{"name":"surend","vendorName":"sdsds","vendorEmai":"bandarasren721@gmail.com","category":"super-market","vendorPhoneNumber":"+94712303075","timestamp":1742231753271,"createdAt":"2025-03-17T17:16:04.440Z","updatedAt":"2025-03-17T17:16:04.440Z"},{"name":"surandara","vendorName":"dffd","vendorEmai":"banddpsd.19@uom.lk","category":"super-market","vendorPhoneNumber":"+94712303075","timestamp":1742303955449,"createdAt":"2025-03-18T14:37:43.394Z","updatedAt":"2025-03-18T14:37:43.394Z"}]
2025-03-22T05:08:55.340Z info: listUsers::Users fetched successfully: [{"id":"2025-03-17T15:58:59.124Z","username":"systemAdmin","role":"admin","email":"systemAdmin@gmail.com","phoneNumber":"","profilePic":""},{"id":"2025-03-17T15:58:59.517Z","username":"lakshan1STPACK","role":"user","email":"lakshan1STPACK@gmail.com","phoneNumber":"","profilePic":""},{"id":"2025-03-17T15:58:59.614Z","username":"surenSTPACK","role":"user","email":"surenSTPACK@gmail.com","phoneNumber":"","profilePic":""}]
2025-03-22T05:09:14.583Z info: listCuisines::Cuisines fetched successfully : [{"name":"Italian","timestamp":1742442241815},{"name":"Vegetarian","timestamp":1742442241815},{"name":"Beverage","timestamp":1742442241815},{"name":"fefefef","timestamp":1742616075947}]
2025-03-22T05:12:34.592Z error: ERROR::apiValidationHandler:  not found
2025-03-22T05:12:40.046Z info: listShops::Shops fetched successfully : [{"name":"Suren Bandara","vendorName":"ddsds","vendorEmai":"surenbandara7@gmail.com","category":"super-market","vendorPhoneNumber":"+94712303075","timestamp":1742231588490,"createdAt":"2025-03-17T17:13:26.804Z","updatedAt":"2025-03-17T17:13:26.804Z"},{"name":"surend","vendorName":"sdsds","vendorEmai":"bandarasren721@gmail.com","category":"super-market","vendorPhoneNumber":"+94712303075","timestamp":1742231753271,"createdAt":"2025-03-17T17:16:04.440Z","updatedAt":"2025-03-17T17:16:04.440Z"},{"name":"surandara","vendorName":"dffd","vendorEmai":"banddpsd.19@uom.lk","category":"super-market","vendorPhoneNumber":"+94712303075","timestamp":1742303955449,"createdAt":"2025-03-18T14:37:43.394Z","updatedAt":"2025-03-18T14:37:43.394Z"}]
2025-03-22T05:13:03.901Z info: listShops::Shops fetched successfully : [{"name":"Suren Bandara","vendorName":"ddsds","vendorEmai":"surenbandara7@gmail.com","category":"super-market","vendorPhoneNumber":"+94712303075","timestamp":1742231588490,"createdAt":"2025-03-17T17:13:26.804Z","updatedAt":"2025-03-17T17:13:26.804Z"},{"name":"surend","vendorName":"sdsds","vendorEmai":"bandarasren721@gmail.com","category":"super-market","vendorPhoneNumber":"+94712303075","timestamp":1742231753271,"createdAt":"2025-03-17T17:16:04.440Z","updatedAt":"2025-03-17T17:16:04.440Z"},{"name":"surandara","vendorName":"dffd","vendorEmai":"banddpsd.19@uom.lk","category":"super-market","vendorPhoneNumber":"+94712303075","timestamp":1742303955449,"createdAt":"2025-03-18T14:37:43.394Z","updatedAt":"2025-03-18T14:37:43.394Z"}]
2025-03-22T05:13:05.958Z info: listUsers::Users fetched successfully: [{"id":"2025-03-17T15:58:59.124Z","username":"systemAdmin","role":"admin","email":"systemAdmin@gmail.com","phoneNumber":"","profilePic":""},{"id":"2025-03-17T15:58:59.517Z","username":"lakshan1STPACK","role":"user","email":"lakshan1STPACK@gmail.com","phoneNumber":"","profilePic":""},{"id":"2025-03-17T15:58:59.614Z","username":"surenSTPACK","role":"user","email":"surenSTPACK@gmail.com","phoneNumber":"","profilePic":""}]
2025-03-22T05:13:07.443Z info: listCuisines::Cuisines fetched successfully : [{"name":"Italian","timestamp":1742442241815},{"name":"Vegetarian","timestamp":1742442241815},{"name":"Beverage","timestamp":1742442241815},{"name":"fefefef","timestamp":1742616075947}]
2025-03-22T05:13:08.042Z error: ERROR::apiValidationHandler:  not found
2025-03-22T05:22:14.547Z info: listRiders::Riders fetched successfully : [{"name":"Suren","email":"suren.bandara@yaalalabs.com","phoneNumber":"+94724341100","vehicle":"Bike","available":false,"createdAt":"2025-03-22T03:43:11.760Z","updatedAt":"2025-03-22T03:43:11.760Z"}]
2025-03-22T05:22:39.220Z info: listShops::Shops fetched successfully : [{"name":"Suren Bandara","vendorName":"ddsds","vendorEmai":"surenbandara7@gmail.com","category":"super-market","vendorPhoneNumber":"+94712303075","timestamp":1742231588490,"createdAt":"2025-03-17T17:13:26.804Z","updatedAt":"2025-03-17T17:13:26.804Z"},{"name":"surend","vendorName":"sdsds","vendorEmai":"bandarasren721@gmail.com","category":"super-market","vendorPhoneNumber":"+94712303075","timestamp":1742231753271,"createdAt":"2025-03-17T17:16:04.440Z","updatedAt":"2025-03-17T17:16:04.440Z"},{"name":"surandara","vendorName":"dffd","vendorEmai":"banddpsd.19@uom.lk","category":"super-market","vendorPhoneNumber":"+94712303075","timestamp":1742303955449,"createdAt":"2025-03-18T14:37:43.394Z","updatedAt":"2025-03-18T14:37:43.394Z"}]
2025-03-22T05:22:53.228Z info: listShops::Shops fetched successfully : [{"name":"Suren Bandara","vendorName":"ddsds","vendorEmai":"surenbandara7@gmail.com","category":"super-market","vendorPhoneNumber":"+94712303075","timestamp":1742231588490,"createdAt":"2025-03-17T17:13:26.804Z","updatedAt":"2025-03-17T17:13:26.804Z"},{"name":"surend","vendorName":"sdsds","vendorEmai":"bandarasren721@gmail.com","category":"super-market","vendorPhoneNumber":"+94712303075","timestamp":1742231753271,"createdAt":"2025-03-17T17:16:04.440Z","updatedAt":"2025-03-17T17:16:04.440Z"},{"name":"surandara","vendorName":"dffd","vendorEmai":"banddpsd.19@uom.lk","category":"super-market","vendorPhoneNumber":"+94712303075","timestamp":1742303955449,"createdAt":"2025-03-18T14:37:43.394Z","updatedAt":"2025-03-18T14:37:43.394Z"}]
2025-03-22T05:23:06.986Z info: listShops::Shops fetched successfully : [{"name":"Suren Bandara","vendorName":"ddsds","vendorEmai":"surenbandara7@gmail.com","category":"super-market","vendorPhoneNumber":"+94712303075","timestamp":1742231588490,"createdAt":"2025-03-17T17:13:26.804Z","updatedAt":"2025-03-17T17:13:26.804Z"},{"name":"surend","vendorName":"sdsds","vendorEmai":"bandarasren721@gmail.com","category":"super-market","vendorPhoneNumber":"+94712303075","timestamp":1742231753271,"createdAt":"2025-03-17T17:16:04.440Z","updatedAt":"2025-03-17T17:16:04.440Z"},{"name":"surandara","vendorName":"dffd","vendorEmai":"banddpsd.19@uom.lk","category":"super-market","vendorPhoneNumber":"+94712303075","timestamp":1742303955449,"createdAt":"2025-03-18T14:37:43.394Z","updatedAt":"2025-03-18T14:37:43.394Z"}]
2025-03-22T05:23:20.439Z info: listShops::Shops fetched successfully : [{"name":"Suren Bandara","vendorName":"ddsds","vendorEmai":"surenbandara7@gmail.com","category":"super-market","vendorPhoneNumber":"+94712303075","timestamp":1742231588490,"createdAt":"2025-03-17T17:13:26.804Z","updatedAt":"2025-03-17T17:13:26.804Z"},{"name":"surend","vendorName":"sdsds","vendorEmai":"bandarasren721@gmail.com","category":"super-market","vendorPhoneNumber":"+94712303075","timestamp":1742231753271,"createdAt":"2025-03-17T17:16:04.440Z","updatedAt":"2025-03-17T17:16:04.440Z"},{"name":"surandara","vendorName":"dffd","vendorEmai":"banddpsd.19@uom.lk","category":"super-market","vendorPhoneNumber":"+94712303075","timestamp":1742303955449,"createdAt":"2025-03-18T14:37:43.394Z","updatedAt":"2025-03-18T14:37:43.394Z"}]
2025-03-22T05:23:24.059Z info: listCuisines::Cuisines fetched successfully : [{"name":"Italian","timestamp":1742442241815},{"name":"Vegetarian","timestamp":1742442241815},{"name":"Beverage","timestamp":1742442241815},{"name":"fefefef","timestamp":1742616075947}]
2025-03-22T05:23:34.050Z info: listUsers::Users fetched successfully: [{"id":"2025-03-17T15:58:59.124Z","username":"systemAdmin","role":"admin","email":"systemAdmin@gmail.com","phoneNumber":"","profilePic":""},{"id":"2025-03-17T15:58:59.517Z","username":"lakshan1STPACK","role":"user","email":"lakshan1STPACK@gmail.com","phoneNumber":"","profilePic":""},{"id":"2025-03-17T15:58:59.614Z","username":"surenSTPACK","role":"user","email":"surenSTPACK@gmail.com","phoneNumber":"","profilePic":""}]
2025-03-22T05:28:03.145Z info: listRiders::Riders fetched successfully : [{"name":"Suren","email":"suren.bandara@yaalalabs.com","phoneNumber":"+94724341100","vehicle":"Bike","available":false,"createdAt":"2025-03-22T03:43:11.760Z","updatedAt":"2025-03-22T03:43:11.760Z"}]
2025-03-22T06:39:06.204Z error: ERROR::apiValidationHandler:  not found
2025-03-22T06:39:09.175Z info: listRiders::Riders fetched successfully : [{"name":"Suren","email":"suren.bandara@yaalalabs.com","phoneNumber":"+94724341100","vehicle":"Bike","available":false,"createdAt":"2025-03-22T03:43:11.760Z","updatedAt":"2025-03-22T03:43:11.760Z"}]
2025-03-22T06:40:26.600Z info: listRiders::Riders fetched successfully : [{"name":"Suren","email":"suren.bandara@yaalalabs.com","phoneNumber":"+94724341100","vehicle":"Bike","available":false,"createdAt":"2025-03-22T03:43:11.760Z","updatedAt":"2025-03-22T03:43:11.760Z"}]
2025-03-22T06:40:27.859Z info: listRiders::Riders fetched successfully : [{"name":"Suren","email":"suren.bandara@yaalalabs.com","phoneNumber":"+94724341100","vehicle":"Bike","available":false,"createdAt":"2025-03-22T03:43:11.760Z","updatedAt":"2025-03-22T03:43:11.760Z"}]
2025-03-22T06:40:39.277Z info: listRiders::Riders fetched successfully : [{"name":"Suren","email":"suren.bandara@yaalalabs.com","phoneNumber":"+94724341100","vehicle":"Bike","available":false,"createdAt":"2025-03-22T03:43:11.760Z","updatedAt":"2025-03-22T03:43:11.760Z"}]
2025-03-22T06:40:41.271Z info: listRiders::Riders fetched successfully : [{"name":"Suren","email":"suren.bandara@yaalalabs.com","phoneNumber":"+94724341100","vehicle":"Bike","available":false,"createdAt":"2025-03-22T03:43:11.760Z","updatedAt":"2025-03-22T03:43:11.760Z"}]
2025-03-22T06:40:46.339Z error: ERROR::apiValidationHandler:  not found
2025-03-22T06:40:46.958Z info: listRiders::Riders fetched successfully : [{"name":"Suren","email":"suren.bandara@yaalalabs.com","phoneNumber":"+94724341100","vehicle":"Bike","available":false,"createdAt":"2025-03-22T03:43:11.760Z","updatedAt":"2025-03-22T03:43:11.760Z"}]
2025-03-22T06:40:57.034Z info: listRiders::Riders fetched successfully : [{"name":"Suren","email":"suren.bandara@yaalalabs.com","phoneNumber":"+94724341100","vehicle":"Bike","available":false,"createdAt":"2025-03-22T03:43:11.760Z","updatedAt":"2025-03-22T03:43:11.760Z"}]
2025-03-22T06:41:21.275Z info: listRiders::Riders fetched successfully : [{"name":"Suren","email":"suren.bandara@yaalalabs.com","phoneNumber":"+94724341100","vehicle":"Bike","available":false,"createdAt":"2025-03-22T03:43:11.760Z","updatedAt":"2025-03-22T03:43:11.760Z"}]
2025-03-22T06:42:04.924Z info: listUsers::Users fetched successfully: [{"id":"2025-03-17T15:58:59.124Z","username":"systemAdmin","role":"admin","email":"systemAdmin@gmail.com","phoneNumber":"","profilePic":""},{"id":"2025-03-17T15:58:59.517Z","username":"lakshan1STPACK","role":"user","email":"lakshan1STPACK@gmail.com","phoneNumber":"","profilePic":""},{"id":"2025-03-17T15:58:59.614Z","username":"surenSTPACK","role":"user","email":"surenSTPACK@gmail.com","phoneNumber":"","profilePic":""}]
2025-03-22T06:42:07.582Z info: listRiders::Riders fetched successfully : [{"name":"Suren","email":"suren.bandara@yaalalabs.com","phoneNumber":"+94724341100","vehicle":"Bike","available":false,"createdAt":"2025-03-22T03:43:11.760Z","updatedAt":"2025-03-22T03:43:11.760Z"}]
2025-03-22T06:42:35.275Z info: listRiders::Riders fetched successfully : [{"name":"Suren","email":"suren.bandara@yaalalabs.com","phoneNumber":"+94724341100","vehicle":"Bike","available":false,"createdAt":"2025-03-22T03:43:11.760Z","updatedAt":"2025-03-22T03:43:11.760Z"}]
2025-03-22T06:42:37.271Z info: listRiders::Riders fetched successfully : [{"name":"Suren","email":"suren.bandara@yaalalabs.com","phoneNumber":"+94724341100","vehicle":"Bike","available":false,"createdAt":"2025-03-22T03:43:11.760Z","updatedAt":"2025-03-22T03:43:11.760Z"}]
2025-03-22T06:43:08.578Z info: listRiders::Riders fetched successfully : [{"name":"Suren","email":"suren.bandara@yaalalabs.com","phoneNumber":"+94724341100","vehicle":"Bike","available":false,"createdAt":"2025-03-22T03:43:11.760Z","updatedAt":"2025-03-22T03:43:11.760Z"}]
2025-03-22T06:43:10.162Z info: listRiders::Riders fetched successfully : [{"name":"Suren","email":"suren.bandara@yaalalabs.com","phoneNumber":"+94724341100","vehicle":"Bike","available":false,"createdAt":"2025-03-22T03:43:11.760Z","updatedAt":"2025-03-22T03:43:11.760Z"}]
2025-03-22T06:43:34.872Z info: login:: User systemAdmin@gmail.com logged in successfully
2025-03-22T06:43:36.690Z info: listShops::Shops fetched successfully : [{"name":"Suren Bandara","vendorName":"ddsds","vendorEmai":"surenbandara7@gmail.com","category":"super-market","vendorPhoneNumber":"+94712303075","timestamp":1742231588490,"createdAt":"2025-03-17T17:13:26.804Z","updatedAt":"2025-03-17T17:13:26.804Z"},{"name":"surend","vendorName":"sdsds","vendorEmai":"bandarasren721@gmail.com","category":"super-market","vendorPhoneNumber":"+94712303075","timestamp":1742231753271,"createdAt":"2025-03-17T17:16:04.440Z","updatedAt":"2025-03-17T17:16:04.440Z"},{"name":"surandara","vendorName":"dffd","vendorEmai":"banddpsd.19@uom.lk","category":"super-market","vendorPhoneNumber":"+94712303075","timestamp":1742303955449,"createdAt":"2025-03-18T14:37:43.394Z","updatedAt":"2025-03-18T14:37:43.394Z"}]
2025-03-22T06:43:40.862Z info: listRiders::Riders fetched successfully : [{"name":"Suren","email":"suren.bandara@yaalalabs.com","phoneNumber":"+94724341100","vehicle":"Bike","available":false,"createdAt":"2025-03-22T03:43:11.760Z","updatedAt":"2025-03-22T03:43:11.760Z"}]
2025-03-22T06:44:34.205Z info: listRiders::Riders fetched successfully : [{"name":"Suren","email":"suren.bandara@yaalalabs.com","phoneNumber":"+94724341100","vehicle":"Bike","available":false,"createdAt":"2025-03-22T03:43:11.760Z","updatedAt":"2025-03-22T03:43:11.760Z"}]
2025-03-22T06:44:38.657Z info: listRiders::Riders fetched successfully : [{"name":"Suren","email":"suren.bandara@yaalalabs.com","phoneNumber":"+94724341100","vehicle":"Bike","available":false,"createdAt":"2025-03-22T03:43:11.760Z","updatedAt":"2025-03-22T03:43:11.760Z"}]
2025-03-22T06:44:39.499Z info: listRiders::Riders fetched successfully : [{"name":"Suren","email":"suren.bandara@yaalalabs.com","phoneNumber":"+94724341100","vehicle":"Bike","available":false,"createdAt":"2025-03-22T03:43:11.760Z","updatedAt":"2025-03-22T03:43:11.760Z"}]
2025-03-22T06:47:20.503Z info: login:: User systemAdmin@gmail.com logged in successfully
2025-03-22T06:47:27.196Z info: listShops::Shops fetched successfully : [{"name":"Suren Bandara","vendorName":"ddsds","vendorEmai":"surenbandara7@gmail.com","category":"super-market","vendorPhoneNumber":"+94712303075","timestamp":1742231588490,"createdAt":"2025-03-17T17:13:26.804Z","updatedAt":"2025-03-17T17:13:26.804Z"},{"name":"surend","vendorName":"sdsds","vendorEmai":"bandarasren721@gmail.com","category":"super-market","vendorPhoneNumber":"+94712303075","timestamp":1742231753271,"createdAt":"2025-03-17T17:16:04.440Z","updatedAt":"2025-03-17T17:16:04.440Z"},{"name":"surandara","vendorName":"dffd","vendorEmai":"banddpsd.19@uom.lk","category":"super-market","vendorPhoneNumber":"+94712303075","timestamp":1742303955449,"createdAt":"2025-03-18T14:37:43.394Z","updatedAt":"2025-03-18T14:37:43.394Z"}]
2025-03-22T06:47:32.627Z info: listRiders::Riders fetched successfully : [{"name":"Suren","email":"suren.bandara@yaalalabs.com","phoneNumber":"+94724341100","vehicle":"Bike","available":false,"createdAt":"2025-03-22T03:43:11.760Z","updatedAt":"2025-03-22T03:43:11.760Z"}]
2025-03-22T06:48:29.274Z info: listRiders::Riders fetched successfully : [{"name":"Suren","email":"suren.bandara@yaalalabs.com","phoneNumber":"+94724341100","vehicle":"Bike","available":false,"createdAt":"2025-03-22T03:43:11.760Z","updatedAt":"2025-03-22T03:43:11.760Z"}]
2025-03-22T06:48:45.301Z info: listRiders::Riders fetched successfully : [{"name":"Suren","email":"suren.bandara@yaalalabs.com","phoneNumber":"+94724341100","vehicle":"Bike","available":false,"createdAt":"2025-03-22T03:43:11.760Z","updatedAt":"2025-03-22T03:43:11.760Z"}]
2025-03-22T06:49:09.280Z info: listRiders::Riders fetched successfully : [{"name":"Suren","email":"suren.bandara@yaalalabs.com","phoneNumber":"+94724341100","vehicle":"Bike","available":false,"createdAt":"2025-03-22T03:43:11.760Z","updatedAt":"2025-03-22T03:43:11.760Z"}]
