2025-03-09T18:25:43.944Z error: login:: admin with email undefined is not existing
2025-03-09T18:26:33.514Z error: login:: admin with email undefined is not existing
2025-03-09T18:26:34.678Z error: login:: admin with email undefined is not existing
2025-03-09T18:30:56.349Z error: login:: admin with email undefined is not existing
2025-03-09T18:31:29.063Z error: login:: admin with email undefined is not existing
2025-03-09T18:31:31.027Z error: login:: admin with email undefined is not existing
2025-03-09T18:33:37.637Z error: login:: admin with email undefined is not existing
2025-03-09T18:41:15.767Z error: ERROR::apiValidationHandler:  Expected double-quoted property name in JSON at position 65
2025-03-09T18:41:32.203Z error: ERROR::apiValidationHandler:  request/body must have required property 'password', request/body must have required property 'token', request/body must match exactly one schema in oneOf
2025-03-09T18:42:15.627Z error: login:: Error Error: Decoding Firebase ID token failed. Make sure you passed the entire string JWT which represents an ID token. See https://firebase.google.com/docs/auth/admin/verify-id-tokens for details on how to retrieve an ID token. verifying token for user: systemAdmin@gmail.com
2025-03-09T18:42:15.629Z error: login:: admin with email undefined is not existing
2025-03-09T18:43:43.694Z error: login:: Error Error: Decoding Firebase ID token failed. Make sure you passed the entire string JWT which represents an ID token. See https://firebase.google.com/docs/auth/admin/verify-id-tokens for details on how to retrieve an ID token. verifying token for user: systemAdmin@gmail.com
2025-03-09T18:43:43.704Z error: login:: admin with email undefined is not existing
2025-03-09T18:49:50.720Z error: login:: Error Error: Decoding Firebase ID token failed. Make sure you passed the entire string JWT which represents an ID token. See https://firebase.google.com/docs/auth/admin/verify-id-tokens for details on how to retrieve an ID token. verifying token for user: systemAdmin@gmail.com
2025-03-09T18:49:50.727Z error: login:: admin with email undefined is not existing
2025-03-09T18:49:55.670Z error: login:: Error Error: Decoding Firebase ID token failed. Make sure you passed the entire string JWT which represents an ID token. See https://firebase.google.com/docs/auth/admin/verify-id-tokens for details on how to retrieve an ID token. verifying token for user: systemAdmin@gmail.com
2025-03-09T18:49:55.678Z error: login:: admin with email undefined is not existing
2025-03-09T18:51:55.780Z error: login:: Error Invalid token verifying token for user: systemAdmin@gmail.com
2025-03-09T18:51:56.931Z error: login:: Error Invalid token verifying token for user: systemAdmin@gmail.com
2025-03-09T18:51:57.565Z error: login:: Error Invalid token verifying token for user: systemAdmin@gmail.com
2025-03-09T18:51:58.022Z error: login:: Error Invalid token verifying token for user: systemAdmin@gmail.com
2025-03-09T18:51:58.840Z error: login:: Error Invalid token verifying token for user: systemAdmin@gmail.com
2025-03-09T18:52:58.918Z error: ERROR::apiValidationHandler:  no schema defined for status code '201' in the openapi spec
2025-03-09T19:01:27.029Z error: login:: error: basicUserDetails.toObject is not a function
2025-03-09T19:01:49.836Z error: login:: error: basicUserDetails.toJSON is not a function
2025-03-09T19:06:33.147Z error: login:: Error Unathorized user token verifying token for user: lakarathalaka@gmail.com
2025-03-09T19:16:52.710Z error: ERROR::apiValidationHandler:  openapi.validator: args.apiDoc was invalid.  See the output.
2025-03-09T19:18:16.910Z error: ERROR::apiValidationHandler:  openapi.validator: args.apiDoc was invalid.  See the output.
2025-03-09T19:19:28.715Z error: ERROR::apiValidationHandler:  openapi.validator: args.apiDoc was invalid.  See the output.
2025-03-09T19:19:31.370Z error: ERROR::apiValidationHandler:  openapi.validator: args.apiDoc was invalid.  See the output.
2025-03-09T19:19:58.030Z error: ERROR::apiValidationHandler:  openapi.validator: args.apiDoc was invalid.  See the output.
2025-03-09T19:26:19.390Z error: login:: admin with email  lka@test.com is not existing
2025-03-09T19:26:28.869Z error: login:: Error Unathorized user token verifying token for user:  lka@test.com
2025-03-09T19:27:03.434Z error: login:: Error Unathorized user token verifying token for user:  lka@test.com
2025-03-09T19:28:05.891Z error: authenticateJWT:: invalid token
2025-03-09T19:48:53.448Z error: ERROR::apiValidationHandler:  Unexpected non-whitespace character after JSON at position 941
2025-03-09T19:49:10.975Z error: ERROR::apiValidationHandler:  Unexpected non-whitespace character after JSON at position 941
2025-03-09T19:49:35.761Z error: ERROR::apiValidationHandler:  request/body must match exactly one schema in oneOf
2025-03-09T19:50:55.009Z error: authenticateJWT:: No token provided
2025-03-09T19:51:43.877Z error: ERROR::apiValidationHandler:  Authorization header required
2025-03-09T19:52:28.114Z error: register:: error: Performing an update on the path '_id' would modify the immutable field '_id'
2025-03-09T19:55:51.289Z error: login:: Error Invalid token verifying token for user: lka@test.com
2025-03-09T19:56:13.873Z error: register:: error: Illegal arguments: undefined, string
2025-03-09T20:02:13.043Z error: register:: error: Performing an update on the path '_id' would modify the immutable field '_id'
2025-03-09T20:03:47.738Z error: register:: error: Performing an update on the path '_id' would modify the immutable field '_id'
2025-03-09T20:03:50.866Z error: register:: error: Performing an update on the path '_id' would modify the immutable field '_id'
2025-03-09T20:06:05.269Z error: register:: error: Performing an update on the path '_id' would modify the immutable field '_id'
2025-03-09T20:08:46.793Z error: login:: Error Invalid token verifying token for user: lka@test.com
2025-03-09T20:09:07.021Z error: login:: Error Invalid token verifying token for user: lka@test.com
2025-03-09T20:11:47.526Z error: login:: error: Performing an update on the path '_id' would modify the immutable field '_id'
2025-03-09T20:18:03.197Z error: register:: User with email lka@test.csasom is not exist
2025-03-14T23:54:27.529Z error: ERROR::apiValidationHandler:  Missing $ref pointer "#/components/schemas/Users". Token "Users" does not exist.
2025-03-14T23:54:43.506Z error: ERROR::apiValidationHandler:  Missing $ref pointer "#/components/schemas/Users". Token "Users" does not exist.
2025-03-14T23:55:29.466Z error: ERROR::apiValidationHandler:  Missing $ref pointer "#/components/schemas/Users". Token "Users" does not exist.
2025-03-14T23:55:29.616Z error: ERROR::apiValidationHandler:  Missing $ref pointer "#/components/schemas/Users". Token "Users" does not exist.
2025-03-15T00:02:47.858Z error: ERROR::apiValidationHandler:  Missing $ref pointer "#/components/schemas/Users". Token "Users" does not exist.
2025-03-15T00:03:00.815Z error: ERROR::apiValidationHandler:  Missing $ref pointer "#/components/schemas/Users". Token "Users" does not exist.
2025-03-15T00:03:07.004Z error: ERROR::apiValidationHandler:  Missing $ref pointer "#/components/schemas/Users". Token "Users" does not exist.
2025-03-15T00:05:41.078Z error: ERROR::apiValidationHandler:  Missing $ref pointer "#/components/schemas/Users". Token "Users" does not exist.
2025-03-15T00:05:58.097Z error: ERROR::apiValidationHandler:  Missing $ref pointer "#/components/schemas/Users". Token "Users" does not exist.
2025-03-15T00:05:58.299Z error: ERROR::apiValidationHandler:  Missing $ref pointer "#/components/schemas/Users". Token "Users" does not exist.
2025-03-15T00:06:44.261Z error: ERROR::apiValidationHandler:  Missing $ref pointer "#/components/schemas/Users". Token "Users" does not exist.
2025-03-15T00:09:57.726Z error: ERROR::apiValidationHandler:  openapi.validator: args.apiDoc was invalid.  See the output.
2025-03-15T00:11:28.446Z error: ERROR::apiValidationHandler:  openapi.validator: args.apiDoc was invalid.  See the output.
2025-03-15T00:11:29.640Z error: ERROR::apiValidationHandler:  openapi.validator: args.apiDoc was invalid.  See the output.
2025-03-15T00:13:01.651Z error: authorizeJWT:: User not authorized with role: user
2025-03-15T00:13:58.041Z error: login:: Error Invalid token verifying token for user: systemAdmin@gmail.com
2025-03-15T00:14:08.876Z error: login:: Error Invalid token verifying token for user: systemAdmin@gmail.com
2025-03-15T00:14:18.774Z error: login:: error: Cannot read properties of null (reading 'toJSON')
2025-03-15T00:14:30.976Z error: login:: error: Cannot read properties of null (reading 'toJSON')
2025-03-15T00:15:27.088Z error: login:: error: Cannot read properties of null (reading 'toJSON')
2025-03-15T00:18:28.272Z error: login:: error: Cannot read properties of null (reading 'toJSON')
2025-03-15T00:21:05.787Z error: ERROR::apiValidationHandler:  /response/0/id must be integer
2025-03-15T03:27:39.592Z error: ERROR::apiValidationHandler:  not found
2025-03-15T03:33:36.035Z error: ERROR::apiValidationHandler:  not found
2025-03-15T03:33:37.673Z error: ERROR::apiValidationHandler:  not found
2025-03-15T03:34:12.858Z error: ERROR::apiValidationHandler:  Authorization header required
2025-03-15T03:34:50.121Z error: ERROR::apiValidationHandler:  Unknown query parameter 'admin'
2025-03-15T03:35:08.491Z error: ERROR::apiValidationHandler:  request/query/role must be equal to one of the allowed values: admin, user
2025-03-15T04:08:21.235Z error: ERROR::operationHandler: No handler found for this operationId 
2025-03-15T04:18:24.939Z error: createNewVendor:: MongoServerError: E11000 duplicate key error collection: test-super-market-01.vendors index: id_1 dup key: { id: null }
2025-03-15T04:20:05.532Z error: createNewVendor:: MongoServerError: E11000 duplicate key error collection: test-super-market-01.vendors index: id_1 dup key: { id: null }
2025-03-15T04:23:59.612Z error: createNewVendor:: MongoServerError: E11000 duplicate key error collection: test-super-market-02.vendors index: name_1 dup key: { name: "lakshan" }
2025-03-15T04:27:26.556Z error: createNewVendor:: MongoServerError: E11000 duplicate key error collection: test-super-market-02.vendors index: name_1 dup key: { name: "lakshan" }
2025-03-15T04:27:44.561Z error: createNewVendor:: MongoServerError: E11000 duplicate key error collection: test-super-market-02.vendors index: name_1 dup key: { name: "lakshan" }
2025-03-15T04:27:46.036Z error: createNewVendor:: MongoServerError: E11000 duplicate key error collection: test-super-market-02.vendors index: name_1 dup key: { name: "lakshan" }
2025-03-15T04:27:47.474Z error: createNewVendor:: MongoServerError: E11000 duplicate key error collection: test-super-market-02.vendors index: name_1 dup key: { name: "lakshan" }
2025-03-15T04:28:29.684Z error: ERROR::apiValidationHandler:  Unexpected number in JSON at position 95
2025-03-15T04:28:46.956Z error: updateVendor::Vendor not found : undefined
2025-03-15T04:29:03.774Z error: updateVendor::Vendor not found : undefined
2025-03-15T04:31:06.211Z error: createNewVendor:: MongoServerError: E11000 duplicate key error collection: test-super-market-02.vendors index: email_1 dup key: { email: "string" }
2025-03-15T04:31:40.018Z error: createNewVendor:: MongoServerError: E11000 duplicate key error collection: test-super-market-02.vendors index: name_1 dup key: { name: "suren1" }
2025-03-15T04:31:56.465Z error: ERROR::apiValidationHandler:  request/body must have required property 'shopList'
2025-03-15T04:32:02.655Z error: updateVendor::Vendor not found : null
2025-03-15T04:32:29.545Z error: deleteVendor::Vendor not found : undefined
2025-03-15T04:32:36.688Z error: deleteVendor::Vendor not found : undefined
2025-03-16T10:33:19.148Z error: ERROR::apiValidationHandler:  Authorization header required
2025-03-16T10:34:51.571Z error: ERROR::apiValidationHandler:  request/body must match exactly one schema in oneOf
2025-03-16T10:35:03.239Z error: login:: Error Unathorized user token verifying token for user: string
2025-03-16T10:35:37.391Z error: login:: Error Unathorized user token verifying token for user: string
2025-03-16T10:37:01.185Z error: ERROR::apiValidationHandler:  Expected ',' or '}' after property value in JSON at position 64
2025-03-16T10:37:27.786Z error: authenticateJWT:: invalid signature
2025-03-16T10:37:30.616Z error: authenticateJWT:: invalid signature
2025-03-16T11:06:57.009Z error: ERROR::apiValidationHandler:  /response/0 must have required property 'vendorEmai'
2025-03-16T11:36:54.797Z error: ERROR::apiValidationHandler:  openapi.validator: args.apiDoc was invalid.  See the output.
2025-03-16T11:36:56.897Z error: ERROR::apiValidationHandler:  openapi.validator: args.apiDoc was invalid.  See the output.
2025-03-16T11:40:59.594Z error: ERROR::apiValidationHandler:  openapi.validator: args.apiDoc was invalid.  See the output.
2025-03-16T11:44:06.226Z error: ERROR::apiValidationHandler:  openapi.validator: args.apiDoc was invalid.  See the output.
2025-03-16T11:44:10.151Z error: ERROR::apiValidationHandler:  openapi.validator: args.apiDoc was invalid.  See the output.
2025-03-16T11:44:11.314Z error: ERROR::apiValidationHandler:  openapi.validator: args.apiDoc was invalid.  See the output.
2025-03-16T11:44:37.125Z error: ERROR::apiValidationHandler:  openapi.validator: args.apiDoc was invalid.  See the output.
2025-03-16T11:45:46.537Z error: ERROR::apiValidationHandler:  openapi.validator: args.apiDoc was invalid.  See the output.
2025-03-16T11:50:54.550Z error: createNewRider:: MongoServerError: E11000 duplicate key error collection: test-super-market-03.riders index: name_1 dup key: { name: "lakiya" }
2025-03-16T12:38:40.777Z error: login:: Error Invalid token verifying token for user: lakarathalaka@gmail.com
2025-03-16T12:39:14.632Z error: login:: Error Invalid token verifying token for user: lakarathalaka@gmail.com
2025-03-16T12:39:44.608Z error: login:: Error Invalid token verifying token for user: lakarathalaka@gmail.com
2025-03-16T15:01:12.361Z error: authenticateJWT:: jwt expired
2025-03-16T15:02:20.772Z error: login:: Invalid password for user systemAdmin@gmail.com
2025-03-16T15:08:24.996Z error: ERROR::apiValidationHandler:  Expected double-quoted property name in JSON at position 39
2025-03-16T15:08:36.620Z error: ERROR::apiValidationHandler:  Expected double-quoted property name in JSON at position 39
2025-03-16T15:53:08.454Z error: authenticateJWT:: jwt expired
2025-03-16T15:53:52.336Z error: createNewCuisine:: ValidationError: timestamp: Path `timestamp` is required.
2025-03-16T15:54:08.023Z error: createNewCuisine:: ValidationError: timestamp: Path `timestamp` is required.
2025-03-16T15:55:16.293Z error: ERROR::apiValidationHandler:  request/body must have required property 'timestamp'
2025-03-16T16:00:41.722Z error: ERROR::apiValidationHandler:  request/body must have required property 'timestamp'
2025-03-18T16:00:29.867Z error: ERROR::apiValidationHandler:  Unexpected token '"', ""{\"name\""... is not valid JSON
2025-03-18T16:00:30.875Z error: ERROR::apiValidationHandler:  Unexpected token '"', ""{\"name\""... is not valid JSON
2025-03-18T16:00:31.883Z error: ERROR::apiValidationHandler:  Unexpected token '"', ""{\"name\""... is not valid JSON
2025-03-18T18:05:11.957Z error: ERROR::apiValidationHandler:  request/body must have required property 'email'
2025-03-18T18:05:27.255Z error: ERROR::apiValidationHandler:  request/body must have required property 'email'
2025-03-18T18:06:05.758Z error: ERROR::apiValidationHandler:  request/body must have required property 'timestamp'
2025-03-18T18:17:23.750Z error: ERROR::apiValidationHandler:  Authorization header required
2025-03-18T18:18:34.058Z error: ERROR::apiValidationHandler:  Authorization header required
2025-03-18T18:21:09.528Z error: ERROR::apiValidationHandler:  Authorization header required
2025-03-18T18:21:14.014Z error: ERROR::apiValidationHandler:  Authorization header required
2025-03-18T19:06:46.820Z error: ERROR::apiValidationHandler:  Authorization header required
2025-03-18T19:06:58.833Z error: ERROR::apiValidationHandler:  Authorization header required
2025-03-18T19:08:04.848Z error: ERROR::apiValidationHandler:  Authorization header required
2025-03-18T19:08:18.081Z error: ERROR::apiValidationHandler:  Authorization header required
2025-03-18T19:11:48.196Z error: ERROR::apiValidationHandler:  Authorization header required
2025-03-18T19:12:25.339Z error: ERROR::apiValidationHandler:  Authorization header required
2025-03-22T03:47:16.246Z error: ERROR::apiValidationHandler:  Authorization header required
2025-03-22T03:47:46.830Z error: ERROR::apiValidationHandler:  Authorization header required
2025-03-22T03:51:55.966Z error: ERROR::apiValidationHandler:  Authorization header required
2025-03-22T03:54:49.235Z error: ERROR::apiValidationHandler:  Authorization header required
2025-03-22T03:55:21.119Z error: ERROR::apiValidationHandler:  Authorization header required
2025-03-22T04:03:56.126Z error: ERROR::apiValidationHandler:  Authorization header required
2025-03-22T04:04:58.282Z error: ERROR::apiValidationHandler:  not found
2025-03-22T04:08:08.465Z error: ERROR::apiValidationHandler:  Authorization header required
2025-03-22T04:08:48.891Z error: ERROR::apiValidationHandler:  not found
2025-03-22T04:08:56.587Z error: ERROR::apiValidationHandler:  not found
2025-03-22T04:09:43.822Z error: ERROR::apiValidationHandler:  Authorization header required
2025-03-22T04:10:36.277Z error: ERROR::apiValidationHandler:  Authorization header required
2025-03-22T04:10:38.716Z error: ERROR::apiValidationHandler:  Authorization header required
2025-03-22T04:10:52.159Z error: ERROR::apiValidationHandler:  Authorization header required
2025-03-22T04:11:02.461Z error: ERROR::apiValidationHandler:  Authorization header required
2025-03-22T04:11:14.496Z error: ERROR::apiValidationHandler:  not found
2025-03-22T04:12:19.436Z error: ERROR::apiValidationHandler:  not found
2025-03-22T04:13:23.486Z error: ERROR::apiValidationHandler:  Authorization header required
2025-03-22T04:13:31.671Z error: ERROR::apiValidationHandler:  Authorization header required
2025-03-22T04:13:37.570Z error: ERROR::apiValidationHandler:  Authorization header required
2025-03-22T04:13:45.902Z error: ERROR::apiValidationHandler:  Authorization header required
2025-03-22T04:13:49.817Z error: ERROR::apiValidationHandler:  Authorization header required
2025-03-22T04:36:20.276Z error: ERROR::apiValidationHandler:  not found
2025-03-22T04:38:26.669Z error: ERROR::apiValidationHandler:  not found
2025-03-22T04:38:45.659Z error: ERROR::apiValidationHandler:  not found
2025-03-22T04:38:51.952Z error: ERROR::apiValidationHandler:  not found
2025-03-22T04:39:04.619Z error: ERROR::apiValidationHandler:  not found
2025-03-22T04:39:08.561Z error: ERROR::apiValidationHandler:  not found
2025-03-22T04:39:13.727Z error: ERROR::apiValidationHandler:  not found
2025-03-22T04:39:16.872Z error: ERROR::apiValidationHandler:  not found
2025-03-22T04:39:22.415Z error: ERROR::apiValidationHandler:  not found
2025-03-22T04:39:34.529Z error: ERROR::apiValidationHandler:  not found
2025-03-22T04:39:44.776Z error: ERROR::apiValidationHandler:  not found
2025-03-22T04:39:49.082Z error: ERROR::apiValidationHandler:  not found
2025-03-22T04:39:57.606Z error: ERROR::apiValidationHandler:  not found
2025-03-22T04:40:06.867Z error: ERROR::apiValidationHandler:  not found
2025-03-22T04:40:22.969Z error: ERROR::apiValidationHandler:  not found
2025-03-22T04:42:39.081Z error: ERROR::apiValidationHandler:  not found
2025-03-22T04:43:14.722Z error: ERROR::apiValidationHandler:  not found
2025-03-22T04:43:55.273Z error: ERROR::apiValidationHandler:  not found
2025-03-22T04:44:28.166Z error: ERROR::apiValidationHandler:  not found
2025-03-22T04:46:09.531Z error: ERROR::apiValidationHandler:  not found
2025-03-22T04:51:28.038Z error: ERROR::apiValidationHandler:  not found
2025-03-22T04:58:12.641Z error: ERROR::apiValidationHandler:  not found
2025-03-22T05:12:34.592Z error: ERROR::apiValidationHandler:  not found
2025-03-22T05:13:08.042Z error: ERROR::apiValidationHandler:  not found
2025-03-22T06:39:06.204Z error: ERROR::apiValidationHandler:  not found
2025-03-22T06:40:46.339Z error: ERROR::apiValidationHandler:  not found
2025-03-28T14:23:54.485Z error: authenticateJWT:: jwt expired
2025-03-28T14:23:55.508Z error: authenticateJWT:: jwt expired
2025-03-28T14:23:56.516Z error: authenticateJWT:: jwt expired
2025-03-31T03:29:34.952Z error: authenticateJWT:: jwt expired
2025-03-31T03:29:36.539Z error: authenticateJWT:: jwt expired
2025-03-31T03:29:37.639Z error: authenticateJWT:: jwt expired
2025-03-31T03:29:38.342Z error: authenticateJWT:: jwt expired
2025-03-31T03:29:39.454Z error: authenticateJWT:: jwt expired
2025-03-31T03:29:40.538Z error: authenticateJWT:: jwt expired
2025-03-31T03:29:44.962Z error: authenticateJWT:: jwt expired
2025-03-31T03:29:46.281Z error: authenticateJWT:: jwt expired
2025-03-31T03:29:47.360Z error: authenticateJWT:: jwt expired
2025-03-31T03:29:48.107Z error: authenticateJWT:: jwt expired
2025-03-31T03:29:49.187Z error: authenticateJWT:: jwt expired
2025-03-31T03:29:50.288Z error: authenticateJWT:: jwt expired
2025-03-31T03:33:03.348Z error: authenticateJWT:: jwt expired
2025-03-31T03:33:04.573Z error: authenticateJWT:: jwt expired
2025-03-31T03:33:05.586Z error: authenticateJWT:: jwt expired
2025-03-31T17:57:55.948Z error: ERROR::apiValidationHandler:  /response/cusine/0 must be string
2025-03-31T17:58:17.178Z error: ERROR::apiValidationHandler:  /response/0/cusine/0 must be string
2025-03-31T17:58:28.030Z error: ERROR::apiValidationHandler:  /response/0/cusine/0 must be string
2025-03-31T17:58:52.100Z error: ERROR::apiValidationHandler:  /response/0/cusine/0 must be string
2025-03-31T17:59:07.733Z error: ERROR::apiValidationHandler:  /response/0/cusine/0 must be string
2025-03-31T17:59:08.854Z error: ERROR::apiValidationHandler:  /response/0/cusine/0 must be string
2025-03-31T17:59:09.922Z error: ERROR::apiValidationHandler:  /response/0/cusine/0 must be string
2025-04-05T05:01:11.520Z error: authenticateJWT:: jwt expired
2025-04-05T05:01:13.492Z error: authenticateJWT:: jwt expired
2025-04-05T05:01:15.494Z error: authenticateJWT:: jwt expired
2025-04-05T05:01:37.304Z error: authenticateJWT:: jwt expired
2025-04-05T05:01:38.323Z error: authenticateJWT:: jwt expired
2025-04-05T05:01:39.329Z error: authenticateJWT:: jwt expired
2025-04-05T05:01:44.730Z error: authenticateJWT:: jwt expired
2025-04-05T05:01:45.736Z error: authenticateJWT:: jwt expired
2025-04-05T05:01:46.742Z error: authenticateJWT:: jwt expired
2025-04-05T06:48:11.343Z error: authenticateJWT:: jwt expired
2025-04-05T06:48:12.616Z error: authenticateJWT:: jwt expired
2025-04-05T06:48:13.700Z error: authenticateJWT:: jwt expired
2025-04-05T07:04:13.458Z error: authenticateJWT:: jwt expired
2025-04-05T07:04:14.694Z error: authenticateJWT:: jwt expired
2025-04-05T07:04:15.821Z error: authenticateJWT:: jwt expired
2025-04-05T07:08:17.140Z error: authenticateJWT:: jwt expired
2025-04-05T07:08:26.521Z error: authenticateJWT:: jwt expired
2025-04-05T07:08:27.896Z error: authenticateJWT:: jwt expired
2025-04-05T07:08:29.124Z error: authenticateJWT:: jwt expired
2025-04-05T07:09:27.485Z error: authenticateJWT:: jwt expired
2025-04-05T07:09:38.633Z error: authenticateJWT:: jwt expired
2025-04-06T05:00:54.896Z error: ERROR::apiValidationHandler:  /response/cusine/0 must be string
2025-04-06T05:00:55.982Z error: ERROR::apiValidationHandler:  /response/6/cusine/0 must be string
2025-04-06T05:00:57.031Z error: ERROR::apiValidationHandler:  /response/6/cusine/0 must be string
2025-04-06T05:00:58.078Z error: ERROR::apiValidationHandler:  /response/6/cusine/0 must be string
2025-04-06T05:01:00.677Z error: ERROR::apiValidationHandler:  /response/6/cusine/0 must be string
2025-04-06T05:01:01.711Z error: ERROR::apiValidationHandler:  /response/6/cusine/0 must be string
2025-04-06T05:01:02.758Z error: ERROR::apiValidationHandler:  /response/6/cusine/0 must be string
2025-04-06T05:01:05.378Z error: ERROR::apiValidationHandler:  /response/6/cusine/0 must be string
2025-04-06T05:01:06.429Z error: ERROR::apiValidationHandler:  /response/6/cusine/0 must be string
2025-04-06T05:01:07.479Z error: ERROR::apiValidationHandler:  /response/6/cusine/0 must be string
2025-04-06T05:01:10.078Z error: ERROR::apiValidationHandler:  /response/6/cusine/0 must be string
2025-04-06T07:14:08.726Z error: authenticateJWT:: jwt expired
2025-04-06T07:14:09.776Z error: authenticateJWT:: jwt expired
2025-04-06T07:14:10.842Z error: authenticateJWT:: jwt expired
2025-04-06T07:14:10.875Z error: authenticateJWT:: jwt expired
2025-04-06T07:14:11.931Z error: authenticateJWT:: jwt expired
2025-04-06T07:14:12.987Z error: authenticateJWT:: jwt expired
2025-04-06T07:14:13.550Z error: authenticateJWT:: jwt expired
2025-04-06T07:14:14.826Z error: authenticateJWT:: jwt expired
2025-04-06T07:14:15.937Z error: authenticateJWT:: jwt expired
2025-04-06T07:22:52.645Z error: authenticateJWT:: jwt expired
2025-04-06T07:22:55.603Z error: authenticateJWT:: jwt expired
2025-04-06T07:22:57.068Z error: authenticateJWT:: jwt expired
2025-04-06T07:22:57.164Z error: authenticateJWT:: jwt expired
2025-04-06T07:22:58.851Z error: authenticateJWT:: jwt expired
2025-04-06T07:23:00.054Z error: authenticateJWT:: jwt expired
2025-04-06T07:23:00.183Z error: authenticateJWT:: jwt expired
2025-04-06T07:23:01.459Z error: authenticateJWT:: jwt expired
2025-04-06T07:23:02.661Z error: authenticateJWT:: jwt expired
2025-04-06T09:54:23.433Z error: authorizeJWT:: User not authorized with role: admin
2025-04-06T09:57:16.980Z error: authorizeJWT:: User not authorized with role: admin
2025-04-06T09:57:18.236Z error: authorizeJWT:: User not authorized with role: admin
2025-04-07T13:55:30.703Z error: authenticateJWT:: jwt expired
2025-04-07T13:55:37.691Z error: authenticateJWT:: jwt expired
2025-04-07T13:55:39.825Z error: authenticateJWT:: jwt expired
2025-04-07T13:55:57.851Z error: authenticateJWT:: jwt expired
2025-04-07T13:55:58.876Z error: authenticateJWT:: jwt expired
2025-04-07T13:55:59.886Z error: authenticateJWT:: jwt expired
2025-04-07T13:56:01.434Z error: authenticateJWT:: jwt expired
2025-04-07T13:56:02.802Z error: authenticateJWT:: jwt expired
2025-04-07T13:56:10.897Z error: authenticateJWT:: jwt expired
2025-04-07T13:56:11.634Z error: authenticateJWT:: jwt expired
2025-04-07T13:56:13.028Z error: authenticateJWT:: jwt expired
2025-04-07T13:56:14.518Z error: authenticateJWT:: jwt expired
2025-04-07T13:58:18.802Z error: ERROR::apiValidationHandler:  /response/cusine/0 must be string
2025-04-10T08:35:24.328Z error: authenticateJWT:: jwt expired
2025-04-10T08:35:48.040Z error: authenticateJWT:: jwt expired
2025-04-10T08:35:52.243Z error: authenticateJWT:: jwt expired
2025-04-10T08:35:52.741Z error: authenticateJWT:: jwt expired
2025-04-10T08:35:53.909Z error: authenticateJWT:: jwt expired
2025-04-10T08:35:55.204Z error: authenticateJWT:: jwt expired
2025-04-10T08:35:55.734Z error: authenticateJWT:: jwt expired
2025-04-10T08:35:56.972Z error: authenticateJWT:: jwt expired
2025-04-10T08:35:58.134Z error: authenticateJWT:: jwt expired
2025-04-10T08:37:05.774Z error: authenticateJWT:: jwt expired
2025-04-10T08:37:06.992Z error: authenticateJWT:: jwt expired
2025-04-10T08:37:08.164Z error: authenticateJWT:: jwt expired
2025-04-10T08:37:08.302Z error: authenticateJWT:: jwt expired
2025-04-10T08:37:09.426Z error: authenticateJWT:: jwt expired
2025-04-10T08:37:11.614Z error: authenticateJWT:: jwt expired
2025-04-10T08:37:11.918Z error: authenticateJWT:: jwt expired
2025-04-10T08:37:13.144Z error: authenticateJWT:: jwt expired
2025-04-10T08:37:14.298Z error: authenticateJWT:: jwt expired
2025-04-10T08:38:45.649Z error: authenticateJWT:: jwt expired
2025-04-10T08:38:46.719Z error: authenticateJWT:: jwt expired
2025-04-10T08:38:47.776Z error: authenticateJWT:: jwt expired
2025-04-10T08:38:47.847Z error: authenticateJWT:: jwt expired
2025-04-10T08:38:48.921Z error: authenticateJWT:: jwt expired
2025-04-10T08:38:49.971Z error: authenticateJWT:: jwt expired
2025-04-10T08:38:50.011Z error: authenticateJWT:: jwt expired
2025-04-10T08:38:51.074Z error: authenticateJWT:: jwt expired
2025-04-10T08:38:52.119Z error: authenticateJWT:: jwt expired
2025-04-10T08:40:25.565Z error: authenticateJWT:: jwt expired
2025-04-10T08:40:26.620Z error: authenticateJWT:: jwt expired
2025-04-10T08:40:27.699Z error: authenticateJWT:: jwt expired
2025-04-10T08:40:27.741Z error: authenticateJWT:: jwt expired
2025-04-10T08:40:28.804Z error: authenticateJWT:: jwt expired
2025-04-10T08:40:29.853Z error: authenticateJWT:: jwt expired
2025-04-10T08:40:29.892Z error: authenticateJWT:: jwt expired
2025-04-10T08:40:30.967Z error: authenticateJWT:: jwt expired
2025-04-10T08:40:32.022Z error: authenticateJWT:: jwt expired
2025-04-10T08:42:05.485Z error: authenticateJWT:: jwt expired
2025-04-10T08:42:06.557Z error: authenticateJWT:: jwt expired
2025-04-10T08:42:07.637Z error: authenticateJWT:: jwt expired
2025-04-10T08:42:07.682Z error: authenticateJWT:: jwt expired
2025-04-10T08:42:08.713Z error: authenticateJWT:: jwt expired
2025-04-10T08:42:09.839Z error: authenticateJWT:: jwt expired
2025-04-10T08:42:09.969Z error: authenticateJWT:: jwt expired
2025-04-10T08:42:11.159Z error: authenticateJWT:: jwt expired
2025-04-10T08:42:12.221Z error: authenticateJWT:: jwt expired
2025-04-10T08:43:45.407Z error: authenticateJWT:: jwt expired
2025-04-10T08:43:46.453Z error: authenticateJWT:: jwt expired
2025-04-10T08:43:47.538Z error: authenticateJWT:: jwt expired
2025-04-10T08:43:47.619Z error: authenticateJWT:: jwt expired
2025-04-10T08:43:48.681Z error: authenticateJWT:: jwt expired
2025-04-10T08:43:49.741Z error: authenticateJWT:: jwt expired
2025-04-10T08:43:49.765Z error: authenticateJWT:: jwt expired
2025-04-10T08:43:50.796Z error: authenticateJWT:: jwt expired
2025-04-10T08:43:51.830Z error: authenticateJWT:: jwt expired
2025-04-10T08:44:13.129Z error: authenticateJWT:: jwt expired
2025-04-10T08:44:15.842Z error: authenticateJWT:: jwt expired
2025-04-10T08:44:17.496Z error: authenticateJWT:: jwt expired
2025-04-10T08:44:17.756Z error: authenticateJWT:: jwt expired
2025-04-10T08:44:18.851Z error: authenticateJWT:: jwt expired
2025-04-10T08:44:19.956Z error: authenticateJWT:: jwt expired
2025-04-10T08:44:20.156Z error: authenticateJWT:: jwt expired
2025-04-10T08:44:21.409Z error: authenticateJWT:: jwt expired
2025-04-10T08:44:22.535Z error: authenticateJWT:: jwt expired
2025-04-10T08:44:52.041Z error: authenticateJWT:: jwt expired
2025-04-10T08:44:57.013Z error: authenticateJWT:: jwt expired
2025-04-10T08:44:58.193Z error: authenticateJWT:: jwt expired
2025-04-10T08:44:58.321Z error: authenticateJWT:: jwt expired
2025-04-10T08:44:59.405Z error: authenticateJWT:: jwt expired
2025-04-10T08:45:00.733Z error: authenticateJWT:: jwt expired
2025-04-10T08:45:01.929Z error: authenticateJWT:: jwt expired
2025-04-10T08:45:03.369Z error: authenticateJWT:: jwt expired
2025-04-10T08:45:04.604Z error: authenticateJWT:: jwt expired
2025-04-10T08:46:33.064Z error: authenticateJWT:: jwt expired
2025-04-10T08:46:34.284Z error: authenticateJWT:: jwt expired
2025-04-10T08:46:35.517Z error: authenticateJWT:: jwt expired
2025-04-10T08:46:35.656Z error: authenticateJWT:: jwt expired
2025-04-10T08:46:37.101Z error: authenticateJWT:: jwt expired
2025-04-10T08:46:38.398Z error: authenticateJWT:: jwt expired
2025-04-10T08:46:38.592Z error: authenticateJWT:: jwt expired
2025-04-10T08:46:40.229Z error: authenticateJWT:: jwt expired
2025-04-10T08:46:41.862Z error: authenticateJWT:: jwt expired
2025-04-10T08:48:11.863Z error: authenticateJWT:: jwt expired
2025-04-10T08:48:15.688Z error: authenticateJWT:: jwt expired
2025-04-10T08:48:17.016Z error: authenticateJWT:: jwt expired
2025-04-10T08:48:17.161Z error: authenticateJWT:: jwt expired
2025-04-10T08:48:18.328Z error: authenticateJWT:: jwt expired
2025-04-10T08:48:19.833Z error: authenticateJWT:: jwt expired
2025-04-10T08:48:19.866Z error: authenticateJWT:: jwt expired
2025-04-10T08:48:20.901Z error: authenticateJWT:: jwt expired
2025-04-10T08:48:21.968Z error: authenticateJWT:: jwt expired
2025-04-10T08:49:53.013Z error: authenticateJWT:: jwt expired
2025-04-10T08:49:54.053Z error: authenticateJWT:: jwt expired
2025-04-10T08:49:55.110Z error: authenticateJWT:: jwt expired
2025-04-10T08:49:55.169Z error: authenticateJWT:: jwt expired
2025-04-10T08:49:56.234Z error: authenticateJWT:: jwt expired
2025-04-10T08:49:57.306Z error: authenticateJWT:: jwt expired
2025-04-10T08:49:57.351Z error: authenticateJWT:: jwt expired
2025-04-10T08:49:58.417Z error: authenticateJWT:: jwt expired
2025-04-10T08:49:59.480Z error: authenticateJWT:: jwt expired
2025-04-10T08:51:53.193Z error: authenticateJWT:: jwt expired
2025-04-10T08:51:54.277Z error: authenticateJWT:: jwt expired
2025-04-10T08:51:55.346Z error: authenticateJWT:: jwt expired
2025-04-10T08:51:55.394Z error: authenticateJWT:: jwt expired
2025-04-10T08:51:56.448Z error: authenticateJWT:: jwt expired
2025-04-10T08:51:57.494Z error: authenticateJWT:: jwt expired
2025-04-10T08:51:57.562Z error: authenticateJWT:: jwt expired
2025-04-10T08:51:58.613Z error: authenticateJWT:: jwt expired
2025-04-10T08:51:59.667Z error: authenticateJWT:: jwt expired
2025-04-10T08:53:32.863Z error: authenticateJWT:: jwt expired
2025-04-10T08:53:33.921Z error: authenticateJWT:: jwt expired
2025-04-10T08:53:34.986Z error: authenticateJWT:: jwt expired
2025-04-10T08:53:35.044Z error: authenticateJWT:: jwt expired
2025-04-10T08:53:36.118Z error: authenticateJWT:: jwt expired
2025-04-10T08:53:37.167Z error: authenticateJWT:: jwt expired
2025-04-10T08:53:37.211Z error: authenticateJWT:: jwt expired
2025-04-10T08:53:38.261Z error: authenticateJWT:: jwt expired
2025-04-10T08:53:39.304Z error: authenticateJWT:: jwt expired
2025-04-10T08:55:12.525Z error: authenticateJWT:: jwt expired
2025-04-10T08:55:13.551Z error: authenticateJWT:: jwt expired
2025-04-10T08:55:14.592Z error: authenticateJWT:: jwt expired
2025-04-10T08:55:14.626Z error: authenticateJWT:: jwt expired
2025-04-10T08:55:15.654Z error: authenticateJWT:: jwt expired
2025-04-10T08:55:16.702Z error: authenticateJWT:: jwt expired
2025-04-10T08:55:16.736Z error: authenticateJWT:: jwt expired
2025-04-10T08:55:17.773Z error: authenticateJWT:: jwt expired
2025-04-10T08:55:18.815Z error: authenticateJWT:: jwt expired
2025-04-10T08:55:46.516Z error: authenticateJWT:: jwt expired
2025-04-10T08:55:48.516Z error: authenticateJWT:: jwt expired
2025-04-10T08:55:49.559Z error: authenticateJWT:: jwt expired
2025-04-10T08:55:49.640Z error: authenticateJWT:: jwt expired
2025-04-10T08:55:50.953Z error: authenticateJWT:: jwt expired
2025-04-10T08:55:53.223Z error: authenticateJWT:: jwt expired
2025-04-10T08:55:53.880Z error: authenticateJWT:: jwt expired
2025-04-10T08:55:55.540Z error: authenticateJWT:: jwt expired
2025-04-10T08:55:56.594Z error: authenticateJWT:: jwt expired
2025-04-10T08:57:54.144Z error: authenticateJWT:: jwt expired
2025-04-10T08:57:56.595Z error: authenticateJWT:: jwt expired
2025-04-10T08:57:57.832Z error: authenticateJWT:: jwt expired
2025-04-10T08:57:59.239Z error: authenticateJWT:: jwt expired
2025-04-10T08:58:01.069Z error: authenticateJWT:: jwt expired
2025-04-10T08:58:02.654Z error: authenticateJWT:: jwt expired
2025-04-10T08:58:02.753Z error: authenticateJWT:: jwt expired
2025-04-10T08:58:08.555Z error: authenticateJWT:: jwt expired
2025-04-10T08:58:09.640Z error: authenticateJWT:: jwt expired
2025-04-10T08:59:35.032Z error: authenticateJWT:: jwt expired
2025-04-10T08:59:36.082Z error: authenticateJWT:: jwt expired
2025-04-10T08:59:37.151Z error: authenticateJWT:: jwt expired
2025-04-10T08:59:37.219Z error: authenticateJWT:: jwt expired
2025-04-10T08:59:38.295Z error: authenticateJWT:: jwt expired
2025-04-10T08:59:39.333Z error: authenticateJWT:: jwt expired
2025-04-10T08:59:39.369Z error: authenticateJWT:: jwt expired
2025-04-10T08:59:43.647Z error: authenticateJWT:: jwt expired
2025-04-10T08:59:44.743Z error: authenticateJWT:: jwt expired
2025-04-10T09:01:14.952Z error: authenticateJWT:: jwt expired
2025-04-10T09:01:16.000Z error: authenticateJWT:: jwt expired
2025-04-10T09:01:17.074Z error: authenticateJWT:: jwt expired
2025-04-10T09:01:17.161Z error: authenticateJWT:: jwt expired
2025-04-10T09:01:18.221Z error: authenticateJWT:: jwt expired
2025-04-10T09:01:19.264Z error: authenticateJWT:: jwt expired
2025-04-10T09:01:19.320Z error: authenticateJWT:: jwt expired
2025-04-10T09:01:20.359Z error: authenticateJWT:: jwt expired
2025-04-10T09:01:21.393Z error: authenticateJWT:: jwt expired
2025-04-10T09:02:54.891Z error: authenticateJWT:: jwt expired
2025-04-10T09:02:55.948Z error: authenticateJWT:: jwt expired
2025-04-10T09:02:56.996Z error: authenticateJWT:: jwt expired
2025-04-10T09:02:57.029Z error: authenticateJWT:: jwt expired
2025-04-10T09:02:58.060Z error: authenticateJWT:: jwt expired
2025-04-10T09:02:59.102Z error: authenticateJWT:: jwt expired
2025-04-10T09:02:59.164Z error: authenticateJWT:: jwt expired
2025-04-10T09:03:00.220Z error: authenticateJWT:: jwt expired
2025-04-10T09:03:01.292Z error: authenticateJWT:: jwt expired
2025-04-10T09:04:34.917Z error: authenticateJWT:: jwt expired
2025-04-10T09:04:36.073Z error: authenticateJWT:: jwt expired
2025-04-10T09:04:37.298Z error: authenticateJWT:: jwt expired
2025-04-10T09:04:37.487Z error: authenticateJWT:: jwt expired
2025-04-10T09:04:38.782Z error: authenticateJWT:: jwt expired
2025-04-10T09:04:40.064Z error: authenticateJWT:: jwt expired
2025-04-10T09:04:40.258Z error: authenticateJWT:: jwt expired
2025-04-10T09:04:41.402Z error: authenticateJWT:: jwt expired
2025-04-10T09:04:42.599Z error: authenticateJWT:: jwt expired
2025-04-10T09:10:05.766Z error: authenticateJWT:: jwt expired
2025-04-10T09:10:30.227Z error: authenticateJWT:: jwt expired
2025-04-10T09:10:31.487Z error: authenticateJWT:: jwt expired
2025-04-10T09:10:31.652Z error: authenticateJWT:: jwt expired
2025-04-10T09:10:32.756Z error: authenticateJWT:: jwt expired
2025-04-10T09:10:34.085Z error: authenticateJWT:: jwt expired
2025-04-10T09:10:34.650Z error: authenticateJWT:: jwt expired
2025-04-10T09:10:35.705Z error: authenticateJWT:: jwt expired
2025-04-10T09:10:36.773Z error: authenticateJWT:: jwt expired
2025-04-10T09:11:47.086Z error: authenticateJWT:: jwt expired
2025-04-10T09:11:48.141Z error: authenticateJWT:: jwt expired
2025-04-10T09:11:49.201Z error: authenticateJWT:: jwt expired
2025-04-10T09:11:49.261Z error: authenticateJWT:: jwt expired
2025-04-10T09:11:50.328Z error: authenticateJWT:: jwt expired
2025-04-10T09:11:51.387Z error: authenticateJWT:: jwt expired
2025-04-10T09:11:51.456Z error: authenticateJWT:: jwt expired
2025-04-10T09:11:52.568Z error: authenticateJWT:: jwt expired
2025-04-10T09:11:53.625Z error: authenticateJWT:: jwt expired
2025-04-10T09:13:26.898Z error: authenticateJWT:: jwt expired
2025-04-10T09:13:27.949Z error: authenticateJWT:: jwt expired
2025-04-10T09:13:29.011Z error: authenticateJWT:: jwt expired
2025-04-10T09:13:29.068Z error: authenticateJWT:: jwt expired
2025-04-10T09:13:30.117Z error: authenticateJWT:: jwt expired
2025-04-10T09:13:31.185Z error: authenticateJWT:: jwt expired
2025-04-10T09:13:31.222Z error: authenticateJWT:: jwt expired
2025-04-10T09:13:32.283Z error: authenticateJWT:: jwt expired
2025-04-10T09:13:33.345Z error: authenticateJWT:: jwt expired
2025-04-10T09:15:06.704Z error: authenticateJWT:: jwt expired
2025-04-10T09:15:07.760Z error: authenticateJWT:: jwt expired
2025-04-10T09:15:08.840Z error: authenticateJWT:: jwt expired
2025-04-10T09:15:08.894Z error: authenticateJWT:: jwt expired
2025-04-10T09:15:09.930Z error: authenticateJWT:: jwt expired
2025-04-10T09:15:11.002Z error: authenticateJWT:: jwt expired
2025-04-10T09:15:11.087Z error: authenticateJWT:: jwt expired
2025-04-10T09:15:12.160Z error: authenticateJWT:: jwt expired
2025-04-10T09:15:13.215Z error: authenticateJWT:: jwt expired
2025-04-10T09:16:46.532Z error: authenticateJWT:: jwt expired
2025-04-10T09:16:47.573Z error: authenticateJWT:: jwt expired
2025-04-10T09:16:48.643Z error: authenticateJWT:: jwt expired
2025-04-10T09:16:48.687Z error: authenticateJWT:: jwt expired
2025-04-10T09:16:49.737Z error: authenticateJWT:: jwt expired
2025-04-10T09:16:50.787Z error: authenticateJWT:: jwt expired
2025-04-10T09:16:50.824Z error: authenticateJWT:: jwt expired
2025-04-10T09:16:51.908Z error: authenticateJWT:: jwt expired
2025-04-10T09:16:52.961Z error: authenticateJWT:: jwt expired
2025-04-10T09:18:26.346Z error: authenticateJWT:: jwt expired
2025-04-10T09:18:27.400Z error: authenticateJWT:: jwt expired
2025-04-10T09:18:28.466Z error: authenticateJWT:: jwt expired
2025-04-10T09:18:28.506Z error: authenticateJWT:: jwt expired
2025-04-10T09:18:29.554Z error: authenticateJWT:: jwt expired
2025-04-10T09:18:30.604Z error: authenticateJWT:: jwt expired
2025-04-10T09:18:30.651Z error: authenticateJWT:: jwt expired
2025-04-10T09:18:31.690Z error: authenticateJWT:: jwt expired
2025-04-10T09:18:32.746Z error: authenticateJWT:: jwt expired
2025-04-10T09:20:06.172Z error: authenticateJWT:: jwt expired
2025-04-10T09:20:07.270Z error: authenticateJWT:: jwt expired
2025-04-10T09:20:08.355Z error: authenticateJWT:: jwt expired
2025-04-10T09:20:08.406Z error: authenticateJWT:: jwt expired
2025-04-10T09:20:09.455Z error: authenticateJWT:: jwt expired
2025-04-10T09:20:10.505Z error: authenticateJWT:: jwt expired
2025-04-10T09:20:10.541Z error: authenticateJWT:: jwt expired
2025-04-10T09:20:11.591Z error: authenticateJWT:: jwt expired
2025-04-10T09:20:12.639Z error: authenticateJWT:: jwt expired
2025-04-10T09:21:45.971Z error: authenticateJWT:: jwt expired
2025-04-10T09:21:47.016Z error: authenticateJWT:: jwt expired
2025-04-10T09:21:48.064Z error: authenticateJWT:: jwt expired
2025-04-10T09:21:48.090Z error: authenticateJWT:: jwt expired
2025-04-10T09:21:49.146Z error: authenticateJWT:: jwt expired
2025-04-10T09:21:50.197Z error: authenticateJWT:: jwt expired
2025-04-10T09:21:50.227Z error: authenticateJWT:: jwt expired
2025-04-10T09:21:51.297Z error: authenticateJWT:: jwt expired
2025-04-10T09:21:52.377Z error: authenticateJWT:: jwt expired
2025-04-10T09:23:25.791Z error: authenticateJWT:: jwt expired
2025-04-10T09:23:26.853Z error: authenticateJWT:: jwt expired
2025-04-10T09:23:27.956Z error: authenticateJWT:: jwt expired
2025-04-10T09:23:28.015Z error: authenticateJWT:: jwt expired
2025-04-10T09:23:29.067Z error: authenticateJWT:: jwt expired
2025-04-10T09:23:30.112Z error: authenticateJWT:: jwt expired
2025-04-10T09:23:30.166Z error: authenticateJWT:: jwt expired
2025-04-10T09:23:31.220Z error: authenticateJWT:: jwt expired
2025-04-10T09:23:32.280Z error: authenticateJWT:: jwt expired
2025-04-10T09:25:05.602Z error: authenticateJWT:: jwt expired
2025-04-10T09:25:06.635Z error: authenticateJWT:: jwt expired
2025-04-10T09:25:07.709Z error: authenticateJWT:: jwt expired
2025-04-10T09:25:07.739Z error: authenticateJWT:: jwt expired
2025-04-10T09:25:08.773Z error: authenticateJWT:: jwt expired
2025-04-10T09:25:09.828Z error: authenticateJWT:: jwt expired
2025-04-10T09:25:09.870Z error: authenticateJWT:: jwt expired
2025-04-10T09:25:10.927Z error: authenticateJWT:: jwt expired
2025-04-10T09:25:11.981Z error: authenticateJWT:: jwt expired
2025-04-10T09:26:45.413Z error: authenticateJWT:: jwt expired
2025-04-10T09:26:46.456Z error: authenticateJWT:: jwt expired
2025-04-10T09:26:47.522Z error: authenticateJWT:: jwt expired
2025-04-10T09:26:47.588Z error: authenticateJWT:: jwt expired
2025-04-10T09:26:48.620Z error: authenticateJWT:: jwt expired
2025-04-10T09:26:49.670Z error: authenticateJWT:: jwt expired
2025-04-10T09:26:49.707Z error: authenticateJWT:: jwt expired
2025-04-10T09:26:50.756Z error: authenticateJWT:: jwt expired
2025-04-10T09:26:51.804Z error: authenticateJWT:: jwt expired
2025-04-10T09:28:25.231Z error: authenticateJWT:: jwt expired
2025-04-10T09:28:26.270Z error: authenticateJWT:: jwt expired
2025-04-10T09:28:27.341Z error: authenticateJWT:: jwt expired
2025-04-10T09:28:27.388Z error: authenticateJWT:: jwt expired
2025-04-10T09:28:28.438Z error: authenticateJWT:: jwt expired
2025-04-10T09:28:29.482Z error: authenticateJWT:: jwt expired
2025-04-10T09:28:29.520Z error: authenticateJWT:: jwt expired
2025-04-10T09:28:30.562Z error: authenticateJWT:: jwt expired
2025-04-10T09:28:31.603Z error: authenticateJWT:: jwt expired
2025-04-10T09:30:05.060Z error: authenticateJWT:: jwt expired
2025-04-10T09:30:06.103Z error: authenticateJWT:: jwt expired
2025-04-10T09:30:07.164Z error: authenticateJWT:: jwt expired
2025-04-10T09:30:07.204Z error: authenticateJWT:: jwt expired
2025-04-10T09:30:08.243Z error: authenticateJWT:: jwt expired
2025-04-10T09:30:09.286Z error: authenticateJWT:: jwt expired
2025-04-10T09:30:09.338Z error: authenticateJWT:: jwt expired
2025-04-10T09:30:10.427Z error: authenticateJWT:: jwt expired
2025-04-10T09:30:11.469Z error: authenticateJWT:: jwt expired
2025-04-10T09:31:44.864Z error: authenticateJWT:: jwt expired
2025-04-10T09:31:45.909Z error: authenticateJWT:: jwt expired
2025-04-10T09:31:46.947Z error: authenticateJWT:: jwt expired
2025-04-10T09:31:46.999Z error: authenticateJWT:: jwt expired
2025-04-10T09:31:48.058Z error: authenticateJWT:: jwt expired
2025-04-10T09:31:49.098Z error: authenticateJWT:: jwt expired
2025-04-10T09:31:49.132Z error: authenticateJWT:: jwt expired
2025-04-10T09:31:50.159Z error: authenticateJWT:: jwt expired
2025-04-10T09:31:51.200Z error: authenticateJWT:: jwt expired
2025-04-10T09:32:56.204Z error: authenticateJWT:: jwt expired
2025-04-10T09:32:57.216Z error: authenticateJWT:: jwt expired
2025-04-10T09:32:58.225Z error: authenticateJWT:: jwt expired
2025-04-10T09:33:24.673Z error: authenticateJWT:: jwt expired
2025-04-10T09:33:25.714Z error: authenticateJWT:: jwt expired
2025-04-10T09:33:26.765Z error: authenticateJWT:: jwt expired
2025-04-10T09:33:26.806Z error: authenticateJWT:: jwt expired
2025-04-10T09:33:27.847Z error: authenticateJWT:: jwt expired
2025-04-10T09:33:28.901Z error: authenticateJWT:: jwt expired
2025-04-10T09:33:28.942Z error: authenticateJWT:: jwt expired
2025-04-10T09:33:29.988Z error: authenticateJWT:: jwt expired
2025-04-10T09:33:31.028Z error: authenticateJWT:: jwt expired
2025-04-10T09:35:04.498Z error: authenticateJWT:: jwt expired
2025-04-10T09:35:05.565Z error: authenticateJWT:: jwt expired
2025-04-10T09:35:06.615Z error: authenticateJWT:: jwt expired
2025-04-10T09:35:06.694Z error: authenticateJWT:: jwt expired
2025-04-10T09:35:07.762Z error: authenticateJWT:: jwt expired
2025-04-10T09:35:08.813Z error: authenticateJWT:: jwt expired
2025-04-10T09:35:08.867Z error: authenticateJWT:: jwt expired
2025-04-10T09:35:09.914Z error: authenticateJWT:: jwt expired
2025-04-10T09:35:10.958Z error: authenticateJWT:: jwt expired
2025-04-10T09:36:28.009Z error: login:: Error Invalid token verifying token for user: bandarasuren99721@gmail.com
2025-04-10T09:36:44.311Z error: authenticateJWT:: jwt expired
2025-04-10T09:36:45.340Z error: authenticateJWT:: jwt expired
2025-04-10T09:36:46.377Z error: authenticateJWT:: jwt expired
2025-04-10T09:36:46.413Z error: authenticateJWT:: jwt expired
2025-04-10T09:36:47.479Z error: authenticateJWT:: jwt expired
2025-04-10T09:36:48.530Z error: authenticateJWT:: jwt expired
2025-04-10T09:36:48.605Z error: authenticateJWT:: jwt expired
2025-04-10T09:36:49.678Z error: authenticateJWT:: jwt expired
2025-04-10T09:36:50.714Z error: authenticateJWT:: jwt expired
2025-04-10T09:37:11.515Z error: login:: Error Invalid token verifying token for user: bandarasuren99721@gmail.com
2025-04-10T09:38:24.131Z error: authenticateJWT:: jwt expired
2025-04-10T09:38:25.197Z error: authenticateJWT:: jwt expired
2025-04-10T09:38:26.238Z error: authenticateJWT:: jwt expired
2025-04-10T09:38:26.273Z error: authenticateJWT:: jwt expired
2025-04-10T09:38:27.343Z error: authenticateJWT:: jwt expired
2025-04-10T09:38:28.391Z error: authenticateJWT:: jwt expired
2025-04-10T09:38:28.422Z error: authenticateJWT:: jwt expired
2025-04-10T09:38:29.481Z error: authenticateJWT:: jwt expired
2025-04-10T09:38:30.532Z error: authenticateJWT:: jwt expired
2025-04-10T09:38:34.348Z error: login:: Error Invalid token verifying token for user: bandarasuren99721@gmail.com
2025-04-10T09:40:03.949Z error: authenticateJWT:: jwt expired
2025-04-10T09:40:05.016Z error: authenticateJWT:: jwt expired
2025-04-10T09:40:06.070Z error: authenticateJWT:: jwt expired
2025-04-10T09:40:06.157Z error: authenticateJWT:: jwt expired
2025-04-10T09:40:07.230Z error: authenticateJWT:: jwt expired
2025-04-10T09:40:08.262Z error: authenticateJWT:: jwt expired
2025-04-10T09:40:08.295Z error: authenticateJWT:: jwt expired
2025-04-10T09:40:09.347Z error: authenticateJWT:: jwt expired
2025-04-10T09:40:10.398Z error: authenticateJWT:: jwt expired
2025-04-10T09:40:49.578Z error: login:: Error Invalid token verifying token for user: bandarasuren99721@gmail.com
2025-04-10T09:41:43.763Z error: authenticateJWT:: jwt expired
2025-04-10T09:41:44.821Z error: authenticateJWT:: jwt expired
2025-04-10T09:41:45.880Z error: authenticateJWT:: jwt expired
2025-04-10T09:41:45.932Z error: authenticateJWT:: jwt expired
2025-04-10T09:41:46.981Z error: authenticateJWT:: jwt expired
2025-04-10T09:41:48.055Z error: authenticateJWT:: jwt expired
2025-04-10T09:41:48.082Z error: authenticateJWT:: jwt expired
2025-04-10T09:41:49.171Z error: authenticateJWT:: jwt expired
2025-04-10T09:41:50.218Z error: authenticateJWT:: jwt expired
2025-04-10T09:43:23.573Z error: authenticateJWT:: jwt expired
2025-04-10T09:43:24.635Z error: authenticateJWT:: jwt expired
2025-04-10T09:43:25.714Z error: authenticateJWT:: jwt expired
2025-04-10T09:43:25.771Z error: authenticateJWT:: jwt expired
2025-04-10T09:43:26.828Z error: authenticateJWT:: jwt expired
2025-04-10T09:43:27.890Z error: authenticateJWT:: jwt expired
2025-04-10T09:43:27.928Z error: authenticateJWT:: jwt expired
2025-04-10T09:43:29.000Z error: authenticateJWT:: jwt expired
2025-04-10T09:43:30.048Z error: authenticateJWT:: jwt expired
2025-04-10T09:45:03.383Z error: authenticateJWT:: jwt expired
2025-04-10T09:45:04.424Z error: authenticateJWT:: jwt expired
2025-04-10T09:45:05.494Z error: authenticateJWT:: jwt expired
2025-04-10T09:45:05.560Z error: authenticateJWT:: jwt expired
2025-04-10T09:45:06.631Z error: authenticateJWT:: jwt expired
2025-04-10T09:45:07.706Z error: authenticateJWT:: jwt expired
2025-04-10T09:45:07.989Z error: authenticateJWT:: jwt expired
2025-04-10T09:45:09.289Z error: authenticateJWT:: jwt expired
2025-04-10T09:45:10.446Z error: authenticateJWT:: jwt expired
2025-04-10T09:46:43.209Z error: authenticateJWT:: jwt expired
2025-04-10T09:46:44.246Z error: authenticateJWT:: jwt expired
2025-04-10T09:46:45.294Z error: authenticateJWT:: jwt expired
2025-04-10T09:46:45.337Z error: authenticateJWT:: jwt expired
2025-04-10T09:46:46.384Z error: authenticateJWT:: jwt expired
2025-04-10T09:46:47.427Z error: authenticateJWT:: jwt expired
2025-04-10T09:46:47.469Z error: authenticateJWT:: jwt expired
2025-04-10T09:46:48.517Z error: authenticateJWT:: jwt expired
2025-04-10T09:46:49.559Z error: authenticateJWT:: jwt expired
2025-04-10T09:48:23.011Z error: authenticateJWT:: jwt expired
2025-04-10T09:48:24.045Z error: authenticateJWT:: jwt expired
2025-04-10T09:48:25.101Z error: authenticateJWT:: jwt expired
2025-04-10T09:48:25.135Z error: authenticateJWT:: jwt expired
2025-04-10T09:48:26.178Z error: authenticateJWT:: jwt expired
2025-04-10T09:48:27.252Z error: authenticateJWT:: jwt expired
2025-04-10T09:48:27.291Z error: authenticateJWT:: jwt expired
2025-04-10T09:48:28.329Z error: authenticateJWT:: jwt expired
2025-04-10T09:48:29.382Z error: authenticateJWT:: jwt expired
2025-04-10T09:50:02.841Z error: authenticateJWT:: jwt expired
2025-04-10T09:50:03.879Z error: authenticateJWT:: jwt expired
2025-04-10T09:50:04.930Z error: authenticateJWT:: jwt expired
2025-04-10T09:50:04.955Z error: authenticateJWT:: jwt expired
2025-04-10T09:50:05.972Z error: authenticateJWT:: jwt expired
2025-04-10T09:50:07.018Z error: authenticateJWT:: jwt expired
2025-04-10T09:50:07.055Z error: authenticateJWT:: jwt expired
2025-04-10T09:50:08.096Z error: authenticateJWT:: jwt expired
2025-04-10T09:50:09.146Z error: authenticateJWT:: jwt expired
2025-04-10T09:51:42.657Z error: authenticateJWT:: jwt expired
2025-04-10T09:51:43.714Z error: authenticateJWT:: jwt expired
2025-04-10T09:51:44.747Z error: authenticateJWT:: jwt expired
2025-04-10T09:51:44.779Z error: authenticateJWT:: jwt expired
2025-04-10T09:51:45.813Z error: authenticateJWT:: jwt expired
2025-04-10T09:51:46.862Z error: authenticateJWT:: jwt expired
2025-04-10T09:51:46.886Z error: authenticateJWT:: jwt expired
2025-04-10T09:51:47.909Z error: authenticateJWT:: jwt expired
2025-04-10T09:51:48.947Z error: authenticateJWT:: jwt expired
2025-04-10T09:53:22.471Z error: authenticateJWT:: jwt expired
2025-04-10T09:53:23.514Z error: authenticateJWT:: jwt expired
2025-04-10T09:53:24.562Z error: authenticateJWT:: jwt expired
2025-04-10T09:53:24.584Z error: authenticateJWT:: jwt expired
2025-04-10T09:53:25.632Z error: authenticateJWT:: jwt expired
2025-04-10T09:53:26.702Z error: authenticateJWT:: jwt expired
2025-04-10T09:53:26.781Z error: authenticateJWT:: jwt expired
2025-04-10T09:53:27.868Z error: authenticateJWT:: jwt expired
2025-04-10T09:53:28.917Z error: authenticateJWT:: jwt expired
2025-04-10T09:55:02.293Z error: authenticateJWT:: jwt expired
2025-04-10T09:55:03.324Z error: authenticateJWT:: jwt expired
2025-04-10T09:55:04.395Z error: authenticateJWT:: jwt expired
2025-04-10T09:55:04.439Z error: authenticateJWT:: jwt expired
2025-04-10T09:55:05.478Z error: authenticateJWT:: jwt expired
2025-04-10T09:55:06.511Z error: authenticateJWT:: jwt expired
2025-04-10T09:55:06.531Z error: authenticateJWT:: jwt expired
2025-04-10T09:55:07.557Z error: authenticateJWT:: jwt expired
2025-04-10T09:55:08.597Z error: authenticateJWT:: jwt expired
2025-04-10T09:56:42.102Z error: authenticateJWT:: jwt expired
2025-04-10T09:56:43.139Z error: authenticateJWT:: jwt expired
2025-04-10T09:56:44.172Z error: authenticateJWT:: jwt expired
2025-04-10T09:56:44.202Z error: authenticateJWT:: jwt expired
2025-04-10T09:56:45.237Z error: authenticateJWT:: jwt expired
2025-04-10T09:56:46.272Z error: authenticateJWT:: jwt expired
2025-04-10T09:56:46.296Z error: authenticateJWT:: jwt expired
2025-04-10T09:56:47.356Z error: authenticateJWT:: jwt expired
2025-04-10T09:56:48.396Z error: authenticateJWT:: jwt expired
2025-04-10T09:58:19.980Z error: authenticateJWT:: jwt expired
2025-04-10T10:07:05.629Z error: authenticateJWT:: jwt expired
2025-04-10T10:07:26.604Z error: authenticateJWT:: jwt expired
2025-04-10T10:07:28.394Z error: authenticateJWT:: jwt expired
2025-04-10T10:07:28.482Z error: authenticateJWT:: jwt expired
2025-04-10T10:07:29.599Z error: authenticateJWT:: jwt expired
2025-04-10T10:07:31.510Z error: authenticateJWT:: jwt expired
2025-04-10T10:07:31.768Z error: authenticateJWT:: jwt expired
2025-04-10T10:07:32.955Z error: authenticateJWT:: jwt expired
2025-04-10T10:07:34.045Z error: authenticateJWT:: jwt expired
2025-04-10T10:08:46.736Z error: authenticateJWT:: jwt expired
2025-04-10T10:08:47.790Z error: authenticateJWT:: jwt expired
2025-04-10T10:08:48.876Z error: authenticateJWT:: jwt expired
2025-04-10T10:08:48.915Z error: authenticateJWT:: jwt expired
2025-04-10T10:08:49.961Z error: authenticateJWT:: jwt expired
2025-04-10T10:08:51.026Z error: authenticateJWT:: jwt expired
2025-04-10T10:08:51.054Z error: authenticateJWT:: jwt expired
2025-04-10T10:08:52.099Z error: authenticateJWT:: jwt expired
2025-04-10T10:08:53.157Z error: authenticateJWT:: jwt expired
2025-04-10T10:11:42.233Z error: authenticateJWT:: jwt expired
2025-04-10T10:12:01.887Z error: authenticateJWT:: jwt expired
2025-04-10T10:12:03.021Z error: authenticateJWT:: jwt expired
2025-04-10T10:12:03.245Z error: authenticateJWT:: jwt expired
2025-04-10T10:12:04.470Z error: authenticateJWT:: jwt expired
2025-04-10T10:12:06.103Z error: authenticateJWT:: jwt expired
2025-04-10T10:12:06.149Z error: authenticateJWT:: jwt expired
2025-04-10T10:12:07.205Z error: authenticateJWT:: jwt expired
2025-04-10T10:12:08.269Z error: authenticateJWT:: jwt expired
2025-04-10T10:13:32.518Z error: authenticateJWT:: jwt expired
2025-04-10T10:13:34.931Z error: authenticateJWT:: jwt expired
2025-04-10T10:13:35.998Z error: authenticateJWT:: jwt expired
2025-04-10T10:13:36.094Z error: authenticateJWT:: jwt expired
2025-04-10T10:13:37.213Z error: authenticateJWT:: jwt expired
2025-04-10T10:13:38.598Z error: authenticateJWT:: jwt expired
2025-04-10T10:13:39.159Z error: authenticateJWT:: jwt expired
2025-04-10T10:13:45.078Z error: authenticateJWT:: jwt expired
2025-04-10T10:13:46.181Z error: authenticateJWT:: jwt expired
2025-04-10T10:14:53.670Z error: login:: Error Invalid token verifying token for user: bandarasuren99721@gmail.com
2025-04-10T10:15:13.337Z error: authenticateJWT:: jwt expired
2025-04-10T10:15:14.395Z error: authenticateJWT:: jwt expired
2025-04-10T10:15:15.464Z error: authenticateJWT:: jwt expired
2025-04-10T10:15:15.515Z error: authenticateJWT:: jwt expired
2025-04-10T10:15:16.561Z error: authenticateJWT:: jwt expired
2025-04-10T10:15:17.610Z error: authenticateJWT:: jwt expired
2025-04-10T10:15:17.641Z error: authenticateJWT:: jwt expired
2025-04-10T10:15:18.727Z error: authenticateJWT:: jwt expired
2025-04-10T10:15:19.773Z error: authenticateJWT:: jwt expired
2025-04-10T10:16:30.583Z error: login:: Error Invalid token verifying token for user: bandarasuren99721@gmail.com
2025-04-10T10:16:32.202Z error: login:: Error Invalid token verifying token for user: bandarasuren99721@gmail.com
2025-04-10T10:16:53.205Z error: authenticateJWT:: jwt expired
2025-04-10T10:16:54.245Z error: authenticateJWT:: jwt expired
2025-04-10T10:16:55.296Z error: authenticateJWT:: jwt expired
2025-04-10T10:16:55.349Z error: authenticateJWT:: jwt expired
2025-04-10T10:16:56.409Z error: authenticateJWT:: jwt expired
2025-04-10T10:16:57.442Z error: authenticateJWT:: jwt expired
2025-04-10T10:16:57.480Z error: authenticateJWT:: jwt expired
2025-04-10T10:16:58.529Z error: authenticateJWT:: jwt expired
2025-04-10T10:16:59.582Z error: authenticateJWT:: jwt expired
2025-04-10T10:18:33.072Z error: authenticateJWT:: jwt expired
2025-04-10T10:18:34.114Z error: authenticateJWT:: jwt expired
2025-04-10T10:18:35.193Z error: authenticateJWT:: jwt expired
2025-04-10T10:18:35.223Z error: authenticateJWT:: jwt expired
2025-04-10T10:18:36.261Z error: authenticateJWT:: jwt expired
2025-04-10T10:18:37.312Z error: authenticateJWT:: jwt expired
2025-04-10T10:18:37.356Z error: authenticateJWT:: jwt expired
2025-04-10T10:18:38.434Z error: authenticateJWT:: jwt expired
2025-04-10T10:18:39.475Z error: authenticateJWT:: jwt expired
2025-04-10T10:19:48.604Z error: login:: Error Invalid token verifying token for user: bandarasuren99721@gmail.com
2025-04-10T10:20:12.946Z error: authenticateJWT:: jwt expired
2025-04-10T10:20:14.000Z error: authenticateJWT:: jwt expired
2025-04-10T10:20:15.063Z error: authenticateJWT:: jwt expired
2025-04-10T10:20:15.107Z error: authenticateJWT:: jwt expired
2025-04-10T10:20:16.180Z error: authenticateJWT:: jwt expired
2025-04-10T10:20:17.246Z error: authenticateJWT:: jwt expired
2025-04-10T10:20:17.283Z error: authenticateJWT:: jwt expired
2025-04-10T10:20:18.348Z error: authenticateJWT:: jwt expired
2025-04-10T10:20:19.403Z error: authenticateJWT:: jwt expired
2025-04-10T10:21:52.808Z error: authenticateJWT:: jwt expired
2025-04-10T10:21:53.848Z error: authenticateJWT:: jwt expired
2025-04-10T10:21:54.894Z error: authenticateJWT:: jwt expired
2025-04-10T10:21:54.932Z error: authenticateJWT:: jwt expired
2025-04-10T10:21:55.996Z error: authenticateJWT:: jwt expired
2025-04-10T10:21:57.044Z error: authenticateJWT:: jwt expired
2025-04-10T10:21:57.074Z error: authenticateJWT:: jwt expired
2025-04-10T10:21:58.130Z error: authenticateJWT:: jwt expired
2025-04-10T10:21:59.180Z error: authenticateJWT:: jwt expired
2025-04-10T10:23:32.677Z error: authenticateJWT:: jwt expired
2025-04-10T10:23:36.812Z error: authenticateJWT:: jwt expired
2025-04-10T10:23:37.890Z error: authenticateJWT:: jwt expired
2025-04-10T10:23:37.913Z error: authenticateJWT:: jwt expired
2025-04-10T10:23:38.948Z error: authenticateJWT:: jwt expired
2025-04-10T10:23:40.005Z error: authenticateJWT:: jwt expired
2025-04-10T10:23:40.040Z error: authenticateJWT:: jwt expired
2025-04-10T10:23:41.082Z error: authenticateJWT:: jwt expired
2025-04-10T10:23:42.126Z error: authenticateJWT:: jwt expired
2025-04-10T10:23:59.775Z error: login:: Error Invalid token verifying token for user: bandarasuren99721@gmail.com
2025-04-10T10:25:12.540Z error: authenticateJWT:: jwt expired
2025-04-10T10:25:13.578Z error: authenticateJWT:: jwt expired
2025-04-10T10:25:14.646Z error: authenticateJWT:: jwt expired
2025-04-10T10:25:14.687Z error: authenticateJWT:: jwt expired
2025-04-10T10:25:15.729Z error: authenticateJWT:: jwt expired
2025-04-10T10:25:16.779Z error: authenticateJWT:: jwt expired
2025-04-10T10:25:16.808Z error: authenticateJWT:: jwt expired
2025-04-10T10:25:17.868Z error: authenticateJWT:: jwt expired
2025-04-10T10:25:18.916Z error: authenticateJWT:: jwt expired
2025-04-10T10:26:52.396Z error: authenticateJWT:: jwt expired
2025-04-10T10:26:53.445Z error: authenticateJWT:: jwt expired
2025-04-10T10:26:54.496Z error: authenticateJWT:: jwt expired
2025-04-10T10:26:54.532Z error: authenticateJWT:: jwt expired
2025-04-10T10:26:55.596Z error: authenticateJWT:: jwt expired
2025-04-10T10:26:56.647Z error: authenticateJWT:: jwt expired
2025-04-10T10:26:56.680Z error: authenticateJWT:: jwt expired
2025-04-10T10:26:57.781Z error: authenticateJWT:: jwt expired
2025-04-10T10:26:58.900Z error: authenticateJWT:: jwt expired
2025-04-10T10:28:32.277Z error: authenticateJWT:: jwt expired
2025-04-10T10:28:33.325Z error: authenticateJWT:: jwt expired
2025-04-10T10:28:34.381Z error: authenticateJWT:: jwt expired
2025-04-10T10:28:34.434Z error: authenticateJWT:: jwt expired
2025-04-10T10:28:35.502Z error: authenticateJWT:: jwt expired
2025-04-10T10:28:36.568Z error: authenticateJWT:: jwt expired
2025-04-10T10:28:36.605Z error: authenticateJWT:: jwt expired
2025-04-10T10:28:37.665Z error: authenticateJWT:: jwt expired
2025-04-10T10:28:38.705Z error: authenticateJWT:: jwt expired
2025-04-10T10:30:12.151Z error: authenticateJWT:: jwt expired
2025-04-10T10:30:13.195Z error: authenticateJWT:: jwt expired
2025-04-10T10:30:14.261Z error: authenticateJWT:: jwt expired
2025-04-10T10:30:14.307Z error: authenticateJWT:: jwt expired
2025-04-10T10:30:15.376Z error: authenticateJWT:: jwt expired
2025-04-10T10:30:16.426Z error: authenticateJWT:: jwt expired
2025-04-10T10:30:16.460Z error: authenticateJWT:: jwt expired
2025-04-10T10:30:17.527Z error: authenticateJWT:: jwt expired
2025-04-10T10:30:18.577Z error: authenticateJWT:: jwt expired
2025-04-10T10:31:52.021Z error: authenticateJWT:: jwt expired
2025-04-10T10:31:53.065Z error: authenticateJWT:: jwt expired
2025-04-10T10:31:54.129Z error: authenticateJWT:: jwt expired
2025-04-10T10:31:54.177Z error: authenticateJWT:: jwt expired
2025-04-10T10:31:55.213Z error: authenticateJWT:: jwt expired
2025-04-10T10:31:56.264Z error: authenticateJWT:: jwt expired
2025-04-10T10:31:56.300Z error: authenticateJWT:: jwt expired
2025-04-10T10:31:57.334Z error: authenticateJWT:: jwt expired
2025-04-10T10:31:58.382Z error: authenticateJWT:: jwt expired
2025-04-10T10:33:31.890Z error: authenticateJWT:: jwt expired
2025-04-10T10:33:32.942Z error: authenticateJWT:: jwt expired
2025-04-10T10:33:34.017Z error: authenticateJWT:: jwt expired
2025-04-10T10:33:34.079Z error: authenticateJWT:: jwt expired
2025-04-10T10:33:35.119Z error: authenticateJWT:: jwt expired
2025-04-10T10:33:36.188Z error: authenticateJWT:: jwt expired
2025-04-10T10:33:36.228Z error: authenticateJWT:: jwt expired
2025-04-10T10:33:37.274Z error: authenticateJWT:: jwt expired
2025-04-10T10:33:38.324Z error: authenticateJWT:: jwt expired
2025-04-10T10:35:11.765Z error: authenticateJWT:: jwt expired
2025-04-10T10:35:12.810Z error: authenticateJWT:: jwt expired
2025-04-10T10:35:13.870Z error: authenticateJWT:: jwt expired
2025-04-10T10:35:13.920Z error: authenticateJWT:: jwt expired
2025-04-10T10:35:14.956Z error: authenticateJWT:: jwt expired
2025-04-10T10:35:16.025Z error: authenticateJWT:: jwt expired
2025-04-10T10:35:16.061Z error: authenticateJWT:: jwt expired
2025-04-10T10:35:17.111Z error: authenticateJWT:: jwt expired
2025-04-10T10:35:18.160Z error: authenticateJWT:: jwt expired
2025-04-10T10:36:51.640Z error: authenticateJWT:: jwt expired
2025-04-10T10:36:52.678Z error: authenticateJWT:: jwt expired
2025-04-10T10:36:53.748Z error: authenticateJWT:: jwt expired
2025-04-10T10:36:53.796Z error: authenticateJWT:: jwt expired
2025-04-10T10:36:54.841Z error: authenticateJWT:: jwt expired
2025-04-10T10:36:55.880Z error: authenticateJWT:: jwt expired
2025-04-10T10:36:55.930Z error: authenticateJWT:: jwt expired
2025-04-10T10:36:56.981Z error: authenticateJWT:: jwt expired
2025-04-10T10:36:58.031Z error: authenticateJWT:: jwt expired
2025-04-10T10:38:31.496Z error: authenticateJWT:: jwt expired
2025-04-10T10:38:32.536Z error: authenticateJWT:: jwt expired
2025-04-10T10:38:33.601Z error: authenticateJWT:: jwt expired
2025-04-10T10:38:33.645Z error: authenticateJWT:: jwt expired
2025-04-10T10:38:34.698Z error: authenticateJWT:: jwt expired
2025-04-10T10:38:35.749Z error: authenticateJWT:: jwt expired
2025-04-10T10:38:35.778Z error: authenticateJWT:: jwt expired
2025-04-10T10:38:36.818Z error: authenticateJWT:: jwt expired
2025-04-10T10:38:37.885Z error: authenticateJWT:: jwt expired
2025-04-10T10:40:11.369Z error: authenticateJWT:: jwt expired
2025-04-10T10:40:12.417Z error: authenticateJWT:: jwt expired
2025-04-10T10:40:13.488Z error: authenticateJWT:: jwt expired
2025-04-10T10:40:13.543Z error: authenticateJWT:: jwt expired
2025-04-10T10:40:14.606Z error: authenticateJWT:: jwt expired
2025-04-10T10:40:15.668Z error: authenticateJWT:: jwt expired
2025-04-10T10:40:15.706Z error: authenticateJWT:: jwt expired
2025-04-10T10:40:16.771Z error: authenticateJWT:: jwt expired
2025-04-10T10:40:17.823Z error: authenticateJWT:: jwt expired
2025-04-10T10:41:51.253Z error: authenticateJWT:: jwt expired
2025-04-10T10:41:52.303Z error: authenticateJWT:: jwt expired
2025-04-10T10:41:53.367Z error: authenticateJWT:: jwt expired
2025-04-10T10:41:53.417Z error: authenticateJWT:: jwt expired
2025-04-10T10:41:54.472Z error: authenticateJWT:: jwt expired
2025-04-10T10:41:55.519Z error: authenticateJWT:: jwt expired
2025-04-10T10:41:55.562Z error: authenticateJWT:: jwt expired
2025-04-10T10:41:56.625Z error: authenticateJWT:: jwt expired
2025-04-10T10:41:57.671Z error: authenticateJWT:: jwt expired
2025-04-10T10:43:31.122Z error: authenticateJWT:: jwt expired
2025-04-10T10:43:32.161Z error: authenticateJWT:: jwt expired
2025-04-10T10:43:33.224Z error: authenticateJWT:: jwt expired
2025-04-10T10:43:33.271Z error: authenticateJWT:: jwt expired
2025-04-10T10:43:34.337Z error: authenticateJWT:: jwt expired
2025-04-10T10:43:35.401Z error: authenticateJWT:: jwt expired
2025-04-10T10:43:35.432Z error: authenticateJWT:: jwt expired
2025-04-10T10:43:36.473Z error: authenticateJWT:: jwt expired
2025-04-10T10:43:37.524Z error: authenticateJWT:: jwt expired
2025-04-10T10:45:10.978Z error: authenticateJWT:: jwt expired
2025-04-10T10:45:12.010Z error: authenticateJWT:: jwt expired
2025-04-10T10:45:13.078Z error: authenticateJWT:: jwt expired
2025-04-10T10:45:13.133Z error: authenticateJWT:: jwt expired
2025-04-10T10:45:14.195Z error: authenticateJWT:: jwt expired
2025-04-10T10:45:15.259Z error: authenticateJWT:: jwt expired
2025-04-10T10:45:15.319Z error: authenticateJWT:: jwt expired
2025-04-10T10:45:16.364Z error: authenticateJWT:: jwt expired
2025-04-10T10:45:17.412Z error: authenticateJWT:: jwt expired
2025-04-10T10:46:50.855Z error: authenticateJWT:: jwt expired
2025-04-10T10:46:51.892Z error: authenticateJWT:: jwt expired
2025-04-10T10:46:52.945Z error: authenticateJWT:: jwt expired
2025-04-10T10:46:52.984Z error: authenticateJWT:: jwt expired
2025-04-10T10:46:54.028Z error: authenticateJWT:: jwt expired
2025-04-10T10:46:55.077Z error: authenticateJWT:: jwt expired
2025-04-10T10:46:55.118Z error: authenticateJWT:: jwt expired
2025-04-10T10:46:56.163Z error: authenticateJWT:: jwt expired
2025-04-10T10:46:57.212Z error: authenticateJWT:: jwt expired
2025-04-10T10:48:30.728Z error: authenticateJWT:: jwt expired
2025-04-10T10:48:31.757Z error: authenticateJWT:: jwt expired
2025-04-10T10:48:32.797Z error: authenticateJWT:: jwt expired
2025-04-10T10:48:32.838Z error: authenticateJWT:: jwt expired
2025-04-10T10:48:33.881Z error: authenticateJWT:: jwt expired
2025-04-10T10:48:34.931Z error: authenticateJWT:: jwt expired
2025-04-10T10:48:34.963Z error: authenticateJWT:: jwt expired
2025-04-10T10:48:35.998Z error: authenticateJWT:: jwt expired
2025-04-10T10:48:37.029Z error: authenticateJWT:: jwt expired
2025-04-10T10:50:10.593Z error: authenticateJWT:: jwt expired
2025-04-10T10:50:11.632Z error: authenticateJWT:: jwt expired
2025-04-10T10:50:12.679Z error: authenticateJWT:: jwt expired
2025-04-10T10:50:12.718Z error: authenticateJWT:: jwt expired
2025-04-10T10:50:13.806Z error: authenticateJWT:: jwt expired
2025-04-10T10:50:14.849Z error: authenticateJWT:: jwt expired
2025-04-10T10:50:14.874Z error: authenticateJWT:: jwt expired
2025-04-10T10:50:15.916Z error: authenticateJWT:: jwt expired
2025-04-10T10:50:16.968Z error: authenticateJWT:: jwt expired
2025-04-10T10:51:50.463Z error: authenticateJWT:: jwt expired
2025-04-10T10:51:51.499Z error: authenticateJWT:: jwt expired
2025-04-10T10:51:52.567Z error: authenticateJWT:: jwt expired
2025-04-10T10:51:52.615Z error: authenticateJWT:: jwt expired
2025-04-10T10:51:53.652Z error: authenticateJWT:: jwt expired
2025-04-10T10:51:54.703Z error: authenticateJWT:: jwt expired
2025-04-10T10:51:54.762Z error: authenticateJWT:: jwt expired
2025-04-10T10:51:55.820Z error: authenticateJWT:: jwt expired
2025-04-10T10:51:56.880Z error: authenticateJWT:: jwt expired
2025-04-10T10:53:30.346Z error: authenticateJWT:: jwt expired
2025-04-10T10:53:31.386Z error: authenticateJWT:: jwt expired
2025-04-10T10:53:32.431Z error: authenticateJWT:: jwt expired
2025-04-10T10:53:32.496Z error: authenticateJWT:: jwt expired
2025-04-10T10:53:33.549Z error: authenticateJWT:: jwt expired
2025-04-10T10:53:34.583Z error: authenticateJWT:: jwt expired
2025-04-10T10:53:34.611Z error: authenticateJWT:: jwt expired
2025-04-10T10:53:35.652Z error: authenticateJWT:: jwt expired
2025-04-10T10:53:36.704Z error: authenticateJWT:: jwt expired
2025-04-10T10:55:10.192Z error: authenticateJWT:: jwt expired
2025-04-10T10:55:11.245Z error: authenticateJWT:: jwt expired
2025-04-10T10:55:12.325Z error: authenticateJWT:: jwt expired
2025-04-10T10:55:12.356Z error: authenticateJWT:: jwt expired
2025-04-10T10:55:13.405Z error: authenticateJWT:: jwt expired
2025-04-10T10:55:14.452Z error: authenticateJWT:: jwt expired
2025-04-10T10:55:14.494Z error: authenticateJWT:: jwt expired
2025-04-10T10:55:15.541Z error: authenticateJWT:: jwt expired
2025-04-10T10:55:16.574Z error: authenticateJWT:: jwt expired
2025-04-10T10:56:50.064Z error: authenticateJWT:: jwt expired
2025-04-10T10:56:51.138Z error: authenticateJWT:: jwt expired
2025-04-10T10:56:52.174Z error: authenticateJWT:: jwt expired
2025-04-10T10:56:52.236Z error: authenticateJWT:: jwt expired
2025-04-10T10:56:53.266Z error: authenticateJWT:: jwt expired
2025-04-10T10:56:54.349Z error: authenticateJWT:: jwt expired
2025-04-10T10:56:54.423Z error: authenticateJWT:: jwt expired
2025-04-10T10:56:55.477Z error: authenticateJWT:: jwt expired
2025-04-10T10:56:56.526Z error: authenticateJWT:: jwt expired
2025-04-10T10:58:29.936Z error: authenticateJWT:: jwt expired
2025-04-10T10:58:30.974Z error: authenticateJWT:: jwt expired
2025-04-10T10:58:32.018Z error: authenticateJWT:: jwt expired
2025-04-10T10:58:32.038Z error: authenticateJWT:: jwt expired
2025-04-10T10:58:33.074Z error: authenticateJWT:: jwt expired
2025-04-10T10:58:34.120Z error: authenticateJWT:: jwt expired
2025-04-10T10:58:34.154Z error: authenticateJWT:: jwt expired
2025-04-10T10:58:35.207Z error: authenticateJWT:: jwt expired
2025-04-10T10:58:36.238Z error: authenticateJWT:: jwt expired
2025-04-10T10:59:55.875Z error: authenticateJWT:: jwt expired
2025-04-10T10:59:58.705Z error: authenticateJWT:: jwt expired
2025-04-10T10:59:59.780Z error: authenticateJWT:: jwt expired
2025-04-10T10:59:59.903Z error: authenticateJWT:: jwt expired
2025-04-10T11:00:01.059Z error: authenticateJWT:: jwt expired
2025-04-10T11:00:03.120Z error: authenticateJWT:: jwt expired
2025-04-10T11:00:03.172Z error: authenticateJWT:: jwt expired
2025-04-10T11:00:04.230Z error: authenticateJWT:: jwt expired
2025-04-10T11:00:05.272Z error: authenticateJWT:: jwt expired
2025-04-10T11:01:09.057Z error: authenticateJWT:: jwt expired
2025-04-10T11:01:11.763Z error: authenticateJWT:: jwt expired
2025-04-10T11:01:12.902Z error: authenticateJWT:: jwt expired
2025-04-10T11:01:12.963Z error: authenticateJWT:: jwt expired
2025-04-10T11:01:14.077Z error: authenticateJWT:: jwt expired
2025-04-10T11:01:15.887Z error: authenticateJWT:: jwt expired
2025-04-10T11:01:15.941Z error: authenticateJWT:: jwt expired
2025-04-10T11:01:16.982Z error: authenticateJWT:: jwt expired
2025-04-10T11:01:18.029Z error: authenticateJWT:: jwt expired
2025-04-10T11:02:49.990Z error: authenticateJWT:: jwt expired
2025-04-10T11:02:51.038Z error: authenticateJWT:: jwt expired
2025-04-10T11:02:52.085Z error: authenticateJWT:: jwt expired
2025-04-10T11:02:52.132Z error: authenticateJWT:: jwt expired
2025-04-10T11:02:53.218Z error: authenticateJWT:: jwt expired
2025-04-10T11:02:54.288Z error: authenticateJWT:: jwt expired
2025-04-10T11:02:54.321Z error: authenticateJWT:: jwt expired
2025-04-10T11:02:55.402Z error: authenticateJWT:: jwt expired
2025-04-10T11:02:56.448Z error: authenticateJWT:: jwt expired
2025-04-10T11:04:29.833Z error: authenticateJWT:: jwt expired
2025-04-10T11:04:30.892Z error: authenticateJWT:: jwt expired
2025-04-10T11:04:31.945Z error: authenticateJWT:: jwt expired
2025-04-10T11:04:31.982Z error: authenticateJWT:: jwt expired
2025-04-10T11:04:33.054Z error: authenticateJWT:: jwt expired
2025-04-10T11:04:34.119Z error: authenticateJWT:: jwt expired
2025-04-10T11:04:34.151Z error: authenticateJWT:: jwt expired
2025-04-10T11:04:35.255Z error: authenticateJWT:: jwt expired
2025-04-10T11:04:36.300Z error: authenticateJWT:: jwt expired
2025-04-10T11:06:09.654Z error: authenticateJWT:: jwt expired
2025-04-10T11:06:10.696Z error: authenticateJWT:: jwt expired
2025-04-10T11:06:11.755Z error: authenticateJWT:: jwt expired
2025-04-10T11:06:11.811Z error: authenticateJWT:: jwt expired
2025-04-10T11:06:12.884Z error: authenticateJWT:: jwt expired
2025-04-10T11:06:13.923Z error: authenticateJWT:: jwt expired
2025-04-10T11:06:13.969Z error: authenticateJWT:: jwt expired
2025-04-10T11:06:15.021Z error: authenticateJWT:: jwt expired
2025-04-10T11:06:16.059Z error: authenticateJWT:: jwt expired
2025-04-10T11:06:47.615Z error: authenticateJWT:: jwt expired
2025-04-10T11:06:49.881Z error: authenticateJWT:: jwt expired
2025-04-10T11:06:51.596Z error: authenticateJWT:: jwt expired
2025-04-10T11:06:51.808Z error: authenticateJWT:: jwt expired
2025-04-10T11:06:52.948Z error: authenticateJWT:: jwt expired
2025-04-10T11:06:54.519Z error: authenticateJWT:: jwt expired
2025-04-10T11:06:54.653Z error: authenticateJWT:: jwt expired
2025-04-10T11:06:55.683Z error: authenticateJWT:: jwt expired
2025-04-10T11:06:56.735Z error: authenticateJWT:: jwt expired
2025-04-10T11:07:17.056Z error: authenticateJWT:: jwt expired
2025-04-10T11:07:19.494Z error: authenticateJWT:: jwt expired
2025-04-10T11:07:20.718Z error: authenticateJWT:: jwt expired
2025-04-10T11:07:20.925Z error: authenticateJWT:: jwt expired
2025-04-10T11:07:22.109Z error: authenticateJWT:: jwt expired
2025-04-10T11:07:23.771Z error: authenticateJWT:: jwt expired
2025-04-10T11:07:23.835Z error: authenticateJWT:: jwt expired
2025-04-10T11:07:25.294Z error: authenticateJWT:: jwt expired
2025-04-10T11:07:28.003Z error: authenticateJWT:: jwt expired
2025-04-10T11:07:30.339Z error: authenticateJWT:: jwt expired
2025-04-10T11:07:31.540Z error: authenticateJWT:: jwt expired
2025-04-10T11:07:31.621Z error: authenticateJWT:: jwt expired
2025-04-10T11:07:32.700Z error: authenticateJWT:: jwt expired
2025-04-10T11:07:34.204Z error: authenticateJWT:: jwt expired
2025-04-10T11:07:34.243Z error: authenticateJWT:: jwt expired
2025-04-10T11:07:35.290Z error: authenticateJWT:: jwt expired
2025-04-10T11:07:36.326Z error: authenticateJWT:: jwt expired
2025-04-10T11:07:38.363Z error: authenticateJWT:: jwt expired
2025-04-10T11:07:40.971Z error: authenticateJWT:: jwt expired
2025-04-10T11:07:42.146Z error: authenticateJWT:: jwt expired
2025-04-10T11:07:42.436Z error: authenticateJWT:: jwt expired
2025-04-10T11:07:43.648Z error: authenticateJWT:: jwt expired
2025-04-10T11:07:44.939Z error: authenticateJWT:: jwt expired
2025-04-10T11:07:44.967Z error: authenticateJWT:: jwt expired
2025-04-10T11:07:46.013Z error: authenticateJWT:: jwt expired
2025-04-10T11:07:47.045Z error: authenticateJWT:: jwt expired
2025-04-10T11:09:19.136Z error: authenticateJWT:: jwt expired
2025-04-10T11:09:20.192Z error: authenticateJWT:: jwt expired
2025-04-10T11:09:21.269Z error: authenticateJWT:: jwt expired
2025-04-10T11:09:21.319Z error: authenticateJWT:: jwt expired
2025-04-10T11:09:22.380Z error: authenticateJWT:: jwt expired
2025-04-10T11:09:23.420Z error: authenticateJWT:: jwt expired
2025-04-10T11:09:23.486Z error: authenticateJWT:: jwt expired
2025-04-10T11:09:24.521Z error: authenticateJWT:: jwt expired
2025-04-10T11:09:25.568Z error: authenticateJWT:: jwt expired
2025-04-10T11:10:58.918Z error: authenticateJWT:: jwt expired
2025-04-10T11:10:59.964Z error: authenticateJWT:: jwt expired
2025-04-10T11:11:01.018Z error: authenticateJWT:: jwt expired
2025-04-10T11:11:01.065Z error: authenticateJWT:: jwt expired
2025-04-10T11:11:02.129Z error: authenticateJWT:: jwt expired
2025-04-10T11:11:03.175Z error: authenticateJWT:: jwt expired
2025-04-10T11:11:03.226Z error: authenticateJWT:: jwt expired
2025-04-10T11:11:04.289Z error: authenticateJWT:: jwt expired
2025-04-10T11:11:05.351Z error: authenticateJWT:: jwt expired
2025-04-10T11:12:23.336Z error: authenticateJWT:: jwt expired
2025-04-10T11:12:25.584Z error: authenticateJWT:: jwt expired
2025-04-10T11:12:26.928Z error: authenticateJWT:: jwt expired
2025-04-10T11:12:27.074Z error: authenticateJWT:: jwt expired
2025-04-10T11:12:28.304Z error: authenticateJWT:: jwt expired
2025-04-10T11:12:29.845Z error: authenticateJWT:: jwt expired
2025-04-10T11:12:29.924Z error: authenticateJWT:: jwt expired
2025-04-10T11:12:32.577Z error: authenticateJWT:: jwt expired
2025-04-10T11:12:35.455Z error: authenticateJWT:: jwt expired
2025-04-10T11:12:36.575Z error: authenticateJWT:: jwt expired
2025-04-10T11:12:36.637Z error: authenticateJWT:: jwt expired
2025-04-10T11:12:37.790Z error: authenticateJWT:: jwt expired
2025-04-10T11:12:39.494Z error: authenticateJWT:: jwt expired
2025-04-10T11:12:42.245Z error: authenticateJWT:: jwt expired
2025-04-10T11:12:46.620Z error: authenticateJWT:: jwt malformed
2025-04-10T11:12:51.073Z error: authenticateJWT:: jwt malformed
2025-04-10T11:12:52.325Z error: authenticateJWT:: jwt malformed
2025-04-10T11:12:52.388Z error: authenticateJWT:: jwt malformed
2025-04-10T11:12:53.574Z error: authenticateJWT:: jwt malformed
2025-04-10T11:12:55.838Z error: authenticateJWT:: jwt malformed
2025-04-10T11:12:56.372Z error: authenticateJWT:: jwt malformed
2025-04-10T11:12:57.489Z error: authenticateJWT:: jwt malformed
2025-04-10T11:12:58.535Z error: authenticateJWT:: jwt malformed
2025-04-10T11:14:27.557Z error: authenticateJWT:: jwt malformed
2025-04-10T11:14:28.597Z error: authenticateJWT:: jwt malformed
2025-04-10T11:14:29.649Z error: authenticateJWT:: jwt malformed
2025-04-10T11:14:29.684Z error: authenticateJWT:: jwt malformed
2025-04-10T11:14:30.711Z error: authenticateJWT:: jwt malformed
2025-04-10T11:14:31.767Z error: authenticateJWT:: jwt malformed
2025-04-10T11:14:31.790Z error: authenticateJWT:: jwt malformed
2025-04-10T11:14:32.830Z error: authenticateJWT:: jwt malformed
2025-04-10T11:14:33.859Z error: authenticateJWT:: jwt malformed
2025-04-10T11:16:07.255Z error: authenticateJWT:: jwt malformed
2025-04-10T11:16:09.576Z error: authenticateJWT:: jwt malformed
2025-04-10T11:16:15.035Z error: authenticateJWT:: jwt malformed
2025-04-10T11:16:17.382Z error: authenticateJWT:: jwt malformed
2025-04-10T11:16:18.462Z error: authenticateJWT:: jwt malformed
2025-04-10T11:16:18.521Z error: authenticateJWT:: jwt malformed
2025-04-10T11:16:19.606Z error: authenticateJWT:: jwt malformed
2025-04-10T11:16:21.184Z error: authenticateJWT:: jwt malformed
2025-04-10T11:16:21.225Z error: authenticateJWT:: jwt malformed
2025-04-10T11:16:22.303Z error: authenticateJWT:: jwt malformed
2025-04-10T11:16:28.574Z error: authenticateJWT:: jwt malformed
2025-04-10T11:17:56.044Z error: authenticateJWT:: invalid algorithm
2025-04-10T11:17:57.091Z error: authenticateJWT:: invalid algorithm
2025-04-10T11:17:58.136Z error: authenticateJWT:: invalid algorithm
2025-04-10T11:17:58.207Z error: authenticateJWT:: invalid algorithm
2025-04-10T11:17:59.275Z error: authenticateJWT:: invalid algorithm
2025-04-10T11:18:00.323Z error: authenticateJWT:: invalid algorithm
2025-04-10T11:18:00.364Z error: authenticateJWT:: invalid algorithm
2025-04-10T11:18:01.405Z error: authenticateJWT:: invalid algorithm
2025-04-10T11:18:02.440Z error: authenticateJWT:: invalid algorithm
2025-04-10T11:18:59.340Z error: authenticateJWT:: jwt malformed
2025-04-10T11:19:01.663Z error: authenticateJWT:: jwt malformed
2025-04-10T11:19:02.882Z error: authenticateJWT:: jwt malformed
2025-04-10T11:19:03.152Z error: authenticateJWT:: jwt malformed
2025-04-10T11:19:04.249Z error: authenticateJWT:: jwt malformed
2025-04-10T11:19:06.037Z error: authenticateJWT:: jwt malformed
2025-04-10T11:19:06.071Z error: authenticateJWT:: jwt malformed
2025-04-10T11:19:08.986Z error: authenticateJWT:: jwt malformed
2025-04-10T11:19:11.528Z error: authenticateJWT:: jwt malformed
2025-04-10T11:19:12.879Z error: authenticateJWT:: jwt malformed
2025-04-10T11:19:12.961Z error: authenticateJWT:: jwt malformed
2025-04-10T11:19:14.220Z error: authenticateJWT:: jwt malformed
2025-04-10T11:19:15.745Z error: authenticateJWT:: jwt malformed
2025-04-10T11:19:16.292Z error: authenticateJWT:: jwt malformed
2025-04-10T11:19:18.800Z error: authenticateJWT:: jwt malformed
2025-04-10T11:19:22.166Z error: authenticateJWT:: jwt malformed
2025-04-10T11:19:23.885Z error: authenticateJWT:: jwt malformed
2025-04-10T11:19:24.049Z error: authenticateJWT:: jwt malformed
2025-04-10T11:19:25.197Z error: authenticateJWT:: jwt malformed
2025-04-10T11:19:27.356Z error: authenticateJWT:: jwt malformed
2025-04-10T11:19:27.969Z error: authenticateJWT:: jwt malformed
2025-04-10T11:19:31.379Z error: authenticateJWT:: jwt malformed
2025-04-10T11:19:31.472Z error: authenticateJWT:: jwt malformed
2025-04-10T11:19:34.131Z error: authenticateJWT:: jwt malformed
2025-04-10T11:19:35.641Z error: authenticateJWT:: jwt malformed
2025-04-10T11:19:35.712Z error: authenticateJWT:: jwt malformed
2025-04-10T11:19:35.800Z error: authenticateJWT:: jwt malformed
2025-04-10T11:19:36.968Z error: authenticateJWT:: jwt malformed
2025-04-10T11:19:36.974Z error: authenticateJWT:: jwt malformed
2025-04-10T11:19:37.271Z error: authenticateJWT:: jwt malformed
2025-04-10T11:19:38.347Z error: authenticateJWT:: jwt malformed
2025-04-10T11:19:38.482Z error: authenticateJWT:: jwt malformed
2025-04-10T11:19:38.947Z error: authenticateJWT:: jwt malformed
2025-04-10T11:19:40.070Z error: authenticateJWT:: jwt malformed
2025-04-10T11:19:40.646Z error: authenticateJWT:: jwt malformed
2025-04-10T11:19:40.927Z error: authenticateJWT:: jwt malformed
2025-04-10T11:19:42.126Z error: authenticateJWT:: jwt malformed
2025-04-10T11:19:43.270Z error: authenticateJWT:: jwt malformed
2025-04-10T11:19:44.698Z error: authenticateJWT:: jwt malformed
2025-04-10T11:21:13.486Z error: authenticateJWT:: jwt malformed
2025-04-10T11:21:14.512Z error: authenticateJWT:: jwt malformed
2025-04-10T11:21:15.551Z error: authenticateJWT:: jwt malformed
2025-04-10T11:21:15.589Z error: authenticateJWT:: jwt malformed
2025-04-10T11:21:16.647Z error: authenticateJWT:: jwt malformed
2025-04-10T11:21:17.685Z error: authenticateJWT:: jwt malformed
2025-04-10T11:21:17.718Z error: authenticateJWT:: jwt malformed
2025-04-10T11:21:18.752Z error: authenticateJWT:: jwt malformed
2025-04-10T11:21:19.809Z error: authenticateJWT:: jwt malformed
2025-04-10T11:22:53.337Z error: authenticateJWT:: jwt malformed
2025-04-10T11:22:54.376Z error: authenticateJWT:: jwt malformed
2025-04-10T11:22:55.405Z error: authenticateJWT:: jwt malformed
2025-04-10T11:22:55.437Z error: authenticateJWT:: jwt malformed
2025-04-10T11:22:56.495Z error: authenticateJWT:: jwt malformed
2025-04-10T11:22:57.553Z error: authenticateJWT:: jwt malformed
2025-04-10T11:22:57.580Z error: authenticateJWT:: jwt malformed
2025-04-10T11:22:58.614Z error: authenticateJWT:: jwt malformed
2025-04-10T11:22:59.649Z error: authenticateJWT:: jwt malformed
2025-04-10T11:24:23.979Z error: authenticateJWT:: jwt malformed
2025-04-10T11:24:26.498Z error: authenticateJWT:: jwt malformed
2025-04-10T11:24:27.562Z error: authenticateJWT:: jwt malformed
2025-04-10T11:24:27.605Z error: authenticateJWT:: jwt malformed
2025-04-10T11:24:28.643Z error: authenticateJWT:: jwt malformed
2025-04-10T11:24:29.851Z error: authenticateJWT:: jwt malformed
2025-04-10T11:24:30.448Z error: authenticateJWT:: jwt malformed
2025-04-10T11:24:31.695Z error: authenticateJWT:: jwt malformed
2025-04-10T11:24:32.736Z error: authenticateJWT:: jwt malformed
2025-04-10T11:24:32.987Z error: authenticateJWT:: jwt malformed
2025-04-10T11:24:34.026Z error: authenticateJWT:: jwt malformed
2025-04-10T11:24:35.071Z error: authenticateJWT:: jwt malformed
2025-04-10T11:24:35.105Z error: authenticateJWT:: jwt malformed
2025-04-10T11:24:36.157Z error: authenticateJWT:: jwt malformed
2025-04-10T11:24:37.207Z error: authenticateJWT:: jwt malformed
2025-04-10T11:24:37.225Z error: authenticateJWT:: jwt malformed
2025-04-10T11:24:38.319Z error: authenticateJWT:: jwt malformed
2025-04-10T11:24:39.394Z error: authenticateJWT:: jwt malformed
2025-04-10T11:25:46.478Z error: login:: Invalid request: {"email":"eyJhbGciOiJSUzI1NiIsImtpZCI6IjcxMTE1MjM1YTZjNjE0NTRlZmRlZGM0NWE3N2U0MzUxMzY3ZWViZTAiLCJ0eXAiOiJKV1QifQ.eyJuYW1lIjoic3VyZW4gYmFuZGFyYSIsInBpY3R1cmUiOiJodHRwczovL2xoMy5nb29nbGV1c2VyY29udGVudC5jb20vYS9BQ2c4b2NKWGdQRU54aVkxanlLQUR4WGJ2b1BLbXF4N1lMVl9tNHBEbFJmSVFZZHNsbUJBR1E9czk2LWMiLCJpc3MiOiJodHRwczovL3NlY3VyZXRva2VuLmdvb2dsZS5jb20vdGVzdDAxLWExMzQ5IiwiYXVkIjoidGVzdDAxLWExMzQ5IiwiYXV0aF90aW1lIjoxNzQ0Mjg0MzQ1LCJ1c2VyX2lkIjoiWEQ3c2RmT1FqRWNqQk1iYnNzbjR2UktiUjBpMSIsInN1YiI6IlhEN3NkZk9RakVjakJNYmJzc240dlJLYlIwaTEiLCJpYXQiOjE3NDQyODQzNDUsImV4cCI6MTc0NDI4Nzk0NSwiZW1haWwiOiJiYW5kYXJhc3VyZW45OTcyMUBnbWFpbC5jb20iLCJlbWFpbF92ZXJpZmllZCI6dHJ1ZSwiZmlyZWJhc2UiOnsiaWRlbnRpdGllcyI6eyJnb29nbGUuY29tIjpbIjEwNzkzNDQ1OTgxNjI3MzE3ODM1NiJdLCJlbWFpbCI6WyJiYW5kYXJhc3VyZW45OTcyMUBnbWFpbC5jb20iXX0sInNpZ25faW5fcHJvdmlkZXIiOiJnb29nbGUuY29tIn19.ifzzAEC_1uq26hrmWkyGMIphkKudxvYeGQ2C0OBdciHo3t7AFLwpSvH1smIhCVy3lRZk4abJFyW6blwJunmqRcJH5LrPVf8ji2SrE-GP7BtOFqiNkFZdIo2UTtqTnGLErCnO2csIWWpMzjOEs9dwgJyB8GmESQSix7s_KeT0QmuG08-5NNGt5BG35c-sFuXsjt-vJr_3Qq-k77tTrgn9d2-VF_CxThLMDD8fb3axFXsncanWR5kSKes7jLopvP-rRA7b2BVN_eMYi5Lr6uFHG7HL57qUf5DWzZ7jb6x_aw1Sf_rZJGHBvSs_v4V2Y0nMq5--M4kpUDm34VJGZrSslw"}
2025-04-10T11:25:47.543Z error: login:: Invalid request: {"email":"eyJhbGciOiJSUzI1NiIsImtpZCI6IjcxMTE1MjM1YTZjNjE0NTRlZmRlZGM0NWE3N2U0MzUxMzY3ZWViZTAiLCJ0eXAiOiJKV1QifQ.eyJuYW1lIjoic3VyZW4gYmFuZGFyYSIsInBpY3R1cmUiOiJodHRwczovL2xoMy5nb29nbGV1c2VyY29udGVudC5jb20vYS9BQ2c4b2NKWGdQRU54aVkxanlLQUR4WGJ2b1BLbXF4N1lMVl9tNHBEbFJmSVFZZHNsbUJBR1E9czk2LWMiLCJpc3MiOiJodHRwczovL3NlY3VyZXRva2VuLmdvb2dsZS5jb20vdGVzdDAxLWExMzQ5IiwiYXVkIjoidGVzdDAxLWExMzQ5IiwiYXV0aF90aW1lIjoxNzQ0Mjg0MzQ1LCJ1c2VyX2lkIjoiWEQ3c2RmT1FqRWNqQk1iYnNzbjR2UktiUjBpMSIsInN1YiI6IlhEN3NkZk9RakVjakJNYmJzc240dlJLYlIwaTEiLCJpYXQiOjE3NDQyODQzNDUsImV4cCI6MTc0NDI4Nzk0NSwiZW1haWwiOiJiYW5kYXJhc3VyZW45OTcyMUBnbWFpbC5jb20iLCJlbWFpbF92ZXJpZmllZCI6dHJ1ZSwiZmlyZWJhc2UiOnsiaWRlbnRpdGllcyI6eyJnb29nbGUuY29tIjpbIjEwNzkzNDQ1OTgxNjI3MzE3ODM1NiJdLCJlbWFpbCI6WyJiYW5kYXJhc3VyZW45OTcyMUBnbWFpbC5jb20iXX0sInNpZ25faW5fcHJvdmlkZXIiOiJnb29nbGUuY29tIn19.ifzzAEC_1uq26hrmWkyGMIphkKudxvYeGQ2C0OBdciHo3t7AFLwpSvH1smIhCVy3lRZk4abJFyW6blwJunmqRcJH5LrPVf8ji2SrE-GP7BtOFqiNkFZdIo2UTtqTnGLErCnO2csIWWpMzjOEs9dwgJyB8GmESQSix7s_KeT0QmuG08-5NNGt5BG35c-sFuXsjt-vJr_3Qq-k77tTrgn9d2-VF_CxThLMDD8fb3axFXsncanWR5kSKes7jLopvP-rRA7b2BVN_eMYi5Lr6uFHG7HL57qUf5DWzZ7jb6x_aw1Sf_rZJGHBvSs_v4V2Y0nMq5--M4kpUDm34VJGZrSslw"}
2025-04-10T11:25:48.611Z error: login:: Invalid request: {"email":"eyJhbGciOiJSUzI1NiIsImtpZCI6IjcxMTE1MjM1YTZjNjE0NTRlZmRlZGM0NWE3N2U0MzUxMzY3ZWViZTAiLCJ0eXAiOiJKV1QifQ.eyJuYW1lIjoic3VyZW4gYmFuZGFyYSIsInBpY3R1cmUiOiJodHRwczovL2xoMy5nb29nbGV1c2VyY29udGVudC5jb20vYS9BQ2c4b2NKWGdQRU54aVkxanlLQUR4WGJ2b1BLbXF4N1lMVl9tNHBEbFJmSVFZZHNsbUJBR1E9czk2LWMiLCJpc3MiOiJodHRwczovL3NlY3VyZXRva2VuLmdvb2dsZS5jb20vdGVzdDAxLWExMzQ5IiwiYXVkIjoidGVzdDAxLWExMzQ5IiwiYXV0aF90aW1lIjoxNzQ0Mjg0MzQ1LCJ1c2VyX2lkIjoiWEQ3c2RmT1FqRWNqQk1iYnNzbjR2UktiUjBpMSIsInN1YiI6IlhEN3NkZk9RakVjakJNYmJzc240dlJLYlIwaTEiLCJpYXQiOjE3NDQyODQzNDUsImV4cCI6MTc0NDI4Nzk0NSwiZW1haWwiOiJiYW5kYXJhc3VyZW45OTcyMUBnbWFpbC5jb20iLCJlbWFpbF92ZXJpZmllZCI6dHJ1ZSwiZmlyZWJhc2UiOnsiaWRlbnRpdGllcyI6eyJnb29nbGUuY29tIjpbIjEwNzkzNDQ1OTgxNjI3MzE3ODM1NiJdLCJlbWFpbCI6WyJiYW5kYXJhc3VyZW45OTcyMUBnbWFpbC5jb20iXX0sInNpZ25faW5fcHJvdmlkZXIiOiJnb29nbGUuY29tIn19.ifzzAEC_1uq26hrmWkyGMIphkKudxvYeGQ2C0OBdciHo3t7AFLwpSvH1smIhCVy3lRZk4abJFyW6blwJunmqRcJH5LrPVf8ji2SrE-GP7BtOFqiNkFZdIo2UTtqTnGLErCnO2csIWWpMzjOEs9dwgJyB8GmESQSix7s_KeT0QmuG08-5NNGt5BG35c-sFuXsjt-vJr_3Qq-k77tTrgn9d2-VF_CxThLMDD8fb3axFXsncanWR5kSKes7jLopvP-rRA7b2BVN_eMYi5Lr6uFHG7HL57qUf5DWzZ7jb6x_aw1Sf_rZJGHBvSs_v4V2Y0nMq5--M4kpUDm34VJGZrSslw"}
2025-04-10T11:26:05.185Z error: authenticateJWT:: jwt malformed
2025-04-10T11:26:06.252Z error: authenticateJWT:: jwt malformed
2025-04-10T11:26:07.327Z error: authenticateJWT:: jwt malformed
2025-04-10T11:26:07.381Z error: authenticateJWT:: jwt malformed
2025-04-10T11:26:08.428Z error: authenticateJWT:: jwt malformed
2025-04-10T11:26:09.473Z error: authenticateJWT:: jwt malformed
2025-04-10T11:26:09.510Z error: authenticateJWT:: jwt malformed
2025-04-10T11:26:10.540Z error: authenticateJWT:: jwt malformed
2025-04-10T11:26:11.603Z error: authenticateJWT:: jwt malformed
2025-04-10T11:26:12.732Z error: authenticateJWT:: jwt malformed
2025-04-10T11:26:13.773Z error: authenticateJWT:: jwt malformed
2025-04-10T11:26:14.804Z error: authenticateJWT:: jwt malformed
2025-04-10T11:26:14.829Z error: authenticateJWT:: jwt malformed
2025-04-10T11:26:15.885Z error: authenticateJWT:: jwt malformed
2025-04-10T11:26:16.923Z error: authenticateJWT:: jwt malformed
2025-04-10T11:26:16.952Z error: authenticateJWT:: jwt malformed
2025-04-10T11:26:17.991Z error: authenticateJWT:: jwt malformed
2025-04-10T11:26:19.043Z error: authenticateJWT:: jwt malformed
2025-04-10T11:27:45.130Z error: authenticateJWT:: jwt malformed
2025-04-10T11:27:46.175Z error: authenticateJWT:: jwt malformed
2025-04-10T11:27:47.240Z error: authenticateJWT:: jwt malformed
2025-04-10T11:27:47.285Z error: authenticateJWT:: jwt malformed
2025-04-10T11:27:48.342Z error: authenticateJWT:: jwt malformed
2025-04-10T11:27:49.390Z error: authenticateJWT:: jwt malformed
2025-04-10T11:27:49.436Z error: authenticateJWT:: jwt malformed
2025-04-10T11:27:50.508Z error: authenticateJWT:: jwt malformed
2025-04-10T11:27:51.557Z error: authenticateJWT:: jwt malformed
2025-04-10T11:27:52.482Z error: authenticateJWT:: jwt malformed
2025-04-10T11:27:53.523Z error: authenticateJWT:: jwt malformed
2025-04-10T11:27:54.554Z error: authenticateJWT:: jwt malformed
2025-04-10T11:27:54.584Z error: authenticateJWT:: jwt malformed
2025-04-10T11:27:55.637Z error: authenticateJWT:: jwt malformed
2025-04-10T11:27:56.672Z error: authenticateJWT:: jwt malformed
2025-04-10T11:27:56.700Z error: authenticateJWT:: jwt malformed
2025-04-10T11:27:57.758Z error: authenticateJWT:: jwt malformed
2025-04-10T11:27:58.826Z error: authenticateJWT:: jwt malformed
2025-04-10T11:29:25.085Z error: authenticateJWT:: jwt malformed
2025-04-10T11:29:26.123Z error: authenticateJWT:: jwt malformed
2025-04-10T11:29:27.171Z error: authenticateJWT:: jwt malformed
2025-04-10T11:29:27.220Z error: authenticateJWT:: jwt malformed
2025-04-10T11:29:28.287Z error: authenticateJWT:: jwt malformed
2025-04-10T11:29:29.322Z error: authenticateJWT:: jwt malformed
2025-04-10T11:29:29.347Z error: authenticateJWT:: jwt malformed
2025-04-10T11:29:30.392Z error: authenticateJWT:: jwt malformed
2025-04-10T11:29:31.435Z error: authenticateJWT:: jwt malformed
2025-04-10T11:29:32.228Z error: authenticateJWT:: jwt malformed
2025-04-10T11:29:33.250Z error: authenticateJWT:: jwt malformed
2025-04-10T11:29:34.287Z error: authenticateJWT:: jwt malformed
2025-04-10T11:29:34.311Z error: authenticateJWT:: jwt malformed
2025-04-10T11:29:35.338Z error: authenticateJWT:: jwt malformed
2025-04-10T11:29:36.388Z error: authenticateJWT:: jwt malformed
2025-04-10T11:29:36.420Z error: authenticateJWT:: jwt malformed
2025-04-10T11:29:37.472Z error: authenticateJWT:: jwt malformed
2025-04-10T11:29:38.524Z error: authenticateJWT:: jwt malformed
2025-04-10T11:30:32.986Z error: authenticateJWT:: jwt malformed
2025-04-10T11:30:35.240Z error: authenticateJWT:: jwt malformed
2025-04-10T11:30:36.414Z error: authenticateJWT:: jwt malformed
2025-04-10T11:30:36.628Z error: authenticateJWT:: jwt malformed
2025-04-10T11:30:37.776Z error: authenticateJWT:: jwt malformed
2025-04-10T11:30:39.017Z error: authenticateJWT:: jwt malformed
2025-04-10T11:30:39.843Z error: authenticateJWT:: jwt malformed
2025-04-10T11:30:40.953Z error: authenticateJWT:: jwt malformed
2025-04-10T11:30:41.989Z error: authenticateJWT:: jwt malformed
2025-04-10T11:31:11.983Z error: authenticateJWT:: jwt malformed
2025-04-10T11:31:13.017Z error: authenticateJWT:: jwt malformed
2025-04-10T11:31:14.051Z error: authenticateJWT:: jwt malformed
2025-04-10T11:31:14.078Z error: authenticateJWT:: jwt malformed
2025-04-10T11:31:15.104Z error: authenticateJWT:: jwt malformed
2025-04-10T11:31:16.132Z error: authenticateJWT:: jwt malformed
2025-04-10T11:31:16.156Z error: authenticateJWT:: jwt malformed
2025-04-10T11:31:17.204Z error: authenticateJWT:: jwt malformed
2025-04-10T11:31:18.267Z error: authenticateJWT:: jwt malformed
2025-04-10T11:31:47.473Z error: authenticateJWT:: jwt malformed
2025-04-10T11:31:49.849Z error: authenticateJWT:: jwt malformed
2025-04-10T11:31:51.268Z error: authenticateJWT:: jwt malformed
2025-04-10T11:31:51.445Z error: authenticateJWT:: jwt malformed
2025-04-10T11:31:52.599Z error: authenticateJWT:: jwt malformed
2025-04-10T11:32:00.605Z error: authenticateJWT:: jwt malformed
2025-04-10T11:32:34.357Z error: authenticateJWT:: jwt malformed
2025-04-10T11:32:38.674Z error: authenticateJWT:: jwt malformed
2025-04-10T11:32:40.040Z error: authenticateJWT:: jwt malformed
2025-04-10T11:32:40.473Z error: authenticateJWT:: jwt malformed
2025-04-10T11:32:41.639Z error: authenticateJWT:: jwt malformed
2025-04-10T11:32:43.179Z error: authenticateJWT:: jwt malformed
2025-04-10T11:32:43.834Z error: authenticateJWT:: jwt malformed
2025-04-10T11:32:46.348Z error: authenticateJWT:: jwt malformed
2025-04-10T11:32:47.389Z error: authenticateJWT:: jwt malformed
2025-04-10T11:34:17.169Z error: authenticateJWT:: jwt malformed
2025-04-10T11:34:18.271Z error: authenticateJWT:: jwt malformed
2025-04-10T11:34:19.343Z error: authenticateJWT:: jwt malformed
2025-04-10T11:34:19.384Z error: authenticateJWT:: jwt malformed
2025-04-10T11:34:20.435Z error: authenticateJWT:: jwt malformed
2025-04-10T11:34:21.487Z error: authenticateJWT:: jwt malformed
2025-04-10T11:34:21.529Z error: authenticateJWT:: jwt malformed
2025-04-10T11:34:22.581Z error: authenticateJWT:: jwt malformed
2025-04-10T11:34:23.616Z error: authenticateJWT:: jwt malformed
2025-04-10T11:34:26.197Z error: authenticateJWT:: jwt malformed
2025-04-10T11:34:29.028Z error: authenticateJWT:: jwt malformed
2025-04-10T11:34:30.175Z error: authenticateJWT:: jwt malformed
2025-04-10T11:34:30.443Z error: authenticateJWT:: jwt malformed
2025-04-10T11:34:31.544Z error: authenticateJWT:: jwt malformed
2025-04-10T11:34:32.924Z error: authenticateJWT:: jwt malformed
2025-04-10T11:34:33.462Z error: authenticateJWT:: jwt malformed
2025-04-10T11:34:35.541Z error: authenticateJWT:: jwt malformed
2025-04-10T11:34:38.433Z error: authenticateJWT:: jwt malformed
2025-04-10T11:34:39.607Z error: authenticateJWT:: jwt malformed
2025-04-10T11:34:39.760Z error: authenticateJWT:: jwt malformed
2025-04-10T11:34:40.910Z error: authenticateJWT:: jwt malformed
2025-04-10T11:34:42.620Z error: authenticateJWT:: jwt malformed
2025-04-10T11:34:43.179Z error: authenticateJWT:: jwt malformed
2025-04-10T11:34:47.072Z error: authenticateJWT:: jwt malformed
2025-04-10T11:34:50.892Z error: authenticateJWT:: jwt malformed
2025-04-10T11:34:52.677Z error: authenticateJWT:: jwt malformed
2025-04-10T11:34:53.099Z error: authenticateJWT:: jwt malformed
2025-04-10T11:34:54.443Z error: authenticateJWT:: jwt malformed
2025-04-10T11:34:55.788Z error: authenticateJWT:: jwt malformed
2025-04-10T11:34:56.317Z error: authenticateJWT:: jwt malformed
2025-04-10T11:34:59.646Z error: authenticateJWT:: jwt malformed
2025-04-10T11:35:02.592Z error: authenticateJWT:: jwt malformed
2025-04-10T11:35:04.178Z error: authenticateJWT:: jwt malformed
2025-04-10T11:35:04.697Z error: authenticateJWT:: jwt malformed
2025-04-10T11:35:06.208Z error: authenticateJWT:: jwt malformed
2025-04-10T11:35:07.737Z error: authenticateJWT:: jwt malformed
2025-04-10T11:35:07.821Z error: authenticateJWT:: jwt malformed
2025-04-10T11:35:12.231Z error: authenticateJWT:: jwt malformed
2025-04-10T11:35:13.314Z error: authenticateJWT:: jwt malformed
2025-04-10T11:36:40.644Z error: authenticateJWT:: jwt malformed
2025-04-10T11:36:41.703Z error: authenticateJWT:: jwt malformed
2025-04-10T11:36:42.769Z error: authenticateJWT:: jwt malformed
2025-04-10T11:36:42.833Z error: authenticateJWT:: jwt malformed
2025-04-10T11:36:43.865Z error: authenticateJWT:: jwt malformed
2025-04-10T11:36:44.928Z error: authenticateJWT:: jwt malformed
2025-04-10T11:36:45.015Z error: authenticateJWT:: jwt malformed
2025-04-10T11:36:46.097Z error: authenticateJWT:: jwt malformed
2025-04-10T11:36:47.149Z error: authenticateJWT:: jwt malformed
2025-04-10T11:37:37.977Z error: authenticateJWT:: jwt malformed
2025-04-10T11:37:40.639Z error: authenticateJWT:: jwt malformed
2025-04-10T11:37:41.804Z error: authenticateJWT:: jwt malformed
2025-04-10T11:37:41.946Z error: authenticateJWT:: jwt malformed
2025-04-10T11:37:43.088Z error: authenticateJWT:: jwt malformed
2025-04-10T11:37:45.491Z error: authenticateJWT:: jwt malformed
2025-04-10T11:37:49.007Z error: authenticateJWT:: jwt malformed
2025-04-10T11:37:50.128Z error: authenticateJWT:: jwt malformed
2025-04-10T11:37:50.185Z error: authenticateJWT:: jwt malformed
2025-04-10T11:37:51.739Z error: authenticateJWT:: jwt malformed
2025-04-10T11:37:53.201Z error: authenticateJWT:: jwt malformed
2025-04-10T11:37:53.251Z error: authenticateJWT:: jwt malformed
2025-04-10T11:37:54.317Z error: authenticateJWT:: jwt malformed
2025-04-10T11:37:55.410Z error: authenticateJWT:: jwt malformed
2025-04-10T11:39:26.460Z error: authenticateJWT:: jwt malformed
2025-04-10T11:39:27.543Z error: authenticateJWT:: jwt malformed
2025-04-10T11:39:28.629Z error: authenticateJWT:: jwt malformed
2025-04-10T11:39:28.688Z error: authenticateJWT:: jwt malformed
2025-04-10T11:39:29.729Z error: authenticateJWT:: jwt malformed
2025-04-10T11:39:30.808Z error: authenticateJWT:: jwt malformed
2025-04-10T11:39:30.860Z error: authenticateJWT:: jwt malformed
2025-04-10T11:42:06.201Z error: authenticateJWT:: jwt malformed
2025-04-10T11:42:23.606Z error: authenticateJWT:: jwt malformed
2025-04-10T11:42:24.787Z error: authenticateJWT:: jwt malformed
2025-04-10T11:42:24.969Z error: authenticateJWT:: jwt malformed
2025-04-10T11:42:26.077Z error: authenticateJWT:: jwt malformed
2025-04-10T11:42:27.719Z error: authenticateJWT:: jwt malformed
2025-04-10T11:42:27.760Z error: authenticateJWT:: jwt malformed
2025-04-10T11:42:28.831Z error: authenticateJWT:: jwt malformed
2025-04-10T11:42:34.033Z error: authenticateJWT:: jwt malformed
2025-04-10T11:43:17.415Z error: authenticateJWT:: jwt malformed
2025-04-10T11:43:20.447Z error: authenticateJWT:: jwt malformed
2025-04-10T11:43:21.709Z error: authenticateJWT:: jwt malformed
2025-04-10T11:43:21.819Z error: authenticateJWT:: jwt malformed
2025-04-10T11:43:22.908Z error: authenticateJWT:: jwt malformed
2025-04-10T11:43:24.571Z error: authenticateJWT:: jwt malformed
2025-04-10T11:43:24.652Z error: authenticateJWT:: jwt malformed
2025-04-10T11:43:25.701Z error: authenticateJWT:: jwt malformed
2025-04-10T11:43:26.753Z error: authenticateJWT:: jwt malformed
2025-04-10T11:44:58.467Z error: authorizeJWT:: User not authorized with role: user
2025-04-10T11:44:59.544Z error: authorizeJWT:: User not authorized with role: user
2025-04-10T11:45:00.635Z error: authorizeJWT:: User not authorized with role: user
2025-04-10T11:45:00.707Z error: authorizeJWT:: User not authorized with role: user
2025-04-10T11:45:01.772Z error: authorizeJWT:: User not authorized with role: user
2025-04-10T11:45:02.845Z error: authorizeJWT:: User not authorized with role: user
2025-04-10T11:46:38.301Z error: authorizeJWT:: User not authorized with role: user
2025-04-10T11:46:39.356Z error: authorizeJWT:: User not authorized with role: user
2025-04-10T11:46:40.436Z error: authorizeJWT:: User not authorized with role: user
2025-04-10T11:46:40.482Z error: authorizeJWT:: User not authorized with role: user
2025-04-10T11:46:41.539Z error: authorizeJWT:: User not authorized with role: user
2025-04-10T11:46:42.638Z error: authorizeJWT:: User not authorized with role: user
2025-04-10T11:47:58.712Z error: authenticateJWT:: jwt malformed
2025-04-10T11:48:04.961Z error: authenticateJWT:: jwt malformed
2025-04-10T11:48:06.111Z error: authenticateJWT:: jwt malformed
2025-04-10T11:48:06.316Z error: authenticateJWT:: jwt malformed
2025-04-10T11:48:07.827Z error: authenticateJWT:: jwt malformed
2025-04-10T11:48:09.591Z error: authenticateJWT:: jwt malformed
2025-04-10T11:48:09.744Z error: authenticateJWT:: jwt malformed
2025-04-10T11:48:10.824Z error: authenticateJWT:: jwt malformed
2025-04-10T11:48:16.733Z error: authenticateJWT:: jwt malformed
2025-04-10T11:49:40.010Z error: authorizeJWT:: User not authorized with role: user
2025-04-10T11:49:41.064Z error: authorizeJWT:: User not authorized with role: user
2025-04-10T11:49:42.129Z error: authorizeJWT:: User not authorized with role: user
2025-04-10T11:51:19.751Z error: authorizeJWT:: User not authorized with role: user
2025-04-10T11:51:20.801Z error: authorizeJWT:: User not authorized with role: user
2025-04-10T11:51:21.863Z error: authorizeJWT:: User not authorized with role: user
2025-04-10T11:52:59.449Z error: authorizeJWT:: User not authorized with role: user
2025-04-10T11:53:00.498Z error: authorizeJWT:: User not authorized with role: user
2025-04-10T11:53:01.587Z error: authorizeJWT:: User not authorized with role: user
2025-04-10T11:58:07.027Z error: authenticateJWT:: jwt malformed
2025-04-10T11:58:09.709Z error: authenticateJWT:: jwt malformed
2025-04-10T11:58:10.897Z error: authenticateJWT:: jwt malformed
2025-04-10T11:58:11.089Z error: authenticateJWT:: jwt malformed
2025-04-10T11:58:13.235Z error: authenticateJWT:: jwt malformed
2025-04-10T11:58:14.287Z error: authenticateJWT:: jwt malformed
2025-04-10T11:58:14.357Z error: authenticateJWT:: jwt malformed
2025-04-10T11:58:15.407Z error: authenticateJWT:: jwt malformed
2025-04-10T11:58:16.456Z error: authenticateJWT:: jwt malformed
2025-04-10T11:59:48.128Z error: authenticateJWT:: jwt malformed
2025-04-10T11:59:49.164Z error: authenticateJWT:: jwt malformed
2025-04-10T11:59:50.236Z error: authenticateJWT:: jwt malformed
2025-04-10T11:59:50.297Z error: authenticateJWT:: jwt malformed
2025-04-10T11:59:51.411Z error: authenticateJWT:: jwt malformed
2025-04-10T11:59:52.720Z error: authenticateJWT:: jwt malformed
2025-04-10T11:59:52.763Z error: authenticateJWT:: jwt malformed
2025-04-10T11:59:53.821Z error: authenticateJWT:: jwt malformed
2025-04-10T11:59:54.891Z error: authenticateJWT:: jwt malformed
2025-04-10T12:16:14.871Z error: authenticateJWT:: jwt malformed
2025-04-10T12:16:17.235Z error: authenticateJWT:: jwt malformed
2025-04-10T12:16:18.628Z error: authenticateJWT:: jwt malformed
2025-04-10T12:16:18.726Z error: authenticateJWT:: jwt malformed
2025-04-10T12:16:19.879Z error: authenticateJWT:: jwt malformed
2025-04-10T12:16:21.277Z error: authenticateJWT:: jwt malformed
2025-04-10T12:16:21.333Z error: authenticateJWT:: jwt malformed
2025-04-10T12:16:22.387Z error: authenticateJWT:: jwt malformed
2025-04-10T12:16:23.462Z error: authenticateJWT:: jwt malformed
2025-04-10T12:17:03.538Z error: authenticateJWT:: jwt malformed
2025-04-10T12:23:25.749Z error: authenticateJWT:: jwt malformed
2025-04-10T12:23:29.221Z error: authenticateJWT:: jwt malformed
2025-04-10T12:23:31.844Z error: authenticateJWT:: jwt malformed
2025-04-10T12:23:32.298Z error: authenticateJWT:: jwt malformed
2025-04-10T12:23:33.415Z error: authenticateJWT:: jwt malformed
2025-04-10T12:23:34.740Z error: authenticateJWT:: jwt malformed
2025-04-10T12:23:35.452Z error: authenticateJWT:: jwt malformed
2025-04-10T12:23:36.584Z error: authenticateJWT:: jwt malformed
2025-04-10T12:23:37.682Z error: authenticateJWT:: jwt malformed
2025-04-10T12:24:13.841Z error: authenticateJWT:: jwt malformed
2025-04-10T12:24:16.597Z error: authenticateJWT:: jwt malformed
2025-04-10T12:24:18.106Z error: authenticateJWT:: jwt malformed
2025-04-10T12:24:18.351Z error: authenticateJWT:: jwt malformed
2025-04-10T12:24:19.930Z error: authenticateJWT:: jwt malformed
2025-04-10T12:24:22.633Z error: authenticateJWT:: jwt malformed
2025-04-10T12:24:22.841Z error: authenticateJWT:: jwt malformed
2025-04-10T12:24:23.990Z error: authenticateJWT:: jwt malformed
2025-04-10T12:24:25.092Z error: authenticateJWT:: jwt malformed
2025-04-10T12:25:24.040Z error: authenticateJWT:: jwt malformed
2025-04-10T12:25:28.300Z error: authenticateJWT:: jwt malformed
2025-04-10T12:25:29.927Z error: authenticateJWT:: jwt malformed
2025-04-10T12:25:30.493Z error: authenticateJWT:: jwt malformed
2025-04-10T12:25:31.975Z error: authenticateJWT:: jwt malformed
2025-04-10T12:25:33.524Z error: authenticateJWT:: jwt malformed
2025-04-10T12:25:33.579Z error: authenticateJWT:: jwt malformed
2025-04-10T12:25:34.645Z error: authenticateJWT:: jwt malformed
2025-04-10T12:25:35.686Z error: authenticateJWT:: jwt malformed
2025-04-10T12:29:33.447Z error: authenticateJWT:: jwt malformed
2025-04-10T12:29:36.396Z error: authenticateJWT:: jwt malformed
2025-04-10T12:29:37.948Z error: authenticateJWT:: jwt malformed
2025-04-10T12:29:38.209Z error: authenticateJWT:: jwt malformed
2025-04-10T12:29:39.787Z error: authenticateJWT:: jwt malformed
2025-04-10T12:29:41.814Z error: authenticateJWT:: jwt malformed
2025-04-10T12:29:41.932Z error: authenticateJWT:: jwt malformed
2025-04-10T12:29:43.003Z error: authenticateJWT:: jwt malformed
2025-04-10T12:29:43.747Z error: authenticateJWT:: jwt malformed
2025-04-10T12:30:37.946Z error: authenticateJWT:: jwt malformed
2025-04-10T12:30:41.022Z error: authenticateJWT:: jwt malformed
2025-04-10T12:30:42.174Z error: authenticateJWT:: jwt malformed
2025-04-10T12:30:42.350Z error: authenticateJWT:: jwt malformed
2025-04-10T12:30:43.726Z error: authenticateJWT:: jwt malformed
2025-04-10T12:30:45.308Z error: authenticateJWT:: jwt malformed
2025-04-10T12:30:45.741Z error: authenticateJWT:: jwt malformed
2025-04-10T12:30:47.372Z error: authenticateJWT:: jwt malformed
2025-04-10T12:30:48.407Z error: authenticateJWT:: jwt malformed
2025-04-10T12:30:48.483Z error: authenticateJWT:: jwt malformed
2025-04-10T12:32:34.528Z error: authenticateJWT:: jwt malformed
2025-04-10T12:32:37.500Z error: authenticateJWT:: jwt malformed
2025-04-10T12:32:38.962Z error: authenticateJWT:: jwt malformed
2025-04-10T12:32:39.350Z error: authenticateJWT:: jwt malformed
2025-04-10T12:32:40.595Z error: authenticateJWT:: jwt malformed
2025-04-10T12:32:42.198Z error: authenticateJWT:: jwt malformed
2025-04-10T12:32:42.326Z error: authenticateJWT:: jwt malformed
2025-04-10T12:32:44.827Z error: authenticateJWT:: jwt malformed
2025-04-10T12:32:47.083Z error: authenticateJWT:: jwt malformed
2025-04-10T12:32:49.909Z error: authenticateJWT:: jwt malformed
2025-04-10T12:32:49.967Z error: authenticateJWT:: jwt malformed
2025-04-10T12:32:51.640Z error: authenticateJWT:: jwt malformed
2025-04-10T12:32:53.177Z error: authenticateJWT:: jwt malformed
2025-04-10T12:32:53.218Z error: authenticateJWT:: jwt malformed
2025-04-10T12:32:54.271Z error: authenticateJWT:: jwt malformed
2025-04-10T12:32:54.349Z error: authenticateJWT:: jwt malformed
2025-04-10T12:36:33.484Z error: authenticateJWT:: jwt malformed
2025-04-10T12:36:38.100Z error: authenticateJWT:: jwt malformed
2025-04-10T12:36:39.788Z error: authenticateJWT:: jwt malformed
2025-04-10T12:36:40.269Z error: authenticateJWT:: jwt malformed
2025-04-10T12:36:41.377Z error: authenticateJWT:: jwt malformed
2025-04-10T12:36:42.738Z error: authenticateJWT:: jwt malformed
2025-04-10T12:36:43.955Z error: authenticateJWT:: jwt malformed
2025-04-10T12:36:44.046Z error: authenticateJWT:: jwt malformed
2025-04-10T12:36:45.113Z error: authenticateJWT:: jwt malformed
2025-04-10T12:36:45.461Z error: authenticateJWT:: jwt malformed
2025-04-10T14:31:30.326Z error: authenticateJWT:: jwt malformed
2025-04-10T14:31:34.406Z error: authenticateJWT:: jwt malformed
2025-04-10T14:31:35.891Z error: authenticateJWT:: jwt malformed
2025-04-10T14:31:37.170Z error: authenticateJWT:: jwt malformed
2025-04-10T14:31:38.445Z error: authenticateJWT:: jwt malformed
2025-04-10T14:31:39.770Z error: authenticateJWT:: jwt malformed
2025-04-10T14:31:39.945Z error: authenticateJWT:: jwt malformed
2025-04-10T14:31:42.649Z error: authenticateJWT:: jwt malformed
2025-04-10T14:31:43.742Z error: authenticateJWT:: jwt malformed
2025-04-10T14:31:43.826Z error: authenticateJWT:: jwt malformed
2025-04-10T14:32:45.987Z error: authenticateJWT:: jwt malformed
2025-04-10T14:32:48.769Z error: authenticateJWT:: jwt malformed
2025-04-10T14:32:49.999Z error: authenticateJWT:: jwt malformed
2025-04-10T14:32:50.303Z error: authenticateJWT:: jwt malformed
2025-04-10T14:32:51.714Z error: authenticateJWT:: jwt malformed
2025-04-10T14:32:53.007Z error: authenticateJWT:: jwt malformed
2025-04-10T14:32:53.531Z error: authenticateJWT:: jwt malformed
2025-04-10T14:32:54.978Z error: authenticateJWT:: jwt malformed
2025-04-10T14:32:55.846Z error: authenticateJWT:: jwt malformed
2025-04-10T14:35:48.959Z error: authenticateJWT:: jwt malformed
2025-04-10T14:35:52.817Z error: authenticateJWT:: jwt malformed
2025-04-10T14:35:54.278Z error: authenticateJWT:: jwt malformed
2025-04-10T14:35:54.495Z error: authenticateJWT:: jwt malformed
2025-04-10T14:35:55.821Z error: authenticateJWT:: jwt malformed
2025-04-10T14:35:57.264Z error: authenticateJWT:: jwt malformed
2025-04-10T14:35:57.854Z error: authenticateJWT:: jwt malformed
2025-04-10T14:35:59.189Z error: authenticateJWT:: jwt malformed
2025-04-10T14:36:00.317Z error: authenticateJWT:: jwt malformed
2025-04-10T14:36:00.635Z error: authenticateJWT:: jwt malformed
2025-04-10T14:37:36.522Z error: authenticateJWT:: jwt malformed
2025-04-10T14:37:52.226Z error: authenticateJWT:: jwt malformed
2025-04-10T14:37:53.354Z error: authenticateJWT:: jwt malformed
2025-04-10T14:37:53.417Z error: authenticateJWT:: jwt malformed
2025-04-10T14:37:54.532Z error: authenticateJWT:: jwt malformed
2025-04-10T14:37:55.804Z error: authenticateJWT:: jwt malformed
2025-04-10T14:37:56.333Z error: authenticateJWT:: jwt malformed
2025-04-10T14:37:57.478Z error: authenticateJWT:: jwt malformed
2025-04-10T14:37:58.416Z error: authenticateJWT:: jwt malformed
2025-04-10T14:38:30.775Z error: authenticateJWT:: jwt malformed
2025-04-10T14:38:34.458Z error: authenticateJWT:: jwt malformed
2025-04-10T14:38:35.751Z error: authenticateJWT:: jwt malformed
2025-04-10T14:38:35.994Z error: authenticateJWT:: jwt malformed
2025-04-10T14:38:37.144Z error: authenticateJWT:: jwt malformed
2025-04-10T14:38:38.655Z error: authenticateJWT:: jwt malformed
2025-04-10T14:38:38.775Z error: authenticateJWT:: jwt malformed
2025-04-10T14:38:39.825Z error: authenticateJWT:: jwt malformed
2025-04-10T14:38:40.605Z error: authenticateJWT:: jwt malformed
2025-04-10T14:41:15.963Z error: authenticateJWT:: jwt malformed
2025-04-10T14:41:18.552Z error: authenticateJWT:: jwt malformed
2025-04-10T14:41:19.783Z error: authenticateJWT:: jwt malformed
2025-04-10T14:41:19.928Z error: authenticateJWT:: jwt malformed
2025-04-10T14:41:21.242Z error: authenticateJWT:: jwt malformed
2025-04-10T14:41:22.682Z error: authenticateJWT:: jwt malformed
2025-04-10T14:41:23.212Z error: authenticateJWT:: jwt malformed
2025-04-10T14:41:24.547Z error: authenticateJWT:: jwt malformed
2025-04-10T14:41:25.809Z error: authenticateJWT:: jwt malformed
2025-04-10T14:41:25.880Z error: authenticateJWT:: jwt malformed
2025-04-10T14:44:17.357Z error: authenticateJWT:: jwt malformed
2025-04-10T14:44:24.025Z error: authenticateJWT:: jwt malformed
2025-04-10T14:44:25.127Z error: authenticateJWT:: jwt malformed
2025-04-10T14:44:25.196Z error: authenticateJWT:: jwt malformed
2025-04-10T14:44:26.403Z error: authenticateJWT:: jwt malformed
2025-04-10T14:44:27.724Z error: authenticateJWT:: jwt malformed
2025-04-10T14:44:28.342Z error: authenticateJWT:: jwt malformed
2025-04-10T14:44:29.495Z error: authenticateJWT:: jwt malformed
2025-04-10T14:44:30.278Z error: authenticateJWT:: jwt malformed
2025-04-10T15:03:31.173Z error: authenticateJWT:: jwt malformed
2025-04-10T15:03:33.400Z error: authenticateJWT:: jwt malformed
2025-04-10T15:03:35.126Z error: authenticateJWT:: jwt malformed
2025-04-10T15:03:35.359Z error: authenticateJWT:: jwt malformed
2025-04-10T15:03:36.931Z error: authenticateJWT:: jwt malformed
2025-04-10T15:03:40.018Z error: authenticateJWT:: jwt malformed
2025-04-10T15:03:41.759Z error: authenticateJWT:: jwt malformed
2025-04-10T15:04:35.333Z error: authenticateJWT:: jwt malformed
2025-04-10T15:04:35.803Z error: authenticateJWT:: jwt malformed
2025-04-10T15:04:39.771Z error: authenticateJWT:: jwt malformed
2025-04-10T15:04:41.479Z error: authenticateJWT:: jwt malformed
2025-04-10T15:04:41.814Z error: authenticateJWT:: jwt malformed
2025-04-10T15:04:43.152Z error: authenticateJWT:: jwt malformed
2025-04-10T15:04:44.819Z error: authenticateJWT:: jwt malformed
2025-04-10T15:04:45.154Z error: authenticateJWT:: jwt malformed
2025-04-10T15:04:45.717Z error: authenticateJWT:: jwt malformed
2025-04-10T15:06:06.414Z error: authenticateJWT:: jwt malformed
2025-04-10T15:06:09.441Z error: authenticateJWT:: jwt malformed
2025-04-10T15:06:10.713Z error: authenticateJWT:: jwt malformed
2025-04-10T15:06:13.650Z error: authenticateJWT:: jwt malformed
2025-04-10T15:06:15.345Z error: authenticateJWT:: jwt malformed
2025-04-10T15:06:16.644Z error: authenticateJWT:: jwt malformed
2025-04-10T15:06:16.668Z error: authenticateJWT:: jwt malformed
2025-04-10T15:06:19.658Z error: authenticateJWT:: jwt malformed
2025-04-10T15:06:23.542Z error: authenticateJWT:: jwt malformed
2025-04-10T15:06:24.748Z error: authenticateJWT:: jwt malformed
2025-04-10T15:06:30.432Z error: authenticateJWT:: jwt malformed
2025-04-10T15:06:31.217Z error: authenticateJWT:: jwt malformed
2025-04-10T15:07:42.510Z error: authenticateJWT:: jwt malformed
2025-04-10T15:07:49.407Z error: authenticateJWT:: jwt malformed
2025-04-10T15:07:51.315Z error: authenticateJWT:: jwt malformed
2025-04-10T15:07:54.956Z error: authenticateJWT:: jwt malformed
2025-04-10T15:07:56.168Z error: authenticateJWT:: jwt malformed
2025-04-10T15:07:57.254Z error: authenticateJWT:: jwt malformed
2025-04-10T15:07:59.288Z error: authenticateJWT:: jwt malformed
2025-04-10T15:08:00.366Z error: authenticateJWT:: jwt malformed
2025-04-10T15:08:01.455Z error: authenticateJWT:: jwt malformed
2025-04-10T15:08:01.783Z error: authenticateJWT:: jwt malformed
2025-04-10T15:08:44.454Z error: authenticateJWT:: jwt malformed
2025-04-10T15:08:47.076Z error: authenticateJWT:: jwt malformed
2025-04-10T15:08:48.961Z error: authenticateJWT:: jwt malformed
2025-04-10T15:08:51.436Z error: authenticateJWT:: jwt malformed
2025-04-10T15:08:53.833Z error: authenticateJWT:: jwt malformed
2025-04-10T15:08:54.773Z error: authenticateJWT:: jwt malformed
2025-04-10T15:49:23.804Z error: authenticateJWT:: jwt malformed
2025-04-10T15:49:30.964Z error: authenticateJWT:: jwt malformed
2025-04-10T15:49:34.011Z error: authenticateJWT:: jwt malformed
2025-04-10T15:49:39.637Z error: authenticateJWT:: jwt malformed
2025-04-10T15:49:40.678Z error: authenticateJWT:: jwt malformed
2025-04-10T15:49:41.210Z error: authenticateJWT:: jwt malformed
2025-04-10T16:06:03.207Z error: authenticateJWT:: jwt malformed
2025-04-10T16:06:07.132Z error: authenticateJWT:: jwt malformed
2025-04-10T16:06:08.407Z error: authenticateJWT:: jwt malformed
2025-04-10T16:06:11.157Z error: authenticateJWT:: jwt malformed
2025-04-10T16:06:13.139Z error: authenticateJWT:: jwt malformed
2025-04-10T16:06:14.204Z error: authenticateJWT:: jwt malformed
2025-04-10T16:06:14.452Z error: authenticateJWT:: jwt malformed
2025-04-10T16:11:27.246Z error: authenticateJWT:: jwt malformed
2025-04-10T16:11:30.195Z error: authenticateJWT:: jwt malformed
2025-04-10T16:11:31.568Z error: authenticateJWT:: jwt malformed
2025-04-10T16:11:34.039Z error: authenticateJWT:: jwt malformed
2025-04-10T16:11:37.938Z error: authenticateJWT:: jwt malformed
2025-04-10T16:11:39.310Z error: authenticateJWT:: jwt malformed
2025-04-10T16:13:34.182Z error: authenticateJWT:: jwt malformed
2025-04-10T16:14:27.199Z error: authenticateJWT:: jwt malformed
2025-04-10T16:14:28.340Z error: authenticateJWT:: jwt malformed
2025-04-10T16:14:31.227Z error: authenticateJWT:: jwt malformed
2025-04-10T16:14:36.146Z error: authenticateJWT:: jwt malformed
2025-04-10T16:14:54.191Z error: authenticateJWT:: jwt malformed
2025-04-10T16:18:28.450Z error: authenticateJWT:: jwt malformed
2025-04-10T16:18:58.309Z error: authenticateJWT:: jwt malformed
2025-04-10T16:18:59.696Z error: authenticateJWT:: jwt malformed
2025-04-10T16:19:29.666Z error: authenticateJWT:: jwt malformed
2025-04-10T16:23:22.702Z error: authenticateJWT:: jwt malformed
2025-04-10T16:23:22.703Z error: authenticateJWT:: jwt malformed
2025-04-10T16:23:23.909Z error: authenticateJWT:: jwt malformed
2025-04-10T16:23:23.982Z error: authenticateJWT:: jwt malformed
2025-04-10T16:23:25.022Z error: authenticateJWT:: jwt malformed
2025-04-10T16:23:26.667Z error: authenticateJWT:: jwt malformed
2025-04-10T16:23:33.013Z error: authenticateJWT:: jwt malformed
2025-04-10T16:23:33.066Z error: authenticateJWT:: jwt malformed
2025-04-10T16:23:34.099Z error: authenticateJWT:: jwt malformed
2025-04-10T16:23:34.163Z error: authenticateJWT:: jwt malformed
2025-04-10T16:23:34.517Z error: authenticateJWT:: jwt malformed
2025-04-10T16:47:56.016Z error: authenticateJWT:: jwt malformed
2025-04-10T16:47:59.973Z error: authenticateJWT:: jwt malformed
2025-04-10T16:48:01.609Z error: authenticateJWT:: jwt malformed
2025-04-10T16:48:04.282Z error: authenticateJWT:: jwt malformed
2025-04-10T16:48:05.539Z error: authenticateJWT:: jwt malformed
2025-04-10T16:48:06.616Z error: authenticateJWT:: jwt malformed
2025-04-10T16:48:06.715Z error: authenticateJWT:: jwt malformed
2025-04-10T16:48:17.715Z error: authenticateJWT:: jwt malformed
2025-04-10T16:48:20.113Z error: authenticateJWT:: jwt malformed
2025-04-10T16:48:21.398Z error: authenticateJWT:: jwt malformed
2025-04-10T16:48:24.089Z error: authenticateJWT:: jwt malformed
2025-04-10T16:48:25.158Z error: authenticateJWT:: jwt malformed
2025-04-10T16:48:26.166Z error: authenticateJWT:: jwt malformed
2025-04-10T16:49:01.839Z error: authenticateJWT:: jwt malformed
2025-04-10T16:49:05.922Z error: authenticateJWT:: jwt malformed
2025-04-10T16:49:07.437Z error: authenticateJWT:: jwt malformed
2025-04-10T16:49:10.805Z error: authenticateJWT:: jwt malformed
2025-04-10T16:49:11.963Z error: authenticateJWT:: jwt malformed
2025-04-10T16:49:11.971Z error: authenticateJWT:: jwt malformed
2025-04-10T16:49:42.848Z error: authenticateJWT:: jwt malformed
2025-04-10T16:49:45.434Z error: authenticateJWT:: jwt malformed
2025-04-10T16:49:46.574Z error: authenticateJWT:: jwt malformed
2025-04-10T16:49:50.325Z error: authenticateJWT:: jwt malformed
2025-04-10T16:49:51.249Z error: authenticateJWT:: jwt malformed
2025-04-10T16:53:45.872Z error: authenticateJWT:: jwt malformed
2025-04-10T16:53:54.998Z error: authenticateJWT:: jwt malformed
2025-04-10T16:53:56.109Z error: authenticateJWT:: jwt malformed
2025-04-10T16:53:58.328Z error: authenticateJWT:: jwt malformed
2025-04-10T16:54:00.724Z error: authenticateJWT:: jwt malformed
2025-04-10T16:54:01.801Z error: authenticateJWT:: jwt malformed
2025-04-10T16:54:01.965Z error: authenticateJWT:: jwt malformed
2025-04-10T17:14:49.631Z error: authenticateJWT:: jwt malformed
2025-04-10T17:14:52.582Z error: authenticateJWT:: jwt malformed
2025-04-10T17:14:53.851Z error: authenticateJWT:: jwt malformed
2025-04-10T17:14:55.914Z error: authenticateJWT:: jwt malformed
2025-04-10T17:14:57.006Z error: authenticateJWT:: jwt malformed
2025-04-10T17:14:58.069Z error: authenticateJWT:: jwt malformed
2025-04-10T17:15:00.125Z error: authenticateJWT:: jwt malformed
2025-04-10T17:15:01.206Z error: authenticateJWT:: jwt malformed
2025-04-10T17:15:02.309Z error: authenticateJWT:: jwt malformed
2025-04-10T17:15:42.675Z error: authenticateJWT:: jwt malformed
2025-04-10T17:15:45.964Z error: authenticateJWT:: jwt malformed
2025-04-10T17:15:47.180Z error: authenticateJWT:: jwt malformed
2025-04-10T17:15:49.336Z error: authenticateJWT:: jwt malformed
2025-04-10T17:15:50.434Z error: authenticateJWT:: jwt malformed
2025-04-10T17:15:51.520Z error: authenticateJWT:: jwt malformed
2025-04-10T17:15:53.591Z error: authenticateJWT:: jwt malformed
2025-04-10T17:15:54.659Z error: authenticateJWT:: jwt malformed
2025-04-10T17:15:55.723Z error: authenticateJWT:: jwt malformed
2025-04-10T17:17:23.658Z error: authenticateJWT:: jwt malformed
2025-04-10T17:17:24.737Z error: authenticateJWT:: jwt malformed
2025-04-10T17:17:25.809Z error: authenticateJWT:: jwt malformed
2025-04-10T17:17:27.863Z error: authenticateJWT:: jwt malformed
2025-04-10T17:17:28.966Z error: authenticateJWT:: jwt malformed
2025-04-10T17:17:48.123Z error: authenticateJWT:: jwt malformed
2025-04-10T17:17:52.700Z error: authenticateJWT:: jwt malformed
2025-04-10T17:17:53.945Z error: authenticateJWT:: jwt malformed
2025-04-10T17:17:56.037Z error: authenticateJWT:: jwt malformed
2025-04-10T17:17:57.086Z error: authenticateJWT:: jwt malformed
2025-04-10T17:17:58.160Z error: authenticateJWT:: jwt malformed
2025-04-10T17:18:00.242Z error: authenticateJWT:: jwt malformed
2025-04-10T17:18:01.292Z error: authenticateJWT:: jwt malformed
2025-04-10T17:18:02.388Z error: authenticateJWT:: jwt malformed
2025-04-10T17:19:05.558Z error: authenticateJWT:: jwt malformed
2025-04-10T17:19:08.622Z error: authenticateJWT:: jwt malformed
2025-04-10T17:19:09.739Z error: authenticateJWT:: jwt malformed
2025-04-10T17:19:11.937Z error: authenticateJWT:: jwt malformed
2025-04-10T17:19:13.013Z error: authenticateJWT:: jwt malformed
2025-04-10T17:19:14.093Z error: authenticateJWT:: jwt malformed
2025-04-10T17:19:16.148Z error: authenticateJWT:: jwt malformed
2025-04-10T17:19:17.205Z error: authenticateJWT:: jwt malformed
2025-04-10T17:19:18.309Z error: authenticateJWT:: jwt malformed
2025-04-10T17:20:13.225Z error: authenticateJWT:: jwt malformed
2025-04-10T17:20:15.782Z error: authenticateJWT:: jwt malformed
2025-04-10T17:20:16.926Z error: authenticateJWT:: jwt malformed
2025-04-10T17:20:19.079Z error: authenticateJWT:: jwt malformed
2025-04-10T17:20:20.154Z error: authenticateJWT:: jwt malformed
2025-04-10T17:20:21.208Z error: authenticateJWT:: jwt malformed
2025-04-10T17:20:23.284Z error: authenticateJWT:: jwt malformed
2025-04-10T17:20:24.337Z error: authenticateJWT:: jwt malformed
2025-04-10T17:20:25.403Z error: authenticateJWT:: jwt malformed
2025-04-10T17:21:54.367Z error: authenticateJWT:: jwt malformed
2025-04-10T17:21:55.434Z error: authenticateJWT:: jwt malformed
2025-04-10T17:21:56.486Z error: authenticateJWT:: jwt malformed
2025-04-10T17:21:58.557Z error: authenticateJWT:: jwt malformed
2025-04-10T17:21:59.639Z error: authenticateJWT:: jwt malformed
2025-04-10T17:22:00.719Z error: authenticateJWT:: jwt malformed
2025-04-10T17:22:02.817Z error: authenticateJWT:: jwt malformed
2025-04-10T17:22:03.958Z error: authenticateJWT:: jwt malformed
2025-04-10T17:22:05.049Z error: authenticateJWT:: jwt malformed
2025-04-10T17:22:42.644Z error: authenticateJWT:: jwt malformed
2025-04-10T17:22:48.996Z error: authenticateJWT:: jwt malformed
2025-04-10T17:22:50.181Z error: authenticateJWT:: jwt malformed
2025-04-10T17:22:52.327Z error: authenticateJWT:: jwt malformed
2025-04-10T17:22:53.371Z error: authenticateJWT:: jwt malformed
2025-04-10T17:22:54.474Z error: authenticateJWT:: jwt malformed
2025-04-10T17:22:56.527Z error: authenticateJWT:: jwt malformed
2025-04-10T17:22:57.590Z error: authenticateJWT:: jwt malformed
2025-04-10T17:22:58.695Z error: authenticateJWT:: jwt malformed
2025-04-10T17:24:22.172Z error: authenticateJWT:: jwt malformed
2025-04-10T17:24:24.482Z error: authenticateJWT:: jwt malformed
2025-04-10T17:24:25.780Z error: authenticateJWT:: jwt malformed
2025-04-10T17:24:27.897Z error: authenticateJWT:: jwt malformed
2025-04-10T17:24:28.945Z error: authenticateJWT:: jwt malformed
2025-04-10T17:24:30.005Z error: authenticateJWT:: jwt malformed
2025-04-10T17:24:32.060Z error: authenticateJWT:: jwt malformed
2025-04-10T17:24:33.118Z error: authenticateJWT:: jwt malformed
2025-04-10T17:24:34.204Z error: authenticateJWT:: jwt malformed
2025-04-10T17:26:03.189Z error: authenticateJWT:: jwt malformed
2025-04-10T17:26:04.274Z error: authenticateJWT:: jwt malformed
2025-04-10T17:26:05.380Z error: authenticateJWT:: jwt malformed
2025-04-10T17:26:07.506Z error: authenticateJWT:: jwt malformed
2025-04-10T17:26:08.594Z error: authenticateJWT:: jwt malformed
2025-04-10T17:26:09.672Z error: authenticateJWT:: jwt malformed
2025-04-10T17:26:11.752Z error: authenticateJWT:: jwt malformed
2025-04-10T17:26:12.813Z error: authenticateJWT:: jwt malformed
2025-04-10T17:26:13.885Z error: authenticateJWT:: jwt malformed
2025-04-10T17:27:42.980Z error: authenticateJWT:: jwt malformed
2025-04-10T17:27:44.050Z error: authenticateJWT:: jwt malformed
2025-04-10T17:27:45.140Z error: authenticateJWT:: jwt malformed
2025-04-10T17:27:47.207Z error: authenticateJWT:: jwt malformed
2025-04-10T17:27:48.304Z error: authenticateJWT:: jwt malformed
2025-04-10T17:27:49.374Z error: authenticateJWT:: jwt malformed
2025-04-10T17:27:51.490Z error: authenticateJWT:: jwt malformed
2025-04-10T17:27:52.560Z error: authenticateJWT:: jwt malformed
2025-04-10T17:27:53.659Z error: authenticateJWT:: jwt malformed
2025-04-10T17:28:40.860Z error: authenticateJWT:: jwt malformed
2025-04-10T17:28:44.582Z error: authenticateJWT:: jwt malformed
2025-04-10T17:28:45.834Z error: authenticateJWT:: jwt malformed
2025-04-10T17:28:47.914Z error: authenticateJWT:: jwt malformed
2025-04-10T17:28:48.957Z error: authenticateJWT:: jwt malformed
2025-04-10T17:28:50.021Z error: authenticateJWT:: jwt malformed
2025-04-10T17:28:52.078Z error: authenticateJWT:: jwt malformed
2025-04-10T17:28:53.144Z error: authenticateJWT:: jwt malformed
2025-04-10T17:28:54.213Z error: authenticateJWT:: jwt malformed
2025-04-10T17:29:41.635Z error: authenticateJWT:: jwt malformed
2025-04-10T17:29:44.354Z error: authenticateJWT:: jwt malformed
2025-04-10T17:29:45.689Z error: authenticateJWT:: jwt malformed
2025-04-10T17:29:48.399Z error: authenticateJWT:: jwt malformed
2025-04-10T17:29:51.811Z error: authenticateJWT:: jwt malformed
2025-04-10T17:29:52.945Z error: authenticateJWT:: jwt malformed
2025-04-10T17:30:02.599Z error: authenticateJWT:: jwt malformed
2025-04-10T17:30:05.846Z error: authenticateJWT:: jwt malformed
2025-04-10T17:30:07.018Z error: authenticateJWT:: jwt malformed
2025-04-10T17:30:09.076Z error: authenticateJWT:: jwt malformed
2025-04-10T17:30:10.156Z error: authenticateJWT:: jwt malformed
2025-04-10T17:30:11.234Z error: authenticateJWT:: jwt malformed
2025-04-10T17:30:13.305Z error: authenticateJWT:: jwt malformed
2025-04-10T17:30:14.381Z error: authenticateJWT:: jwt malformed
2025-04-10T17:30:15.465Z error: authenticateJWT:: jwt malformed
2025-04-10T17:31:25.405Z error: authenticateJWT:: jwt malformed
2025-04-10T17:31:27.903Z error: authenticateJWT:: jwt malformed
2025-04-10T17:31:29.128Z error: authenticateJWT:: jwt malformed
2025-04-10T17:31:32.232Z error: authenticateJWT:: jwt malformed
2025-04-10T17:31:34.731Z error: authenticateJWT:: jwt malformed
2025-04-10T17:31:35.916Z error: authenticateJWT:: jwt malformed
2025-04-10T17:31:38.198Z error: authenticateJWT:: jwt malformed
2025-04-10T17:31:39.261Z error: authenticateJWT:: jwt malformed
2025-04-10T17:31:51.607Z error: authenticateJWT:: jwt malformed
2025-04-10T17:31:54.073Z error: authenticateJWT:: jwt malformed
2025-04-10T17:31:55.267Z error: authenticateJWT:: jwt malformed
2025-04-10T17:31:57.358Z error: authenticateJWT:: jwt malformed
2025-04-10T17:31:58.465Z error: authenticateJWT:: jwt malformed
2025-04-10T17:31:59.533Z error: authenticateJWT:: jwt malformed
2025-04-10T17:32:01.631Z error: authenticateJWT:: jwt malformed
2025-04-10T17:32:02.720Z error: authenticateJWT:: jwt malformed
2025-04-10T17:32:03.821Z error: authenticateJWT:: jwt malformed
2025-04-10T17:33:13.761Z error: authenticateJWT:: jwt malformed
2025-04-10T17:38:07.159Z error: authenticateJWT:: jwt malformed
2025-04-10T17:38:09.980Z error: authenticateJWT:: jwt malformed
2025-04-10T17:42:08.974Z error: authenticateJWT:: jwt malformed
2025-04-10T17:42:12.028Z error: authenticateJWT:: jwt malformed
2025-04-10T17:42:49.446Z error: authenticateJWT:: jwt malformed
2025-04-10T17:42:53.949Z error: authenticateJWT:: jwt malformed
2025-04-10T17:43:32.685Z error: authenticateJWT:: jwt malformed
2025-04-10T17:43:36.136Z error: authenticateJWT:: jwt malformed
2025-04-10T17:44:49.719Z error: authenticateJWT:: jwt malformed
2025-04-10T17:45:11.787Z error: authenticateJWT:: jwt malformed
2025-04-10T17:46:18.606Z error: authenticateJWT:: jwt malformed
2025-04-10T17:46:40.161Z error: authenticateJWT:: jwt malformed
2025-04-10T17:46:43.473Z error: authenticateJWT:: jwt malformed
2025-04-10T17:46:46.322Z error: authenticateJWT:: jwt malformed
2025-04-10T17:48:57.289Z error: authenticateJWT:: jwt malformed
2025-04-10T17:48:57.686Z error: authenticateJWT:: jwt malformed
2025-04-10T17:49:00.272Z error: authenticateJWT:: jwt malformed
2025-04-10T17:49:01.608Z error: authenticateJWT:: jwt malformed
2025-04-10T17:49:03.791Z error: authenticateJWT:: jwt malformed
2025-04-10T17:49:04.848Z error: authenticateJWT:: jwt malformed
2025-04-10T17:49:05.909Z error: authenticateJWT:: jwt malformed
2025-04-10T17:49:07.972Z error: authenticateJWT:: jwt malformed
2025-04-10T17:49:09.036Z error: authenticateJWT:: jwt malformed
2025-04-10T17:49:10.097Z error: authenticateJWT:: jwt malformed
2025-04-10T17:49:26.410Z error: authenticateJWT:: jwt malformed
2025-04-10T17:49:30.015Z error: authenticateJWT:: jwt malformed
2025-04-10T17:51:05.312Z error: authenticateJWT:: jwt malformed
2025-04-10T17:51:08.925Z error: authenticateJWT:: jwt malformed
2025-04-10T17:51:10.452Z error: authenticateJWT:: jwt malformed
2025-04-10T17:51:13.423Z error: authenticateJWT:: jwt malformed
2025-04-10T17:51:15.640Z error: authenticateJWT:: jwt malformed
2025-04-10T17:51:16.825Z error: authenticateJWT:: jwt malformed
2025-04-10T17:51:21.051Z error: authenticateJWT:: jwt malformed
2025-04-10T17:51:29.547Z error: authenticateJWT:: jwt malformed
2025-04-10T17:51:34.571Z error: authenticateJWT:: jwt malformed
2025-04-10T17:51:37.043Z error: authenticateJWT:: jwt malformed
2025-04-10T17:51:38.462Z error: authenticateJWT:: jwt malformed
2025-04-10T17:51:39.808Z error: authenticateJWT:: jwt malformed
2025-04-10T17:51:41.994Z error: authenticateJWT:: jwt malformed
2025-04-10T17:51:43.206Z error: authenticateJWT:: jwt malformed
2025-04-10T17:51:44.391Z error: authenticateJWT:: jwt malformed
2025-04-10T17:52:03.103Z error: authenticateJWT:: jwt malformed
2025-04-10T17:52:06.623Z error: authenticateJWT:: jwt malformed
2025-04-10T17:52:07.807Z error: authenticateJWT:: jwt malformed
2025-04-10T17:52:10.323Z error: authenticateJWT:: jwt malformed
2025-04-10T17:52:11.667Z error: authenticateJWT:: jwt malformed
2025-04-10T17:52:12.960Z error: authenticateJWT:: jwt malformed
2025-04-10T17:52:15.215Z error: authenticateJWT:: jwt malformed
2025-04-10T17:52:16.444Z error: authenticateJWT:: jwt malformed
2025-04-10T17:52:17.739Z error: authenticateJWT:: jwt malformed
2025-04-10T17:53:54.217Z error: authenticateJWT:: jwt malformed
2025-04-10T17:53:57.429Z error: authenticateJWT:: jwt malformed
2025-04-10T17:53:58.820Z error: authenticateJWT:: jwt malformed
2025-04-10T17:54:01.312Z error: authenticateJWT:: jwt malformed
2025-04-10T17:54:02.912Z error: authenticateJWT:: jwt malformed
2025-04-10T17:54:04.603Z error: authenticateJWT:: jwt malformed
2025-04-10T17:54:06.847Z error: authenticateJWT:: jwt malformed
2025-04-10T17:54:08.162Z error: authenticateJWT:: jwt malformed
2025-04-10T17:54:09.411Z error: authenticateJWT:: jwt malformed
2025-04-10T17:55:35.883Z error: authenticateJWT:: jwt malformed
2025-04-10T17:55:37.236Z error: authenticateJWT:: jwt malformed
2025-04-10T17:55:38.452Z error: authenticateJWT:: jwt malformed
2025-04-10T17:55:40.658Z error: authenticateJWT:: jwt malformed
2025-04-10T17:55:44.799Z error: authenticateJWT:: jwt malformed
2025-04-10T17:55:47.430Z error: authenticateJWT:: jwt malformed
2025-04-10T17:55:48.789Z error: authenticateJWT:: jwt malformed
2025-04-10T17:55:50.121Z error: authenticateJWT:: jwt malformed
2025-04-10T17:56:29.565Z error: authenticateJWT:: jwt malformed
2025-04-10T17:56:33.282Z error: authenticateJWT:: jwt malformed
2025-04-10T17:56:34.983Z error: authenticateJWT:: jwt malformed
2025-04-10T17:56:38.617Z error: authenticateJWT:: jwt malformed
2025-04-10T17:56:39.878Z error: authenticateJWT:: jwt malformed
2025-04-10T17:56:41.161Z error: authenticateJWT:: jwt malformed
2025-04-10T17:56:43.408Z error: authenticateJWT:: jwt malformed
2025-04-10T17:56:44.671Z error: authenticateJWT:: jwt malformed
2025-04-10T17:56:45.911Z error: authenticateJWT:: jwt malformed
2025-04-10T17:58:03.933Z error: authenticateJWT:: jwt malformed
2025-04-10T17:59:39.054Z error: authenticateJWT:: jwt malformed
2025-04-10T17:59:41.804Z error: authenticateJWT:: jwt malformed
2025-04-10T18:00:07.389Z error: authenticateJWT:: jwt malformed
2025-04-10T18:00:10.613Z error: authenticateJWT:: jwt malformed
2025-04-10T18:00:12.053Z error: authenticateJWT:: jwt malformed
2025-04-10T18:00:14.390Z error: authenticateJWT:: jwt malformed
2025-04-10T18:01:29.357Z error: authenticateJWT:: jwt malformed
2025-04-10T18:01:32.018Z error: authenticateJWT:: jwt malformed
2025-04-10T18:01:33.622Z error: authenticateJWT:: jwt malformed
2025-04-10T18:03:04.609Z error: authenticateJWT:: jwt malformed
2025-04-10T18:03:08.080Z error: authenticateJWT:: jwt malformed
2025-04-10T18:03:09.672Z error: authenticateJWT:: jwt malformed
2025-04-10T18:11:41.603Z error: authenticateJWT:: jwt malformed
2025-04-10T18:11:44.542Z error: authenticateJWT:: jwt malformed
2025-04-10T18:11:45.947Z error: authenticateJWT:: jwt malformed
2025-04-17T15:03:45.181Z error: authenticateJWT:: jwt expired
2025-04-17T15:03:46.200Z error: authenticateJWT:: jwt expired
2025-04-17T15:03:47.212Z error: authenticateJWT:: jwt expired
2025-04-17T15:11:51.696Z error: ERROR::apiValidationHandler:  /response/cusine/0 must be string
2025-04-17T15:12:05.023Z error: ERROR::apiValidationHandler:  /response/cusine/0 must be string
2025-04-17T15:12:11.266Z error: ERROR::apiValidationHandler:  /response/0/cusine/0 must be string
2025-04-17T15:12:12.313Z error: ERROR::apiValidationHandler:  /response/0/cusine/0 must be string
2025-04-17T15:12:13.383Z error: ERROR::apiValidationHandler:  /response/0/cusine/0 must be string
2025-04-17T15:12:14.470Z error: ERROR::apiValidationHandler:  /response/cusine/0 must be string
2025-04-17T15:13:38.860Z error: ERROR::apiValidationHandler:  /response/cusine/0 must be string
2025-04-17T15:13:51.129Z error: ERROR::apiValidationHandler:  /response/0/cusine/0 must be string
2025-04-17T15:13:52.185Z error: ERROR::apiValidationHandler:  /response/0/cusine/0 must be string
2025-04-17T15:13:53.269Z error: ERROR::apiValidationHandler:  /response/0/cusine/0 must be string
2025-04-17T15:15:40.406Z error: ERROR::apiValidationHandler:  /response/0/cusine/0 must be string
2025-04-17T15:15:41.472Z error: ERROR::apiValidationHandler:  /response/0/cusine/0 must be string
2025-04-17T15:15:42.570Z error: ERROR::apiValidationHandler:  /response/0/cusine/0 must be string
2025-04-17T15:17:05.238Z error: ERROR::apiValidationHandler:  /response/0/cusine/0 must be string
2025-04-17T15:17:06.416Z error: ERROR::apiValidationHandler:  /response/0/cusine/0 must be string
2025-04-17T15:17:07.582Z error: ERROR::apiValidationHandler:  /response/0/cusine/0 must be string
2025-04-17T15:18:44.927Z error: ERROR::apiValidationHandler:  /response/0/cusine/0 must be string
2025-04-17T15:18:46.147Z error: ERROR::apiValidationHandler:  /response/0/cusine/0 must be string
2025-04-17T15:18:47.534Z error: ERROR::apiValidationHandler:  /response/0/cusine/0 must be string
2025-04-17T15:20:24.691Z error: ERROR::apiValidationHandler:  /response/0/cusine/0 must be string
2025-04-17T15:20:25.801Z error: ERROR::apiValidationHandler:  /response/0/cusine/0 must be string
2025-04-17T15:20:26.877Z error: ERROR::apiValidationHandler:  /response/0/cusine/0 must be string
2025-04-17T15:22:04.404Z error: ERROR::apiValidationHandler:  /response/0/cusine/0 must be string
2025-04-17T15:22:05.621Z error: ERROR::apiValidationHandler:  /response/0/cusine/0 must be string
2025-04-17T15:22:06.748Z error: ERROR::apiValidationHandler:  /response/0/cusine/0 must be string
2025-04-21T14:06:09.543Z error: authenticateJWT:: jwt expired
2025-04-21T14:06:10.594Z error: authenticateJWT:: jwt expired
2025-04-21T14:06:11.608Z error: authenticateJWT:: jwt expired
2025-04-24T17:23:13.160Z error: authenticateJWT:: jwt expired
2025-04-24T17:23:15.154Z error: authenticateJWT:: jwt expired
2025-04-24T17:23:17.154Z error: authenticateJWT:: jwt expired
2025-04-24T19:51:22.498Z error: requestNewOrder:: TypeError: order.productList is not iterable
2025-04-24T19:51:23.597Z error: requestNewOrder:: TypeError: order.productList is not iterable
2025-04-24T19:51:24.629Z error: requestNewOrder:: TypeError: order.productList is not iterable
2025-04-24T19:52:50.805Z error: requestNewOrder:: TypeError: order.productList is not iterable
2025-04-24T19:52:52.532Z error: requestNewOrder:: TypeError: order.productList is not iterable
2025-04-24T19:52:53.813Z error: requestNewOrder:: TypeError: order.productList is not iterable
2025-04-24T19:53:06.815Z error: requestNewOrder:: TypeError: order.productList is not iterable
2025-04-24T19:53:08.090Z error: requestNewOrder:: TypeError: order.productList is not iterable
2025-04-24T19:53:09.216Z error: requestNewOrder:: TypeError: order.productList is not iterable
2025-04-24T19:53:27.682Z error: requestNewOrder:: TypeError: order.productList is not iterable
2025-04-24T19:53:28.788Z error: requestNewOrder:: TypeError: order.productList is not iterable
2025-04-24T19:53:29.963Z error: requestNewOrder:: TypeError: order.productList is not iterable
2025-04-24T19:55:44.625Z error: requestNewOrder:: TypeError: order.productList is not iterable
2025-04-24T19:55:46.145Z error: requestNewOrder:: TypeError: order.productList is not iterable
2025-04-24T19:55:47.366Z error: requestNewOrder:: TypeError: order.productList is not iterable
2025-04-24T19:56:45.045Z error: requestNewOrder:: TypeError: order.productList is not iterable
2025-04-24T19:56:46.744Z error: requestNewOrder:: TypeError: order.productList is not iterable
2025-04-24T19:56:47.852Z error: requestNewOrder:: TypeError: order.productList is not iterable
2025-04-24T19:58:38.813Z error: requestNewOrder:: TypeError: order.productList is not iterable
2025-04-24T19:58:40.150Z error: requestNewOrder:: TypeError: order.productList is not iterable
2025-04-24T19:58:41.264Z error: requestNewOrder:: TypeError: order.productList is not iterable
2025-04-24T20:00:06.189Z error: requestNewOrder:: TypeError: order.productList is not iterable
2025-04-24T20:00:07.868Z error: requestNewOrder:: TypeError: order.productList is not iterable
2025-04-24T20:00:09.065Z error: requestNewOrder:: TypeError: order.productList is not iterable
2025-04-24T20:00:25.127Z error: requestNewOrder:: TypeError: order.productList is not iterable
2025-04-24T20:00:26.364Z error: requestNewOrder:: TypeError: order.productList is not iterable
2025-04-24T20:00:27.459Z error: requestNewOrder:: TypeError: order.productList is not iterable
2025-04-24T20:33:06.725Z error: ERROR::apiValidationHandler:  request entity too large
2025-04-24T20:33:07.739Z error: ERROR::apiValidationHandler:  request entity too large
2025-04-24T20:33:08.750Z error: ERROR::apiValidationHandler:  request entity too large
2025-04-24T20:34:19.272Z error: ERROR::apiValidationHandler:  request entity too large
2025-04-24T20:34:20.287Z error: ERROR::apiValidationHandler:  request entity too large
2025-04-24T20:34:21.300Z error: ERROR::apiValidationHandler:  request entity too large
2025-04-24T20:35:26.878Z error: ERROR::apiValidationHandler:  request entity too large
2025-04-24T20:35:27.894Z error: ERROR::apiValidationHandler:  request entity too large
2025-04-24T20:35:28.909Z error: ERROR::apiValidationHandler:  request entity too large
2025-04-24T20:36:54.050Z error: ERROR::apiValidationHandler:  request entity too large
2025-04-24T20:36:55.061Z error: ERROR::apiValidationHandler:  request entity too large
2025-04-24T20:36:56.076Z error: ERROR::apiValidationHandler:  request entity too large
2025-04-24T20:37:54.880Z error: ERROR::apiValidationHandler:  Authorization header required
2025-04-24T21:04:47.718Z error: ERROR::apiValidationHandler:  /response/cusine/0 must be string
2025-04-26T04:17:10.289Z error: authenticateJWT:: jwt expired
2025-04-26T04:17:12.089Z error: authenticateJWT:: jwt expired
2025-04-26T04:17:14.086Z error: authenticateJWT:: jwt expired
2025-04-26T04:27:04.974Z error: authenticateJWT:: jwt expired
2025-04-26T04:31:36.040Z error: confirmOrder:: Price difference itentified: order: undefined, existingOrder: 28.97
2025-04-26T04:34:48.721Z error: confirmOrder:: Price difference itentified: order: undefined, existingOrder: 28.97
2025-04-26T04:40:44.715Z error: confirmOrder:: Price difference itentified: order: undefined, existingOrder: 2.99
2025-04-26T04:41:53.300Z error: confirmOrder:: Price difference itentified: order: undefined, existingOrder: 2.99
2025-04-26T04:44:00.168Z error: confirmOrder:: Invalid order status: INITIATED
2025-04-26T04:44:09.295Z error: confirmOrder:: Invalid order status: NEW
2025-04-26T04:47:03.791Z error: confirmOrder:: Invalid order status: INITIATED
2025-04-26T05:17:52.812Z error: ERROR::apiValidationHandler:  /response/paymentMethod must be equal to one of the allowed values: CASH, CARD, ONLINE
2025-04-26T05:17:55.100Z error: ERROR::apiValidationHandler:  /response/paymentMethod must be equal to one of the allowed values: CASH, CARD, ONLINE
2025-04-26T05:17:56.470Z error: ERROR::apiValidationHandler:  /response/paymentMethod must be equal to one of the allowed values: CASH, CARD, ONLINE
2025-04-26T05:19:48.410Z error: ERROR::apiValidationHandler:  /response/paymentMethod must be equal to one of the allowed values: CASH, CARD, ONLINE
2025-04-26T05:19:49.978Z error: ERROR::apiValidationHandler:  /response/paymentMethod must be equal to one of the allowed values: CASH, CARD, ONLINE
2025-04-26T05:19:54.125Z error: ERROR::apiValidationHandler:  /response/paymentMethod must be equal to one of the allowed values: CASH, CARD, ONLINE
2025-04-26T05:20:05.995Z error: ERROR::apiValidationHandler:  /response/paymentMethod must be equal to one of the allowed values: CASH, CARD, ONLINE
2025-04-26T05:20:07.383Z error: ERROR::apiValidationHandler:  /response/paymentMethod must be equal to one of the allowed values: CASH, CARD, ONLINE
2025-04-26T05:20:08.755Z error: ERROR::apiValidationHandler:  /response/paymentMethod must be equal to one of the allowed values: CASH, CARD, ONLINE
2025-04-26T05:22:10.593Z error: ERROR::apiValidationHandler:  /response/paymentMethod must be equal to one of the allowed values: CASH, CARD, ONLINE
2025-04-26T05:22:12.791Z error: ERROR::apiValidationHandler:  /response/paymentMethod must be equal to one of the allowed values: CASH, CARD, ONLINE
2025-04-26T05:22:13.865Z error: ERROR::apiValidationHandler:  /response/paymentMethod must be equal to one of the allowed values: CASH, CARD, ONLINE
2025-04-26T05:22:53.312Z error: ERROR::apiValidationHandler:  /response/paymentStatus must be equal to one of the allowed values: PENDING, SUCCESS, FAILED
2025-04-26T05:22:54.842Z error: ERROR::apiValidationHandler:  /response/paymentStatus must be equal to one of the allowed values: PENDING, SUCCESS, FAILED
2025-04-26T05:22:56.194Z error: ERROR::apiValidationHandler:  /response/paymentStatus must be equal to one of the allowed values: PENDING, SUCCESS, FAILED
2025-04-26T07:25:12.057Z error: confirmOrder:: ValidationError: paymentMethod: `COD` is not a valid enum value for path `paymentMethod`.
2025-04-26T07:25:13.120Z error: confirmOrder:: ValidationError: paymentMethod: `COD` is not a valid enum value for path `paymentMethod`.
2025-04-26T07:25:14.206Z error: confirmOrder:: Price difference itentified: order: 600, existingOrder: 400
2025-04-26T07:25:40.478Z error: confirmOrder:: Allocate products process failed }
2025-04-26T07:25:41.577Z error: confirmOrder:: Allocate products process failed }
2025-04-26T07:25:42.688Z error: confirmOrder:: Allocate products process failed }
2025-04-26T07:37:42.778Z error: confirmOrder:: Allocate products process failed }
2025-04-26T07:37:43.933Z error: confirmOrder:: Allocate products process failed }
2025-04-26T07:37:45.036Z error: confirmOrder:: Allocate products process failed }
2025-04-26T07:38:17.265Z error: confirmOrder:: Allocate products process failed }
2025-04-26T07:38:18.371Z error: confirmOrder:: Allocate products process failed }
2025-04-26T07:38:19.522Z error: confirmOrder:: Allocate products process failed }
2025-04-26T08:38:24.736Z error: confirmOrder:: Order exist for orderId: 1745656088555
2025-04-26T08:38:26.152Z error: confirmOrder:: Order exist for orderId: 1745656088555
2025-04-26T08:38:27.359Z error: confirmOrder:: Order exist for orderId: 1745656088555
2025-04-26T08:42:57.101Z error: confirmOrder:: Order exist for orderId: 1745656088555
2025-04-26T08:42:58.513Z error: confirmOrder:: Order exist for orderId: 1745656088555
2025-04-26T08:42:59.741Z error: confirmOrder:: Order exist for orderId: 1745656088555
2025-04-26T08:43:43.734Z error: confirmOrder:: Order exist for orderId: 1745656034502
2025-04-26T08:43:44.971Z error: confirmOrder:: Order exist for orderId: 1745656034502
2025-04-26T08:43:46.291Z error: confirmOrder:: Order exist for orderId: 1745656034502
2025-04-26T08:46:54.246Z error: confirmOrder:: Order exist for orderId: 1745656034502
2025-04-26T08:46:55.319Z error: confirmOrder:: Order exist for orderId: 1745656034502
2025-04-26T08:46:56.452Z error: confirmOrder:: Order exist for orderId: 1745656034502
2025-04-26T08:51:43.155Z error: authorizeJWT:: User not authorized with role: user
2025-04-26T08:51:45.013Z error: authorizeJWT:: User not authorized with role: user
2025-04-26T08:51:46.324Z error: authorizeJWT:: User not authorized with role: user
2025-04-26T08:53:21.686Z error: authorizeJWT:: User not authorized with role: user
2025-04-26T08:53:23.076Z error: authorizeJWT:: User not authorized with role: user
2025-04-26T08:53:24.323Z error: authorizeJWT:: User not authorized with role: user
2025-04-26T09:20:18.891Z error: cancelOrder:: cancel process failed }
2025-04-26T09:20:20.477Z error: cancelOrder:: cancel process failed }
2025-04-26T09:20:21.980Z error: cancelOrder:: cancel process failed }
2025-04-26T10:18:31.517Z error: cancelOrder:: cancel process failed }
2025-04-26T10:18:33.081Z error: cancelOrder:: cancel process failed }
2025-04-26T10:18:34.478Z error: cancelOrder:: cancel process failed }
2025-04-26T10:22:04.932Z error: cancelOrder:: cancel process failed }
2025-04-26T10:22:06.348Z error: cancelOrder:: cancel process failed }
2025-04-26T10:22:07.633Z error: cancelOrder:: cancel process failed }
2025-04-26T10:25:01.759Z error: cancelOrder:: cancel process failed }
2025-04-26T10:25:03.153Z error: cancelOrder:: cancel process failed }
2025-04-26T10:25:04.594Z error: cancelOrder:: cancel process failed }
2025-04-26T17:25:37.349Z error: authenticateJWT:: No token provided
2025-04-26T17:25:37.404Z error: authenticateJWT:: No token provided
2025-04-26T17:25:38.422Z error: authenticateJWT:: No token provided
2025-04-26T17:25:38.476Z error: authenticateJWT:: No token provided
2025-04-26T17:25:39.434Z error: authenticateJWT:: No token provided
2025-04-26T17:25:39.484Z error: authenticateJWT:: No token provided
2025-04-26T17:25:41.448Z error: authenticateJWT:: No token provided
2025-04-26T17:25:41.489Z error: authenticateJWT:: No token provided
2025-04-26T17:25:42.460Z error: authenticateJWT:: No token provided
2025-04-26T17:25:42.494Z error: authenticateJWT:: No token provided
2025-04-26T17:25:43.471Z error: authenticateJWT:: No token provided
2025-04-26T17:25:43.500Z error: authenticateJWT:: No token provided
2025-04-26T17:25:45.486Z error: authenticateJWT:: No token provided
2025-04-26T17:25:45.505Z error: authenticateJWT:: No token provided
2025-04-26T17:25:46.496Z error: authenticateJWT:: No token provided
2025-04-26T17:25:46.513Z error: authenticateJWT:: No token provided
2025-04-26T17:25:47.504Z error: authenticateJWT:: No token provided
2025-04-26T17:25:47.520Z error: authenticateJWT:: No token provided
2025-04-26T17:25:49.518Z error: authenticateJWT:: No token provided
2025-04-26T17:25:49.526Z error: authenticateJWT:: No token provided
2025-04-26T17:25:50.527Z error: authenticateJWT:: No token provided
2025-04-26T17:25:50.532Z error: authenticateJWT:: No token provided
2025-04-26T17:25:51.537Z error: authenticateJWT:: No token provided
2025-04-26T17:25:51.542Z error: authenticateJWT:: No token provided
2025-04-26T17:26:26.541Z error: authenticateJWT:: No token provided
2025-04-26T17:26:26.591Z error: authenticateJWT:: No token provided
2025-04-26T17:26:28.392Z error: authenticateJWT:: No token provided
2025-04-26T17:26:28.397Z error: authenticateJWT:: No token provided
2025-04-26T17:26:30.335Z error: authenticateJWT:: No token provided
2025-04-26T17:26:30.445Z error: authenticateJWT:: No token provided
2025-04-26T17:26:30.509Z error: authenticateJWT:: No token provided
2025-04-26T17:26:30.512Z error: authenticateJWT:: No token provided
2025-04-26T17:26:32.394Z error: authenticateJWT:: No token provided
2025-04-26T17:26:32.397Z error: authenticateJWT:: No token provided
2025-04-26T17:26:33.395Z error: authenticateJWT:: No token provided
2025-04-26T17:26:33.400Z error: authenticateJWT:: No token provided
2025-04-26T17:26:34.388Z error: authenticateJWT:: No token provided
2025-04-26T17:26:34.392Z error: authenticateJWT:: No token provided
2025-04-26T17:26:35.387Z error: authenticateJWT:: No token provided
2025-04-26T17:26:35.390Z error: authenticateJWT:: No token provided
2025-04-26T17:26:37.158Z error: authenticateJWT:: No token provided
2025-04-26T17:26:37.217Z error: authenticateJWT:: No token provided
2025-04-26T17:26:37.389Z error: authenticateJWT:: No token provided
2025-04-26T17:26:37.392Z error: authenticateJWT:: No token provided
2025-04-26T17:26:37.395Z error: authenticateJWT:: No token provided
2025-04-26T17:26:37.398Z error: authenticateJWT:: No token provided
2025-04-26T17:26:38.392Z error: authenticateJWT:: No token provided
2025-04-26T17:26:38.396Z error: authenticateJWT:: No token provided
2025-04-26T17:26:39.398Z error: authenticateJWT:: No token provided
2025-04-26T17:26:39.403Z error: authenticateJWT:: No token provided
2025-04-26T17:26:40.389Z error: authenticateJWT:: No token provided
2025-04-26T17:26:40.395Z error: authenticateJWT:: No token provided
2025-04-26T17:26:40.403Z error: authenticateJWT:: No token provided
2025-04-26T17:26:40.407Z error: authenticateJWT:: No token provided
2025-04-26T17:26:44.437Z error: authenticateJWT:: No token provided
2025-04-26T17:26:44.454Z error: authenticateJWT:: No token provided
2025-04-26T17:26:45.469Z error: authenticateJWT:: No token provided
2025-04-26T17:26:45.524Z error: authenticateJWT:: No token provided
2025-04-26T17:26:46.478Z error: authenticateJWT:: No token provided
2025-04-26T17:26:46.530Z error: authenticateJWT:: No token provided
2025-04-26T17:26:48.492Z error: authenticateJWT:: No token provided
2025-04-26T17:26:48.544Z error: authenticateJWT:: No token provided
2025-04-26T17:26:49.503Z error: authenticateJWT:: No token provided
2025-04-26T17:26:49.556Z error: authenticateJWT:: No token provided
2025-04-26T17:26:50.510Z error: authenticateJWT:: No token provided
2025-04-26T17:26:50.563Z error: authenticateJWT:: No token provided
2025-04-26T17:26:52.524Z error: authenticateJWT:: No token provided
2025-04-26T17:26:52.568Z error: authenticateJWT:: No token provided
2025-04-26T17:26:53.531Z error: authenticateJWT:: No token provided
2025-04-26T17:26:53.573Z error: authenticateJWT:: No token provided
2025-04-26T17:26:54.541Z error: authenticateJWT:: No token provided
2025-04-26T17:26:54.579Z error: authenticateJWT:: No token provided
2025-04-26T17:26:56.554Z error: authenticateJWT:: No token provided
2025-04-26T17:26:56.585Z error: authenticateJWT:: No token provided
2025-04-26T17:26:57.563Z error: authenticateJWT:: No token provided
2025-04-26T17:26:57.591Z error: authenticateJWT:: No token provided
2025-04-26T17:26:58.572Z error: authenticateJWT:: No token provided
2025-04-26T17:26:58.596Z error: authenticateJWT:: No token provided
2025-04-26T17:27:11.137Z error: authenticateJWT:: No token provided
2025-04-26T17:27:11.204Z error: authenticateJWT:: No token provided
2025-04-26T17:27:12.200Z error: authenticateJWT:: No token provided
2025-04-26T17:27:12.258Z error: authenticateJWT:: No token provided
2025-04-26T17:27:13.212Z error: authenticateJWT:: No token provided
2025-04-26T17:27:13.263Z error: authenticateJWT:: No token provided
2025-04-26T17:27:15.402Z error: authenticateJWT:: No token provided
2025-04-26T17:27:15.405Z error: authenticateJWT:: No token provided
2025-04-26T17:27:17.393Z error: authenticateJWT:: No token provided
2025-04-26T17:27:17.398Z error: authenticateJWT:: No token provided
2025-04-26T17:27:19.387Z error: authenticateJWT:: No token provided
2025-04-26T17:27:19.389Z error: authenticateJWT:: No token provided
2025-04-26T17:27:22.394Z error: authenticateJWT:: No token provided
2025-04-26T17:27:22.397Z error: authenticateJWT:: No token provided
2025-04-26T17:27:24.391Z error: authenticateJWT:: No token provided
2025-04-26T17:27:24.396Z error: authenticateJWT:: No token provided
2025-04-26T17:27:26.391Z error: authenticateJWT:: No token provided
2025-04-26T17:27:26.396Z error: authenticateJWT:: No token provided
2025-04-26T17:27:29.397Z error: authenticateJWT:: No token provided
2025-04-26T17:27:29.399Z error: authenticateJWT:: No token provided
2025-04-26T17:27:31.390Z error: authenticateJWT:: No token provided
2025-04-26T17:27:31.394Z error: authenticateJWT:: No token provided
2025-04-26T17:27:33.387Z error: authenticateJWT:: No token provided
2025-04-26T17:27:33.389Z error: authenticateJWT:: No token provided
2025-04-26T17:28:05.889Z error: authenticateJWT:: No token provided
2025-04-26T17:28:05.953Z error: authenticateJWT:: No token provided
2025-04-26T17:28:07.393Z error: authenticateJWT:: No token provided
2025-04-26T17:28:07.397Z error: authenticateJWT:: No token provided
2025-04-26T17:28:09.442Z error: authenticateJWT:: No token provided
2025-04-26T17:28:09.561Z error: authenticateJWT:: No token provided
2025-04-26T17:28:09.604Z error: authenticateJWT:: No token provided
2025-04-26T17:28:09.607Z error: authenticateJWT:: No token provided
2025-04-26T17:28:10.876Z error: authenticateJWT:: No token provided
2025-04-26T17:28:11.003Z error: authenticateJWT:: No token provided
2025-04-26T17:28:11.289Z error: authenticateJWT:: No token provided
2025-04-26T17:28:11.385Z error: authenticateJWT:: No token provided
2025-04-26T17:28:11.433Z error: authenticateJWT:: No token provided
2025-04-26T17:28:11.435Z error: authenticateJWT:: No token provided
2025-04-26T17:28:12.400Z error: authenticateJWT:: No token provided
2025-04-26T17:28:12.402Z error: authenticateJWT:: No token provided
2025-04-26T17:28:12.408Z error: authenticateJWT:: No token provided
2025-04-26T17:28:12.411Z error: authenticateJWT:: No token provided
2025-04-26T17:28:13.391Z error: authenticateJWT:: No token provided
2025-04-26T17:28:13.394Z error: authenticateJWT:: No token provided
2025-04-26T17:28:13.399Z error: authenticateJWT:: No token provided
2025-04-26T17:28:13.403Z error: authenticateJWT:: No token provided
2025-04-26T17:28:14.116Z error: authenticateJWT:: No token provided
2025-04-26T17:28:14.128Z error: authenticateJWT:: No token provided
2025-04-26T17:28:14.133Z error: authenticateJWT:: No token provided
2025-04-26T17:28:14.142Z error: authenticateJWT:: No token provided
2025-04-26T17:28:14.397Z error: authenticateJWT:: No token provided
2025-04-26T17:28:14.401Z error: authenticateJWT:: No token provided
2025-04-26T17:28:15.147Z error: authenticateJWT:: No token provided
2025-04-26T17:28:15.153Z error: authenticateJWT:: No token provided
2025-04-26T17:28:15.406Z error: authenticateJWT:: No token provided
2025-04-26T17:28:15.413Z error: authenticateJWT:: No token provided
2025-04-26T17:28:16.131Z error: authenticateJWT:: No token provided
2025-04-26T17:28:16.139Z error: authenticateJWT:: No token provided
2025-04-26T17:28:16.402Z error: authenticateJWT:: No token provided
2025-04-26T17:28:16.406Z error: authenticateJWT:: No token provided
2025-04-26T17:28:16.413Z error: authenticateJWT:: No token provided
2025-04-26T17:28:16.421Z error: authenticateJWT:: No token provided
2025-04-26T17:28:18.164Z error: authenticateJWT:: No token provided
2025-04-26T17:28:18.179Z error: authenticateJWT:: No token provided
2025-04-26T17:28:19.195Z error: authenticateJWT:: No token provided
2025-04-26T17:28:19.259Z error: authenticateJWT:: No token provided
2025-04-26T17:28:20.206Z error: authenticateJWT:: No token provided
2025-04-26T17:28:20.267Z error: authenticateJWT:: No token provided
2025-04-26T17:28:22.218Z error: authenticateJWT:: No token provided
2025-04-26T17:28:22.275Z error: authenticateJWT:: No token provided
2025-04-26T17:28:23.224Z error: authenticateJWT:: No token provided
2025-04-26T17:28:23.281Z error: authenticateJWT:: No token provided
2025-04-26T17:28:24.231Z error: authenticateJWT:: No token provided
2025-04-26T17:28:24.287Z error: authenticateJWT:: No token provided
2025-04-26T17:28:26.243Z error: authenticateJWT:: No token provided
2025-04-26T17:28:26.292Z error: authenticateJWT:: No token provided
2025-04-26T17:28:27.253Z error: authenticateJWT:: No token provided
2025-04-26T17:28:27.297Z error: authenticateJWT:: No token provided
2025-04-26T17:28:28.262Z error: authenticateJWT:: No token provided
2025-04-26T17:28:28.303Z error: authenticateJWT:: No token provided
2025-04-26T17:28:30.399Z error: authenticateJWT:: No token provided
2025-04-26T17:28:30.403Z error: authenticateJWT:: No token provided
2025-04-26T17:28:32.391Z error: authenticateJWT:: No token provided
2025-04-26T17:28:32.396Z error: authenticateJWT:: No token provided
2025-04-26T17:28:33.450Z error: authenticateJWT:: No token provided
2025-04-26T17:28:33.456Z error: authenticateJWT:: No token provided
2025-04-26T17:28:34.881Z error: authenticateJWT:: No token provided
2025-04-26T17:28:34.925Z error: authenticateJWT:: No token provided
2025-04-26T17:28:35.928Z error: authenticateJWT:: No token provided
2025-04-26T17:28:35.947Z error: authenticateJWT:: No token provided
2025-04-26T17:28:36.935Z error: authenticateJWT:: No token provided
2025-04-26T17:28:36.954Z error: authenticateJWT:: No token provided
2025-04-26T17:28:38.950Z error: authenticateJWT:: No token provided
2025-04-26T17:28:38.962Z error: authenticateJWT:: No token provided
2025-04-26T17:28:39.960Z error: authenticateJWT:: No token provided
2025-04-26T17:28:39.969Z error: authenticateJWT:: No token provided
2025-04-26T17:28:40.971Z error: authenticateJWT:: No token provided
2025-04-26T17:28:40.977Z error: authenticateJWT:: No token provided
2025-04-26T17:28:42.991Z error: authenticateJWT:: No token provided
2025-04-26T17:28:42.995Z error: authenticateJWT:: No token provided
2025-04-26T17:28:44.000Z error: authenticateJWT:: No token provided
2025-04-26T17:28:44.004Z error: authenticateJWT:: No token provided
2025-04-26T17:28:45.388Z error: authenticateJWT:: No token provided
2025-04-26T17:28:45.390Z error: authenticateJWT:: No token provided
2025-04-26T17:28:48.397Z error: authenticateJWT:: No token provided
2025-04-26T17:28:48.400Z error: authenticateJWT:: No token provided
2025-04-26T17:28:50.393Z error: authenticateJWT:: No token provided
2025-04-26T17:28:50.399Z error: authenticateJWT:: No token provided
2025-04-26T17:28:52.389Z error: authenticateJWT:: No token provided
2025-04-26T17:28:52.393Z error: authenticateJWT:: No token provided
2025-04-26T17:29:51.121Z error: authenticateJWT:: No token provided
2025-04-26T17:29:51.194Z error: authenticateJWT:: No token provided
2025-04-26T17:29:52.387Z error: authenticateJWT:: No token provided
2025-04-26T17:29:52.390Z error: authenticateJWT:: No token provided
2025-04-26T17:29:53.368Z error: authenticateJWT:: No token provided
2025-04-26T17:29:53.540Z error: authenticateJWT:: No token provided
2025-04-26T17:29:53.597Z error: authenticateJWT:: No token provided
2025-04-26T17:29:53.600Z error: authenticateJWT:: No token provided
2025-04-26T17:29:55.392Z error: authenticateJWT:: No token provided
2025-04-26T17:29:55.397Z error: authenticateJWT:: No token provided
2025-04-26T17:29:56.390Z error: authenticateJWT:: No token provided
2025-04-26T17:29:56.393Z error: authenticateJWT:: No token provided
2025-04-26T17:29:56.639Z error: authenticateJWT:: No token provided
2025-04-26T17:29:56.729Z error: authenticateJWT:: No token provided
2025-04-26T17:29:57.392Z error: authenticateJWT:: No token provided
2025-04-26T17:29:57.396Z error: authenticateJWT:: No token provided
2025-04-26T17:29:58.393Z error: authenticateJWT:: No token provided
2025-04-26T17:29:58.396Z error: authenticateJWT:: No token provided
2025-04-26T17:29:58.399Z error: authenticateJWT:: No token provided
2025-04-26T17:29:58.403Z error: authenticateJWT:: No token provided
2025-04-26T17:29:59.398Z error: authenticateJWT:: No token provided
2025-04-26T17:29:59.477Z error: authenticateJWT:: No token provided
2025-04-26T17:29:59.529Z error: authenticateJWT:: No token provided
2025-04-26T17:29:59.532Z error: authenticateJWT:: No token provided
2025-04-26T17:29:59.533Z error: authenticateJWT:: No token provided
2025-04-26T17:29:59.536Z error: authenticateJWT:: No token provided
2025-04-26T17:29:59.537Z error: authenticateJWT:: No token provided
2025-04-26T17:29:59.539Z error: authenticateJWT:: No token provided
2025-04-26T17:30:00.530Z error: authenticateJWT:: No token provided
2025-04-26T17:30:00.532Z error: authenticateJWT:: No token provided
2025-04-26T17:30:00.614Z error: authenticateJWT:: No token provided
2025-04-26T17:30:00.616Z error: authenticateJWT:: No token provided
2025-04-26T17:30:01.536Z error: authenticateJWT:: No token provided
2025-04-26T17:30:01.538Z error: authenticateJWT:: No token provided
2025-04-26T17:30:01.620Z error: authenticateJWT:: No token provided
2025-04-26T17:30:01.621Z error: authenticateJWT:: No token provided
2025-04-26T17:30:01.623Z error: authenticateJWT:: No token provided
2025-04-26T17:30:01.624Z error: authenticateJWT:: No token provided
2025-04-26T17:30:01.626Z error: authenticateJWT:: No token provided
2025-04-26T17:30:01.629Z error: authenticateJWT:: No token provided
2025-04-26T17:30:03.309Z error: authenticateJWT:: No token provided
2025-04-26T17:30:03.339Z error: authenticateJWT:: No token provided
2025-04-26T17:30:04.362Z error: authenticateJWT:: No token provided
2025-04-26T17:30:04.430Z error: authenticateJWT:: No token provided
2025-04-26T17:30:05.372Z error: authenticateJWT:: No token provided
2025-04-26T17:30:05.436Z error: authenticateJWT:: No token provided
2025-04-26T17:30:07.386Z error: authenticateJWT:: No token provided
2025-04-26T17:30:07.444Z error: authenticateJWT:: No token provided
2025-04-26T17:30:08.397Z error: authenticateJWT:: No token provided
2025-04-26T17:30:08.452Z error: authenticateJWT:: No token provided
2025-04-26T17:30:09.408Z error: authenticateJWT:: No token provided
2025-04-26T17:30:09.461Z error: authenticateJWT:: No token provided
2025-04-26T17:30:11.425Z error: authenticateJWT:: No token provided
2025-04-26T17:30:11.471Z error: authenticateJWT:: No token provided
2025-04-26T17:30:12.435Z error: authenticateJWT:: No token provided
2025-04-26T17:30:12.477Z error: authenticateJWT:: No token provided
2025-04-26T17:30:13.444Z error: authenticateJWT:: No token provided
2025-04-26T17:30:13.482Z error: authenticateJWT:: No token provided
2025-04-26T17:30:15.460Z error: authenticateJWT:: No token provided
2025-04-26T17:30:15.488Z error: authenticateJWT:: No token provided
2025-04-26T17:30:16.468Z error: authenticateJWT:: No token provided
2025-04-26T17:30:16.494Z error: authenticateJWT:: No token provided
2025-04-26T17:30:17.478Z error: authenticateJWT:: No token provided
2025-04-26T17:30:17.499Z error: authenticateJWT:: No token provided
2025-04-26T17:32:50.766Z error: authenticateJWT:: No token provided
2025-04-26T17:32:50.788Z error: authenticateJWT:: No token provided
2025-04-26T17:32:51.816Z error: authenticateJWT:: No token provided
2025-04-26T17:32:51.886Z error: authenticateJWT:: No token provided
2025-04-26T17:32:52.827Z error: authenticateJWT:: No token provided
2025-04-26T17:32:52.894Z error: authenticateJWT:: No token provided
2025-04-26T17:32:54.843Z error: authenticateJWT:: No token provided
2025-04-26T17:32:54.903Z error: authenticateJWT:: No token provided
2025-04-26T17:32:55.855Z error: authenticateJWT:: No token provided
2025-04-26T17:32:55.909Z error: authenticateJWT:: No token provided
2025-04-26T17:32:56.865Z error: authenticateJWT:: No token provided
2025-04-26T17:32:56.914Z error: authenticateJWT:: No token provided
2025-04-26T17:32:59.393Z error: authenticateJWT:: No token provided
2025-04-26T17:32:59.396Z error: authenticateJWT:: No token provided
2025-04-26T17:33:01.391Z error: authenticateJWT:: No token provided
2025-04-26T17:33:01.396Z error: authenticateJWT:: No token provided
2025-04-26T17:33:03.393Z error: authenticateJWT:: No token provided
2025-04-26T17:33:03.398Z error: authenticateJWT:: No token provided
2025-04-26T17:33:06.397Z error: authenticateJWT:: No token provided
2025-04-26T17:33:06.400Z error: authenticateJWT:: No token provided
2025-04-26T17:33:08.393Z error: authenticateJWT:: No token provided
2025-04-26T17:33:08.398Z error: authenticateJWT:: No token provided
2025-04-26T17:33:10.391Z error: authenticateJWT:: No token provided
2025-04-26T17:33:10.395Z error: authenticateJWT:: No token provided
2025-04-26T17:33:55.666Z error: authenticateJWT:: No token provided
2025-04-26T17:33:55.695Z error: authenticateJWT:: No token provided
2025-04-26T17:33:55.889Z error: authenticateJWT:: No token provided
2025-04-26T17:33:55.972Z error: authenticateJWT:: No token provided
2025-04-26T17:33:57.391Z error: authenticateJWT:: No token provided
2025-04-26T17:33:57.395Z error: authenticateJWT:: No token provided
2025-04-26T17:33:57.398Z error: authenticateJWT:: No token provided
2025-04-26T17:33:57.403Z error: authenticateJWT:: No token provided
2025-04-26T17:33:59.393Z error: authenticateJWT:: No token provided
2025-04-26T17:33:59.396Z error: authenticateJWT:: No token provided
2025-04-26T17:33:59.398Z error: authenticateJWT:: No token provided
2025-04-26T17:33:59.399Z error: authenticateJWT:: No token provided
2025-04-26T17:34:02.393Z error: authenticateJWT:: No token provided
2025-04-26T17:34:02.396Z error: authenticateJWT:: No token provided
2025-04-26T17:34:02.398Z error: authenticateJWT:: No token provided
2025-04-26T17:34:02.401Z error: authenticateJWT:: No token provided
2025-04-26T17:34:04.391Z error: authenticateJWT:: No token provided
2025-04-26T17:34:04.395Z error: authenticateJWT:: No token provided
2025-04-26T17:34:04.399Z error: authenticateJWT:: No token provided
2025-04-26T17:34:04.403Z error: authenticateJWT:: No token provided
2025-04-26T17:34:06.389Z error: authenticateJWT:: No token provided
2025-04-26T17:34:06.392Z error: authenticateJWT:: No token provided
2025-04-26T17:34:06.396Z error: authenticateJWT:: No token provided
2025-04-26T17:34:06.399Z error: authenticateJWT:: No token provided
2025-04-26T17:34:09.400Z error: authenticateJWT:: No token provided
2025-04-26T17:34:09.404Z error: authenticateJWT:: No token provided
2025-04-26T17:34:09.407Z error: authenticateJWT:: No token provided
2025-04-26T17:34:09.411Z error: authenticateJWT:: No token provided
2025-04-26T17:34:11.386Z error: authenticateJWT:: No token provided
2025-04-26T17:34:11.388Z error: authenticateJWT:: No token provided
2025-04-26T17:34:11.390Z error: authenticateJWT:: No token provided
2025-04-26T17:34:11.391Z error: authenticateJWT:: No token provided
2025-04-26T17:34:13.390Z error: authenticateJWT:: No token provided
2025-04-26T17:34:13.396Z error: authenticateJWT:: No token provided
2025-04-26T17:34:13.403Z error: authenticateJWT:: No token provided
2025-04-26T17:34:13.410Z error: authenticateJWT:: No token provided
2025-04-26T17:34:14.848Z error: authenticateJWT:: No token provided
2025-04-26T17:34:14.897Z error: authenticateJWT:: No token provided
2025-04-26T17:34:16.399Z error: authenticateJWT:: No token provided
2025-04-26T17:34:16.400Z error: authenticateJWT:: No token provided
2025-04-26T17:34:16.402Z error: authenticateJWT:: No token provided
2025-04-26T17:34:16.403Z error: authenticateJWT:: No token provided
2025-04-26T17:34:16.408Z error: authenticateJWT:: No token provided
2025-04-26T17:34:16.410Z error: authenticateJWT:: No token provided
2025-04-26T17:34:17.318Z error: authenticateJWT:: No token provided
2025-04-26T17:34:17.388Z error: authenticateJWT:: No token provided
2025-04-26T17:34:17.495Z error: authenticateJWT:: No token provided
2025-04-26T17:34:17.497Z error: authenticateJWT:: No token provided
2025-04-26T17:34:17.499Z error: authenticateJWT:: No token provided
2025-04-26T17:34:17.500Z error: authenticateJWT:: No token provided
2025-04-26T17:34:17.502Z error: authenticateJWT:: No token provided
2025-04-26T17:34:17.505Z error: authenticateJWT:: No token provided
2025-04-26T17:34:19.391Z error: authenticateJWT:: No token provided
2025-04-26T17:34:19.393Z error: authenticateJWT:: No token provided
2025-04-26T17:34:19.396Z error: authenticateJWT:: No token provided
2025-04-26T17:34:19.397Z error: authenticateJWT:: No token provided
2025-04-26T17:34:19.400Z error: authenticateJWT:: No token provided
2025-04-26T17:34:19.402Z error: authenticateJWT:: No token provided
2025-04-26T17:34:20.394Z error: authenticateJWT:: No token provided
2025-04-26T17:34:20.397Z error: authenticateJWT:: No token provided
2025-04-26T17:34:21.396Z error: authenticateJWT:: No token provided
2025-04-26T17:34:21.404Z error: authenticateJWT:: No token provided
2025-04-26T17:34:22.389Z error: authenticateJWT:: No token provided
2025-04-26T17:34:22.393Z error: authenticateJWT:: No token provided
2025-04-26T17:34:24.390Z error: authenticateJWT:: No token provided
2025-04-26T17:34:24.394Z error: authenticateJWT:: No token provided
2025-04-26T17:34:24.396Z error: authenticateJWT:: No token provided
2025-04-26T17:34:24.399Z error: authenticateJWT:: No token provided
2025-04-26T17:34:26.398Z error: authenticateJWT:: No token provided
2025-04-26T17:34:26.403Z error: authenticateJWT:: No token provided
2025-04-26T17:34:27.396Z error: authenticateJWT:: No token provided
2025-04-26T17:34:27.401Z error: authenticateJWT:: No token provided
2025-04-26T17:34:28.335Z error: authenticateJWT:: No token provided
2025-04-26T17:34:28.517Z error: authenticateJWT:: No token provided
2025-04-26T17:34:28.586Z error: authenticateJWT:: No token provided
2025-04-26T17:34:28.589Z error: authenticateJWT:: No token provided
2025-04-26T17:34:28.648Z error: authenticateJWT:: No token provided
2025-04-26T17:34:28.651Z error: authenticateJWT:: No token provided
2025-04-26T17:34:30.390Z error: authenticateJWT:: No token provided
2025-04-26T17:34:30.392Z error: authenticateJWT:: No token provided
2025-04-26T17:34:30.393Z error: authenticateJWT:: No token provided
2025-04-26T17:34:30.396Z error: authenticateJWT:: No token provided
2025-04-26T17:34:30.653Z error: authenticateJWT:: No token provided
2025-04-26T17:34:30.656Z error: authenticateJWT:: No token provided
2025-04-26T17:34:31.397Z error: authenticateJWT:: No token provided
2025-04-26T17:34:31.408Z error: authenticateJWT:: No token provided
2025-04-26T17:34:31.659Z error: authenticateJWT:: No token provided
2025-04-26T17:34:31.661Z error: authenticateJWT:: No token provided
2025-04-26T17:34:32.400Z error: authenticateJWT:: No token provided
2025-04-26T17:34:32.404Z error: authenticateJWT:: No token provided
2025-04-26T17:34:34.059Z error: authenticateJWT:: No token provided
2025-04-26T17:34:34.098Z error: authenticateJWT:: No token provided
2025-04-26T17:34:35.133Z error: authenticateJWT:: No token provided
2025-04-26T17:34:35.185Z error: authenticateJWT:: No token provided
2025-04-26T17:34:36.143Z error: authenticateJWT:: No token provided
2025-04-26T17:34:36.191Z error: authenticateJWT:: No token provided
2025-04-26T17:34:38.159Z error: authenticateJWT:: No token provided
2025-04-26T17:34:38.195Z error: authenticateJWT:: No token provided
2025-04-26T17:34:39.169Z error: authenticateJWT:: No token provided
2025-04-26T17:34:39.201Z error: authenticateJWT:: No token provided
2025-04-26T17:34:40.179Z error: authenticateJWT:: No token provided
2025-04-26T17:34:40.208Z error: authenticateJWT:: No token provided
2025-04-26T17:34:42.816Z error: authenticateJWT:: No token provided
2025-04-26T17:34:42.855Z error: authenticateJWT:: No token provided
2025-04-26T17:34:43.873Z error: authenticateJWT:: No token provided
2025-04-26T17:34:43.925Z error: authenticateJWT:: No token provided
2025-04-26T17:34:44.885Z error: authenticateJWT:: No token provided
2025-04-26T17:34:44.931Z error: authenticateJWT:: No token provided
2025-04-26T17:34:46.901Z error: authenticateJWT:: No token provided
2025-04-26T17:34:46.936Z error: authenticateJWT:: No token provided
2025-04-26T17:34:47.910Z error: authenticateJWT:: No token provided
2025-04-26T17:34:47.941Z error: authenticateJWT:: No token provided
2025-04-26T17:34:48.920Z error: authenticateJWT:: No token provided
2025-04-26T17:34:48.947Z error: authenticateJWT:: No token provided
2025-04-26T17:34:50.931Z error: authenticateJWT:: No token provided
2025-04-26T17:34:50.952Z error: authenticateJWT:: No token provided
2025-04-26T17:34:51.940Z error: authenticateJWT:: No token provided
2025-04-26T17:34:51.957Z error: authenticateJWT:: No token provided
2025-04-26T17:34:52.950Z error: authenticateJWT:: No token provided
2025-04-26T17:34:52.975Z error: authenticateJWT:: No token provided
2025-04-26T17:34:55.457Z error: authenticateJWT:: No token provided
2025-04-26T17:34:55.471Z error: authenticateJWT:: No token provided
2025-04-26T17:34:56.549Z error: authenticateJWT:: No token provided
2025-04-26T17:34:56.558Z error: authenticateJWT:: No token provided
2025-04-26T17:34:57.564Z error: authenticateJWT:: No token provided
2025-04-26T17:34:57.574Z error: authenticateJWT:: No token provided
2025-04-26T17:34:59.579Z error: authenticateJWT:: No token provided
2025-04-26T17:34:59.588Z error: authenticateJWT:: No token provided
2025-04-26T17:35:00.588Z error: authenticateJWT:: No token provided
2025-04-26T17:35:00.595Z error: authenticateJWT:: No token provided
2025-04-26T17:35:01.596Z error: authenticateJWT:: No token provided
2025-04-26T17:35:01.602Z error: authenticateJWT:: No token provided
2025-04-26T17:35:03.610Z error: authenticateJWT:: No token provided
2025-04-26T17:35:03.614Z error: authenticateJWT:: No token provided
2025-04-26T17:35:04.620Z error: authenticateJWT:: No token provided
2025-04-26T17:35:04.626Z error: authenticateJWT:: No token provided
2025-04-26T17:35:05.632Z error: authenticateJWT:: No token provided
2025-04-26T17:35:05.636Z error: authenticateJWT:: No token provided
2025-04-26T17:35:07.648Z error: authenticateJWT:: No token provided
2025-04-26T17:35:07.653Z error: authenticateJWT:: No token provided
2025-04-26T17:35:08.658Z error: authenticateJWT:: No token provided
2025-04-26T17:35:08.662Z error: authenticateJWT:: No token provided
2025-04-26T17:35:09.667Z error: authenticateJWT:: No token provided
2025-04-26T17:35:09.675Z error: authenticateJWT:: No token provided
2025-04-26T17:36:44.682Z error: authenticateJWT:: No token provided
2025-04-26T17:36:44.721Z error: authenticateJWT:: No token provided
2025-04-26T17:36:44.785Z error: authenticateJWT:: No token provided
2025-04-26T17:36:46.669Z error: authenticateJWT:: No token provided
2025-04-26T17:36:46.702Z error: authenticateJWT:: No token provided
2025-04-26T17:36:46.806Z error: authenticateJWT:: No token provided
2025-04-26T17:36:47.717Z error: authenticateJWT:: No token provided
2025-04-26T17:36:47.819Z error: authenticateJWT:: No token provided
2025-04-26T17:36:47.823Z error: authenticateJWT:: No token provided
2025-04-26T17:36:48.727Z error: authenticateJWT:: No token provided
2025-04-26T17:36:48.829Z error: authenticateJWT:: No token provided
2025-04-26T17:36:48.835Z error: authenticateJWT:: No token provided
2025-04-26T17:36:50.744Z error: authenticateJWT:: No token provided
2025-04-26T17:36:50.840Z error: authenticateJWT:: No token provided
2025-04-26T17:36:50.846Z error: authenticateJWT:: No token provided
2025-04-26T17:36:51.753Z error: authenticateJWT:: No token provided
2025-04-26T17:36:51.846Z error: authenticateJWT:: No token provided
2025-04-26T17:36:51.853Z error: authenticateJWT:: No token provided
2025-04-26T17:36:52.763Z error: authenticateJWT:: No token provided
2025-04-26T17:36:52.852Z error: authenticateJWT:: No token provided
2025-04-26T17:36:52.860Z error: authenticateJWT:: No token provided
2025-04-26T17:36:54.777Z error: authenticateJWT:: No token provided
2025-04-26T17:36:54.862Z error: authenticateJWT:: No token provided
2025-04-26T17:36:54.868Z error: authenticateJWT:: No token provided
2025-04-26T17:36:55.788Z error: authenticateJWT:: No token provided
2025-04-26T17:36:55.868Z error: authenticateJWT:: No token provided
2025-04-26T17:36:55.875Z error: authenticateJWT:: No token provided
2025-04-26T17:36:56.801Z error: authenticateJWT:: No token provided
2025-04-26T17:36:56.876Z error: authenticateJWT:: No token provided
2025-04-26T17:36:56.885Z error: authenticateJWT:: No token provided
2025-04-26T17:36:58.817Z error: authenticateJWT:: No token provided
2025-04-26T17:36:58.884Z error: authenticateJWT:: No token provided
2025-04-26T17:36:58.892Z error: authenticateJWT:: No token provided
2025-04-26T17:36:59.823Z error: authenticateJWT:: No token provided
2025-04-26T17:36:59.890Z error: authenticateJWT:: No token provided
2025-04-26T17:36:59.899Z error: authenticateJWT:: No token provided
2025-04-26T17:37:00.833Z error: authenticateJWT:: No token provided
2025-04-26T17:37:00.896Z error: authenticateJWT:: No token provided
2025-04-26T17:37:00.905Z error: authenticateJWT:: No token provided
2025-04-26T17:38:50.079Z error: authenticateJWT:: No token provided
2025-04-26T17:38:50.103Z error: authenticateJWT:: No token provided
2025-04-26T17:38:50.441Z error: authenticateJWT:: No token provided
2025-04-26T17:38:50.513Z error: authenticateJWT:: No token provided
2025-04-26T17:38:51.163Z error: authenticateJWT:: No token provided
2025-04-26T17:38:51.169Z error: authenticateJWT:: No token provided
2025-04-26T17:38:51.551Z error: authenticateJWT:: No token provided
2025-04-26T17:38:51.581Z error: authenticateJWT:: No token provided
2025-04-26T17:38:52.171Z error: authenticateJWT:: No token provided
2025-04-26T17:38:52.177Z error: authenticateJWT:: No token provided
2025-04-26T17:38:52.558Z error: authenticateJWT:: No token provided
2025-04-26T17:38:52.587Z error: authenticateJWT:: No token provided
2025-04-26T17:38:54.181Z error: authenticateJWT:: No token provided
2025-04-26T17:38:54.184Z error: authenticateJWT:: No token provided
2025-04-26T17:38:54.398Z error: authenticateJWT:: No token provided
2025-04-26T17:38:54.440Z error: authenticateJWT:: No token provided
2025-04-26T17:38:54.570Z error: authenticateJWT:: No token provided
2025-04-26T17:38:54.660Z error: authenticateJWT:: No token provided
2025-04-26T17:38:54.708Z error: authenticateJWT:: No token provided
2025-04-26T17:38:54.735Z error: authenticateJWT:: No token provided
2025-04-26T17:38:55.192Z error: authenticateJWT:: No token provided
2025-04-26T17:38:55.197Z error: authenticateJWT:: No token provided
2025-04-26T17:38:55.466Z error: authenticateJWT:: No token provided
2025-04-26T17:38:55.470Z error: authenticateJWT:: No token provided
2025-04-26T17:38:55.734Z error: authenticateJWT:: No token provided
2025-04-26T17:38:55.739Z error: authenticateJWT:: No token provided
2025-04-26T17:38:55.753Z error: authenticateJWT:: No token provided
2025-04-26T17:38:55.842Z error: authenticateJWT:: No token provided
2025-04-26T17:38:56.200Z error: authenticateJWT:: No token provided
2025-04-26T17:38:56.204Z error: authenticateJWT:: No token provided
2025-04-26T17:38:56.477Z error: authenticateJWT:: No token provided
2025-04-26T17:38:56.482Z error: authenticateJWT:: No token provided
2025-04-26T17:38:56.742Z error: authenticateJWT:: No token provided
2025-04-26T17:38:56.747Z error: authenticateJWT:: No token provided
2025-04-26T17:38:56.758Z error: authenticateJWT:: No token provided
2025-04-26T17:38:56.847Z error: authenticateJWT:: No token provided
2025-04-26T17:38:58.212Z error: authenticateJWT:: No token provided
2025-04-26T17:38:58.216Z error: authenticateJWT:: No token provided
2025-04-26T17:38:58.484Z error: authenticateJWT:: No token provided
2025-04-26T17:38:58.487Z error: authenticateJWT:: No token provided
2025-04-26T17:38:58.750Z error: authenticateJWT:: No token provided
2025-04-26T17:38:58.753Z error: authenticateJWT:: No token provided
2025-04-26T17:38:58.763Z error: authenticateJWT:: No token provided
2025-04-26T17:38:58.852Z error: authenticateJWT:: No token provided
2025-04-26T17:38:59.224Z error: authenticateJWT:: No token provided
2025-04-26T17:38:59.228Z error: authenticateJWT:: No token provided
2025-04-26T17:38:59.501Z error: authenticateJWT:: No token provided
2025-04-26T17:38:59.504Z error: authenticateJWT:: No token provided
2025-04-26T17:38:59.761Z error: authenticateJWT:: No token provided
2025-04-26T17:38:59.763Z error: authenticateJWT:: No token provided
2025-04-26T17:38:59.773Z error: authenticateJWT:: No token provided
2025-04-26T17:38:59.858Z error: authenticateJWT:: No token provided
2025-04-26T17:39:00.233Z error: authenticateJWT:: No token provided
2025-04-26T17:39:00.238Z error: authenticateJWT:: No token provided
2025-04-26T17:39:00.510Z error: authenticateJWT:: No token provided
2025-04-26T17:39:00.515Z error: authenticateJWT:: No token provided
2025-04-26T17:39:00.777Z error: authenticateJWT:: No token provided
2025-04-26T17:39:00.780Z error: authenticateJWT:: No token provided
2025-04-26T17:39:00.785Z error: authenticateJWT:: No token provided
2025-04-26T17:39:00.863Z error: authenticateJWT:: No token provided
2025-04-26T17:39:02.252Z error: authenticateJWT:: No token provided
2025-04-26T17:39:02.256Z error: authenticateJWT:: No token provided
2025-04-26T17:39:02.518Z error: authenticateJWT:: No token provided
2025-04-26T17:39:02.522Z error: authenticateJWT:: No token provided
2025-04-26T17:39:02.785Z error: authenticateJWT:: No token provided
2025-04-26T17:39:02.788Z error: authenticateJWT:: No token provided
2025-04-26T17:39:02.792Z error: authenticateJWT:: No token provided
2025-04-26T17:39:02.867Z error: authenticateJWT:: No token provided
2025-04-26T17:39:03.260Z error: authenticateJWT:: No token provided
2025-04-26T17:39:03.266Z error: authenticateJWT:: No token provided
2025-04-26T17:39:03.527Z error: authenticateJWT:: No token provided
2025-04-26T17:39:03.529Z error: authenticateJWT:: No token provided
2025-04-26T17:39:03.791Z error: authenticateJWT:: No token provided
2025-04-26T17:39:03.794Z error: authenticateJWT:: No token provided
2025-04-26T17:39:03.800Z error: authenticateJWT:: No token provided
2025-04-26T17:39:03.871Z error: authenticateJWT:: No token provided
2025-04-26T17:39:04.271Z error: authenticateJWT:: No token provided
2025-04-26T17:39:04.275Z error: authenticateJWT:: No token provided
2025-04-26T17:39:04.532Z error: authenticateJWT:: No token provided
2025-04-26T17:39:04.534Z error: authenticateJWT:: No token provided
2025-04-26T17:39:04.798Z error: authenticateJWT:: No token provided
2025-04-26T17:39:04.804Z error: authenticateJWT:: No token provided
2025-04-26T17:39:04.808Z error: authenticateJWT:: No token provided
2025-04-26T17:39:04.876Z error: authenticateJWT:: No token provided
2025-04-26T17:39:06.540Z error: authenticateJWT:: No token provided
2025-04-26T17:39:06.544Z error: authenticateJWT:: No token provided
2025-04-26T17:39:06.811Z error: authenticateJWT:: No token provided
2025-04-26T17:39:06.814Z error: authenticateJWT:: No token provided
2025-04-26T17:39:07.557Z error: authenticateJWT:: No token provided
2025-04-26T17:39:07.561Z error: authenticateJWT:: No token provided
2025-04-26T17:39:07.817Z error: authenticateJWT:: No token provided
2025-04-26T17:39:07.820Z error: authenticateJWT:: No token provided
2025-04-26T17:39:08.568Z error: authenticateJWT:: No token provided
2025-04-26T17:39:08.570Z error: authenticateJWT:: No token provided
2025-04-26T17:39:08.822Z error: authenticateJWT:: No token provided
2025-04-26T17:39:08.825Z error: authenticateJWT:: No token provided
2025-04-26T17:39:34.229Z error: authenticateJWT:: No token provided
2025-04-26T17:39:34.301Z error: authenticateJWT:: No token provided
2025-04-26T17:39:34.411Z error: authenticateJWT:: No token provided
2025-04-26T17:39:34.735Z error: authenticateJWT:: No token provided
2025-04-26T17:39:34.790Z error: authenticateJWT:: No token provided
2025-04-26T17:39:35.332Z error: authenticateJWT:: No token provided
2025-04-26T17:39:35.337Z error: authenticateJWT:: No token provided
2025-04-26T17:39:35.420Z error: authenticateJWT:: No token provided
2025-04-26T17:39:35.799Z error: authenticateJWT:: No token provided
2025-04-26T17:39:35.833Z error: authenticateJWT:: No token provided
2025-04-26T17:39:36.342Z error: authenticateJWT:: No token provided
2025-04-26T17:39:36.349Z error: authenticateJWT:: No token provided
2025-04-26T17:39:36.428Z error: authenticateJWT:: No token provided
2025-04-26T17:39:36.806Z error: authenticateJWT:: No token provided
2025-04-26T17:39:36.837Z error: authenticateJWT:: No token provided
2025-04-26T17:39:38.393Z error: authenticateJWT:: No token provided
2025-04-26T17:39:38.397Z error: authenticateJWT:: No token provided
2025-04-26T17:39:38.434Z error: authenticateJWT:: No token provided
2025-04-26T17:39:38.818Z error: authenticateJWT:: No token provided
2025-04-26T17:39:42.936Z error: authenticateJWT:: No token provided
2025-04-26T17:39:42.968Z error: authenticateJWT:: No token provided
2025-04-26T17:39:43.060Z error: authenticateJWT:: No token provided
2025-04-26T17:39:43.983Z error: authenticateJWT:: No token provided
2025-04-26T17:39:44.065Z error: authenticateJWT:: No token provided
2025-04-26T17:39:44.074Z error: authenticateJWT:: No token provided
2025-04-26T17:39:44.989Z error: authenticateJWT:: No token provided
2025-04-26T17:39:45.070Z error: authenticateJWT:: No token provided
2025-04-26T17:39:45.079Z error: authenticateJWT:: No token provided
2025-04-26T17:39:46.997Z error: authenticateJWT:: No token provided
2025-04-26T17:39:47.074Z error: authenticateJWT:: No token provided
2025-04-26T17:39:47.084Z error: authenticateJWT:: No token provided
2025-04-26T17:39:48.006Z error: authenticateJWT:: No token provided
2025-04-26T17:39:48.082Z error: authenticateJWT:: No token provided
2025-04-26T17:39:48.091Z error: authenticateJWT:: No token provided
2025-04-26T17:39:49.016Z error: authenticateJWT:: No token provided
2025-04-26T17:39:49.088Z error: authenticateJWT:: No token provided
2025-04-26T17:39:49.097Z error: authenticateJWT:: No token provided
2025-04-26T17:39:51.028Z error: authenticateJWT:: No token provided
2025-04-26T17:39:51.094Z error: authenticateJWT:: No token provided
2025-04-26T17:39:51.103Z error: authenticateJWT:: No token provided
2025-04-26T17:39:52.037Z error: authenticateJWT:: No token provided
2025-04-26T17:39:52.101Z error: authenticateJWT:: No token provided
2025-04-26T17:39:52.111Z error: authenticateJWT:: No token provided
2025-04-26T17:39:53.048Z error: authenticateJWT:: No token provided
2025-04-26T17:39:53.109Z error: authenticateJWT:: No token provided
2025-04-26T17:39:53.119Z error: authenticateJWT:: No token provided
2025-04-26T17:39:55.063Z error: authenticateJWT:: No token provided
2025-04-26T17:39:55.127Z error: authenticateJWT:: No token provided
2025-04-26T17:39:55.130Z error: authenticateJWT:: No token provided
2025-04-26T17:39:56.071Z error: authenticateJWT:: No token provided
2025-04-26T17:39:56.138Z error: authenticateJWT:: No token provided
2025-04-26T17:39:56.142Z error: authenticateJWT:: No token provided
2025-04-26T17:39:57.082Z error: authenticateJWT:: No token provided
2025-04-26T17:39:57.145Z error: authenticateJWT:: No token provided
2025-04-26T17:39:57.151Z error: authenticateJWT:: No token provided
2025-04-26T17:40:30.879Z error: authenticateJWT:: No token provided
2025-04-26T17:40:30.944Z error: authenticateJWT:: No token provided
2025-04-26T17:40:32.002Z error: authenticateJWT:: No token provided
2025-04-26T17:40:32.015Z error: authenticateJWT:: No token provided
2025-04-26T17:40:33.011Z error: authenticateJWT:: No token provided
2025-04-26T17:40:33.022Z error: authenticateJWT:: No token provided
2025-04-26T17:40:34.477Z error: authenticateJWT:: No token provided
2025-04-26T17:40:34.583Z error: authenticateJWT:: No token provided
2025-04-26T17:40:35.028Z error: authenticateJWT:: No token provided
2025-04-26T17:40:35.034Z error: authenticateJWT:: No token provided
2025-04-26T17:40:35.702Z error: authenticateJWT:: No token provided
2025-04-26T17:40:35.706Z error: authenticateJWT:: No token provided
2025-04-26T17:40:36.043Z error: authenticateJWT:: No token provided
2025-04-26T17:40:36.050Z error: authenticateJWT:: No token provided
2025-04-26T17:40:36.713Z error: authenticateJWT:: No token provided
2025-04-26T17:40:36.715Z error: authenticateJWT:: No token provided
2025-04-26T17:40:37.056Z error: authenticateJWT:: No token provided
2025-04-26T17:40:37.060Z error: authenticateJWT:: No token provided
2025-04-26T17:40:38.720Z error: authenticateJWT:: No token provided
2025-04-26T17:40:38.724Z error: authenticateJWT:: No token provided
2025-04-26T17:40:39.073Z error: authenticateJWT:: No token provided
2025-04-26T17:40:39.077Z error: authenticateJWT:: No token provided
2025-04-26T17:40:39.728Z error: authenticateJWT:: No token provided
2025-04-26T17:40:39.731Z error: authenticateJWT:: No token provided
2025-04-26T17:40:40.084Z error: authenticateJWT:: No token provided
2025-04-26T17:40:40.089Z error: authenticateJWT:: No token provided
2025-04-26T17:40:40.734Z error: authenticateJWT:: No token provided
2025-04-26T17:40:40.736Z error: authenticateJWT:: No token provided
2025-04-26T17:40:41.095Z error: authenticateJWT:: No token provided
2025-04-26T17:40:41.099Z error: authenticateJWT:: No token provided
2025-04-26T17:40:41.994Z error: authenticateJWT:: No token provided
2025-04-26T17:40:42.075Z error: authenticateJWT:: No token provided
2025-04-26T17:40:42.743Z error: authenticateJWT:: No token provided
2025-04-26T17:40:42.748Z error: authenticateJWT:: No token provided
2025-04-26T17:40:43.114Z error: authenticateJWT:: No token provided
2025-04-26T17:40:43.118Z error: authenticateJWT:: No token provided
2025-04-26T17:40:43.123Z error: authenticateJWT:: No token provided
2025-04-26T17:40:43.169Z error: authenticateJWT:: No token provided
2025-04-26T17:40:43.753Z error: authenticateJWT:: No token provided
2025-04-26T17:40:43.757Z error: authenticateJWT:: No token provided
2025-04-26T17:40:44.120Z error: authenticateJWT:: No token provided
2025-04-26T17:40:44.127Z error: authenticateJWT:: No token provided
2025-04-26T17:40:44.128Z error: authenticateJWT:: No token provided
2025-04-26T17:40:44.176Z error: authenticateJWT:: No token provided
2025-04-26T17:40:44.770Z error: authenticateJWT:: No token provided
2025-04-26T17:40:44.774Z error: authenticateJWT:: No token provided
2025-04-26T17:40:45.130Z error: authenticateJWT:: No token provided
2025-04-26T17:40:45.136Z error: authenticateJWT:: No token provided
2025-04-26T17:40:46.140Z error: authenticateJWT:: No token provided
2025-04-26T17:40:46.181Z error: authenticateJWT:: No token provided
2025-04-26T17:40:46.782Z error: authenticateJWT:: No token provided
2025-04-26T17:40:46.786Z error: authenticateJWT:: No token provided
2025-04-26T17:40:47.149Z error: authenticateJWT:: No token provided
2025-04-26T17:40:47.185Z error: authenticateJWT:: No token provided
2025-04-26T17:40:47.791Z error: authenticateJWT:: No token provided
2025-04-26T17:40:47.795Z error: authenticateJWT:: No token provided
2025-04-26T17:40:48.158Z error: authenticateJWT:: No token provided
2025-04-26T17:40:48.190Z error: authenticateJWT:: No token provided
2025-04-26T17:40:48.804Z error: authenticateJWT:: No token provided
2025-04-26T17:40:48.808Z error: authenticateJWT:: No token provided
2025-04-26T17:40:51.575Z error: authenticateJWT:: No token provided
2025-04-26T17:40:51.578Z error: authenticateJWT:: No token provided
2025-04-26T17:40:51.665Z error: authenticateJWT:: No token provided
2025-04-26T17:40:52.682Z error: authenticateJWT:: No token provided
2025-04-26T17:40:52.687Z error: authenticateJWT:: No token provided
2025-04-26T17:40:52.691Z error: authenticateJWT:: No token provided
2025-04-26T17:40:53.694Z error: authenticateJWT:: No token provided
2025-04-26T17:40:53.700Z error: authenticateJWT:: No token provided
2025-04-26T17:40:53.706Z error: authenticateJWT:: No token provided
2025-04-26T17:40:55.711Z error: authenticateJWT:: No token provided
2025-04-26T17:40:55.716Z error: authenticateJWT:: No token provided
2025-04-26T17:40:55.719Z error: authenticateJWT:: No token provided
2025-04-26T17:40:56.721Z error: authenticateJWT:: No token provided
2025-04-26T17:40:56.725Z error: authenticateJWT:: No token provided
2025-04-26T17:40:56.730Z error: authenticateJWT:: No token provided
2025-04-26T17:40:57.730Z error: authenticateJWT:: No token provided
2025-04-26T17:40:57.734Z error: authenticateJWT:: No token provided
2025-04-26T17:40:57.738Z error: authenticateJWT:: No token provided
2025-04-26T17:40:59.745Z error: authenticateJWT:: No token provided
2025-04-26T17:40:59.750Z error: authenticateJWT:: No token provided
2025-04-26T17:40:59.754Z error: authenticateJWT:: No token provided
2025-04-26T17:41:00.758Z error: authenticateJWT:: No token provided
2025-04-26T17:41:00.764Z error: authenticateJWT:: No token provided
2025-04-26T17:41:00.767Z error: authenticateJWT:: No token provided
2025-04-26T17:41:01.769Z error: authenticateJWT:: No token provided
2025-04-26T17:41:01.776Z error: authenticateJWT:: No token provided
2025-04-26T17:41:01.780Z error: authenticateJWT:: No token provided
2025-04-26T17:41:03.785Z error: authenticateJWT:: No token provided
2025-04-26T17:41:03.789Z error: authenticateJWT:: No token provided
2025-04-26T17:41:03.792Z error: authenticateJWT:: No token provided
2025-04-26T17:41:04.794Z error: authenticateJWT:: No token provided
2025-04-26T17:41:04.799Z error: authenticateJWT:: No token provided
2025-04-26T17:41:04.802Z error: authenticateJWT:: No token provided
2025-04-26T17:41:05.804Z error: authenticateJWT:: No token provided
2025-04-26T17:41:05.808Z error: authenticateJWT:: No token provided
2025-04-26T17:41:05.815Z error: authenticateJWT:: No token provided
2025-04-26T17:41:33.234Z error: authenticateJWT:: No token provided
2025-04-26T17:41:33.266Z error: authenticateJWT:: No token provided
2025-04-26T17:41:34.332Z error: authenticateJWT:: No token provided
2025-04-26T17:41:34.333Z error: authenticateJWT:: No token provided
2025-04-26T17:41:35.340Z error: authenticateJWT:: No token provided
2025-04-26T17:41:35.344Z error: authenticateJWT:: No token provided
2025-04-26T17:41:37.354Z error: authenticateJWT:: No token provided
2025-04-26T17:41:37.358Z error: authenticateJWT:: No token provided
2025-04-26T17:41:38.137Z error: authenticateJWT:: No token provided
2025-04-26T17:41:38.164Z error: authenticateJWT:: No token provided
2025-04-26T17:41:38.360Z error: authenticateJWT:: No token provided
2025-04-26T17:41:38.366Z error: authenticateJWT:: No token provided
2025-04-26T17:41:39.212Z error: authenticateJWT:: No token provided
2025-04-26T17:41:39.216Z error: authenticateJWT:: No token provided
2025-04-26T17:41:39.367Z error: authenticateJWT:: No token provided
2025-04-26T17:41:39.374Z error: authenticateJWT:: No token provided
2025-04-26T17:41:40.219Z error: authenticateJWT:: No token provided
2025-04-26T17:41:40.226Z error: authenticateJWT:: No token provided
2025-04-26T17:41:41.386Z error: authenticateJWT:: No token provided
2025-04-26T17:41:41.391Z error: authenticateJWT:: No token provided
2025-04-26T17:41:42.230Z error: authenticateJWT:: No token provided
2025-04-26T17:41:42.239Z error: authenticateJWT:: No token provided
2025-04-26T17:41:42.394Z error: authenticateJWT:: No token provided
2025-04-26T17:41:42.397Z error: authenticateJWT:: No token provided
2025-04-26T17:41:43.248Z error: authenticateJWT:: No token provided
2025-04-26T17:41:43.260Z error: authenticateJWT:: No token provided
2025-04-26T17:41:43.359Z error: authenticateJWT:: No token provided
2025-04-26T17:41:43.418Z error: authenticateJWT:: No token provided
2025-04-26T17:41:43.484Z error: authenticateJWT:: No token provided
2025-04-26T17:41:43.486Z error: authenticateJWT:: No token provided
2025-04-26T17:41:44.257Z error: authenticateJWT:: No token provided
2025-04-26T17:41:44.267Z error: authenticateJWT:: No token provided
2025-04-26T17:41:44.473Z error: authenticateJWT:: No token provided
2025-04-26T17:41:44.483Z error: authenticateJWT:: No token provided
2025-04-26T17:41:45.483Z error: authenticateJWT:: No token provided
2025-04-26T17:41:45.491Z error: authenticateJWT:: No token provided
2025-04-26T17:41:45.501Z error: authenticateJWT:: No token provided
2025-04-26T17:41:45.504Z error: authenticateJWT:: No token provided
2025-04-26T17:41:46.267Z error: authenticateJWT:: No token provided
2025-04-26T17:41:46.277Z error: authenticateJWT:: No token provided
2025-04-26T17:41:46.507Z error: authenticateJWT:: No token provided
2025-04-26T17:41:46.512Z error: authenticateJWT:: No token provided
2025-04-26T17:41:47.324Z error: authenticateJWT:: No token provided
2025-04-26T17:41:47.373Z error: authenticateJWT:: No token provided
2025-04-26T17:41:47.422Z error: authenticateJWT:: No token provided
2025-04-26T17:41:47.425Z error: authenticateJWT:: No token provided
2025-04-26T17:41:47.492Z error: authenticateJWT:: No token provided
2025-04-26T17:41:47.499Z error: authenticateJWT:: No token provided
2025-04-26T17:41:47.513Z error: authenticateJWT:: No token provided
2025-04-26T17:41:47.518Z error: authenticateJWT:: No token provided
2025-04-26T17:41:48.418Z error: authenticateJWT:: No token provided
2025-04-26T17:41:48.423Z error: authenticateJWT:: No token provided
2025-04-26T17:41:48.435Z error: authenticateJWT:: No token provided
2025-04-26T17:41:48.437Z error: authenticateJWT:: No token provided
2025-04-26T17:41:48.499Z error: authenticateJWT:: No token provided
2025-04-26T17:41:48.503Z error: authenticateJWT:: No token provided
2025-04-26T17:41:49.428Z error: authenticateJWT:: No token provided
2025-04-26T17:41:49.435Z error: authenticateJWT:: No token provided
2025-04-26T17:41:49.504Z error: authenticateJWT:: No token provided
2025-04-26T17:41:49.508Z error: authenticateJWT:: No token provided
2025-04-26T17:41:50.442Z error: authenticateJWT:: No token provided
2025-04-26T17:41:50.445Z error: authenticateJWT:: No token provided
2025-04-26T17:41:51.440Z error: authenticateJWT:: No token provided
2025-04-26T17:41:51.445Z error: authenticateJWT:: No token provided
2025-04-26T17:41:51.459Z error: authenticateJWT:: No token provided
2025-04-26T17:41:51.463Z error: authenticateJWT:: No token provided
2025-04-26T17:41:51.509Z error: authenticateJWT:: No token provided
2025-04-26T17:41:51.512Z error: authenticateJWT:: No token provided
2025-04-26T17:41:52.449Z error: authenticateJWT:: No token provided
2025-04-26T17:41:52.456Z error: authenticateJWT:: No token provided
2025-04-26T17:41:52.466Z error: authenticateJWT:: No token provided
2025-04-26T17:41:52.470Z error: authenticateJWT:: No token provided
2025-04-26T17:41:52.516Z error: authenticateJWT:: No token provided
2025-04-26T17:41:52.519Z error: authenticateJWT:: No token provided
2025-04-26T17:41:53.459Z error: authenticateJWT:: No token provided
2025-04-26T17:41:53.466Z error: authenticateJWT:: No token provided
2025-04-26T17:41:53.521Z error: authenticateJWT:: No token provided
2025-04-26T17:41:53.524Z error: authenticateJWT:: No token provided
2025-04-26T17:41:55.471Z error: authenticateJWT:: No token provided
2025-04-26T17:41:55.477Z error: authenticateJWT:: No token provided
2025-04-26T17:41:55.526Z error: authenticateJWT:: No token provided
2025-04-26T17:41:55.529Z error: authenticateJWT:: No token provided
2025-04-26T17:41:56.482Z error: authenticateJWT:: No token provided
2025-04-26T17:41:56.487Z error: authenticateJWT:: No token provided
2025-04-26T17:41:56.535Z error: authenticateJWT:: No token provided
2025-04-26T17:41:56.536Z error: authenticateJWT:: No token provided
2025-04-26T17:41:57.493Z error: authenticateJWT:: No token provided
2025-04-26T17:41:57.499Z error: authenticateJWT:: No token provided
2025-04-26T17:41:57.539Z error: authenticateJWT:: No token provided
2025-04-26T17:41:57.541Z error: authenticateJWT:: No token provided
2025-04-26T17:41:59.502Z error: authenticateJWT:: No token provided
2025-04-26T17:41:59.506Z error: authenticateJWT:: No token provided
2025-04-26T17:42:00.510Z error: authenticateJWT:: No token provided
2025-04-26T17:42:00.514Z error: authenticateJWT:: No token provided
2025-04-26T17:42:01.517Z error: authenticateJWT:: No token provided
2025-04-26T17:42:01.521Z error: authenticateJWT:: No token provided
2025-04-26T17:42:01.783Z error: authenticateJWT:: No token provided
2025-04-26T17:42:01.858Z error: authenticateJWT:: No token provided
2025-04-26T17:42:02.901Z error: authenticateJWT:: No token provided
2025-04-26T17:42:02.905Z error: authenticateJWT:: No token provided
2025-04-26T17:42:03.910Z error: authenticateJWT:: No token provided
2025-04-26T17:42:03.916Z error: authenticateJWT:: No token provided
2025-04-26T17:42:05.923Z error: authenticateJWT:: No token provided
2025-04-26T17:42:05.926Z error: authenticateJWT:: No token provided
2025-04-26T17:42:06.938Z error: authenticateJWT:: No token provided
2025-04-26T17:42:06.947Z error: authenticateJWT:: No token provided
2025-04-26T17:42:07.953Z error: authenticateJWT:: No token provided
2025-04-26T17:42:07.958Z error: authenticateJWT:: No token provided
2025-04-26T17:42:09.970Z error: authenticateJWT:: No token provided
2025-04-26T17:42:09.975Z error: authenticateJWT:: No token provided
2025-04-26T17:42:10.980Z error: authenticateJWT:: No token provided
2025-04-26T17:42:10.984Z error: authenticateJWT:: No token provided
2025-04-26T17:42:11.989Z error: authenticateJWT:: No token provided
2025-04-26T17:42:11.994Z error: authenticateJWT:: No token provided
2025-04-26T17:42:31.036Z error: authenticateJWT:: No token provided
2025-04-26T17:42:31.070Z error: authenticateJWT:: No token provided
2025-04-26T17:42:31.136Z error: authenticateJWT:: No token provided
2025-04-26T17:42:32.083Z error: authenticateJWT:: No token provided
2025-04-26T17:42:32.146Z error: authenticateJWT:: No token provided
2025-04-26T17:42:32.151Z error: authenticateJWT:: No token provided
2025-04-26T17:42:33.093Z error: authenticateJWT:: No token provided
2025-04-26T17:42:33.153Z error: authenticateJWT:: No token provided
2025-04-26T17:42:33.158Z error: authenticateJWT:: No token provided
2025-04-26T17:42:35.110Z error: authenticateJWT:: No token provided
2025-04-26T17:42:35.161Z error: authenticateJWT:: No token provided
2025-04-26T17:42:35.164Z error: authenticateJWT:: No token provided
2025-04-26T17:42:36.389Z error: authenticateJWT:: No token provided
2025-04-26T17:42:36.393Z error: authenticateJWT:: No token provided
2025-04-26T17:42:36.397Z error: authenticateJWT:: No token provided
2025-04-26T17:42:38.390Z error: authenticateJWT:: No token provided
2025-04-26T17:42:38.394Z error: authenticateJWT:: No token provided
2025-04-26T17:42:38.398Z error: authenticateJWT:: No token provided
2025-04-26T17:43:00.522Z error: authenticateJWT:: No token provided
2025-04-26T17:43:00.575Z error: authenticateJWT:: No token provided
2025-04-26T17:43:00.692Z error: authenticateJWT:: No token provided
2025-04-26T17:43:02.438Z error: authenticateJWT:: No token provided
2025-04-26T17:43:02.548Z error: authenticateJWT:: No token provided
2025-04-26T17:43:03.390Z error: authenticateJWT:: No token provided
2025-04-26T17:43:03.394Z error: authenticateJWT:: No token provided
2025-04-26T17:43:03.399Z error: authenticateJWT:: No token provided
2025-04-26T17:43:04.388Z error: authenticateJWT:: No token provided
2025-04-26T17:43:04.395Z error: authenticateJWT:: No token provided
2025-04-26T17:43:05.388Z error: authenticateJWT:: No token provided
2025-04-26T17:43:05.391Z error: authenticateJWT:: No token provided
2025-04-26T17:43:05.394Z error: authenticateJWT:: No token provided
2025-04-26T17:43:06.393Z error: authenticateJWT:: No token provided
2025-04-26T17:43:06.397Z error: authenticateJWT:: No token provided
2025-04-26T17:43:08.393Z error: authenticateJWT:: No token provided
2025-04-26T17:43:08.400Z error: authenticateJWT:: No token provided
2025-04-26T17:43:08.404Z error: authenticateJWT:: No token provided
2025-04-26T17:43:09.389Z error: authenticateJWT:: No token provided
2025-04-26T17:43:09.395Z error: authenticateJWT:: No token provided
2025-04-26T17:43:10.393Z error: authenticateJWT:: No token provided
2025-04-26T17:43:10.399Z error: authenticateJWT:: No token provided
2025-04-26T17:43:10.404Z error: authenticateJWT:: No token provided
2025-04-26T17:43:11.391Z error: authenticateJWT:: No token provided
2025-04-26T17:43:11.397Z error: authenticateJWT:: No token provided
2025-04-26T17:43:12.390Z error: authenticateJWT:: No token provided
2025-04-26T17:43:12.394Z error: authenticateJWT:: No token provided
2025-04-26T17:43:12.398Z error: authenticateJWT:: No token provided
2025-04-26T17:43:13.390Z error: authenticateJWT:: No token provided
2025-04-26T17:43:13.394Z error: authenticateJWT:: No token provided
2025-04-26T17:43:15.398Z error: authenticateJWT:: No token provided
2025-04-26T17:43:15.400Z error: authenticateJWT:: No token provided
2025-04-26T17:43:15.403Z error: authenticateJWT:: No token provided
2025-04-26T17:43:16.258Z error: authenticateJWT:: No token provided
2025-04-26T17:43:16.262Z error: authenticateJWT:: No token provided
2025-04-26T17:43:16.319Z error: authenticateJWT:: No token provided
2025-04-26T17:43:16.322Z error: authenticateJWT:: No token provided
2025-04-26T17:43:16.393Z error: authenticateJWT:: No token provided
2025-04-26T17:43:16.395Z error: authenticateJWT:: No token provided
2025-04-26T17:43:16.537Z error: authenticateJWT:: No token provided
2025-04-26T17:43:16.541Z error: authenticateJWT:: No token provided
2025-04-26T17:43:16.633Z error: authenticateJWT:: No token provided
2025-04-26T17:43:16.636Z error: authenticateJWT:: No token provided
2025-04-26T17:43:17.393Z error: authenticateJWT:: No token provided
2025-04-26T17:43:17.399Z error: authenticateJWT:: No token provided
2025-04-26T17:43:17.402Z error: authenticateJWT:: No token provided
2025-04-26T17:43:17.406Z error: authenticateJWT:: No token provided
2025-04-26T17:43:17.412Z error: authenticateJWT:: No token provided
2025-04-26T17:43:17.418Z error: authenticateJWT:: No token provided
2025-04-26T17:43:17.424Z error: authenticateJWT:: No token provided
2025-04-26T17:43:18.393Z error: authenticateJWT:: No token provided
2025-04-26T17:43:18.395Z error: authenticateJWT:: No token provided
2025-04-26T17:43:18.403Z error: authenticateJWT:: No token provided
2025-04-26T17:43:18.405Z error: authenticateJWT:: No token provided
2025-04-26T17:43:18.411Z error: authenticateJWT:: No token provided
2025-04-26T17:43:18.416Z error: authenticateJWT:: No token provided
2025-04-26T17:43:19.391Z error: authenticateJWT:: No token provided
2025-04-26T17:43:19.392Z error: authenticateJWT:: No token provided
2025-04-26T17:43:19.397Z error: authenticateJWT:: No token provided
2025-04-26T17:43:19.401Z error: authenticateJWT:: No token provided
2025-04-26T17:43:19.403Z error: authenticateJWT:: No token provided
2025-04-26T17:43:19.408Z error: authenticateJWT:: No token provided
2025-04-26T17:43:19.412Z error: authenticateJWT:: No token provided
2025-04-26T17:43:20.392Z error: authenticateJWT:: No token provided
2025-04-26T17:43:20.395Z error: authenticateJWT:: No token provided
2025-04-26T17:43:20.397Z error: authenticateJWT:: No token provided
2025-04-26T17:43:20.399Z error: authenticateJWT:: No token provided
2025-04-26T17:43:20.404Z error: authenticateJWT:: No token provided
2025-04-26T17:43:20.408Z error: authenticateJWT:: No token provided
2025-04-26T17:43:22.418Z error: authenticateJWT:: No token provided
2025-04-26T17:43:22.423Z error: authenticateJWT:: No token provided
2025-04-26T17:43:22.423Z error: authenticateJWT:: No token provided
2025-04-26T17:43:22.425Z error: authenticateJWT:: No token provided
2025-04-26T17:43:22.426Z error: authenticateJWT:: No token provided
2025-04-26T17:43:22.426Z error: authenticateJWT:: No token provided
2025-04-26T17:43:22.428Z error: authenticateJWT:: No token provided
2025-04-26T17:43:23.390Z error: authenticateJWT:: No token provided
2025-04-26T17:43:23.392Z error: authenticateJWT:: No token provided
2025-04-26T17:43:23.395Z error: authenticateJWT:: No token provided
2025-04-26T17:43:23.397Z error: authenticateJWT:: No token provided
2025-04-26T17:43:23.401Z error: authenticateJWT:: No token provided
2025-04-26T17:43:23.404Z error: authenticateJWT:: No token provided
2025-04-26T17:43:24.391Z error: authenticateJWT:: No token provided
2025-04-26T17:43:24.394Z error: authenticateJWT:: No token provided
2025-04-26T17:43:24.396Z error: authenticateJWT:: No token provided
2025-04-26T17:43:24.399Z error: authenticateJWT:: No token provided
2025-04-26T17:43:24.402Z error: authenticateJWT:: No token provided
2025-04-26T17:43:24.409Z error: authenticateJWT:: No token provided
2025-04-26T17:43:24.412Z error: authenticateJWT:: No token provided
2025-04-26T17:43:25.393Z error: authenticateJWT:: No token provided
2025-04-26T17:43:25.394Z error: authenticateJWT:: No token provided
2025-04-26T17:43:25.398Z error: authenticateJWT:: No token provided
2025-04-26T17:43:25.400Z error: authenticateJWT:: No token provided
2025-04-26T17:43:25.404Z error: authenticateJWT:: No token provided
2025-04-26T17:43:25.409Z error: authenticateJWT:: No token provided
2025-04-26T17:43:26.389Z error: authenticateJWT:: No token provided
2025-04-26T17:43:26.391Z error: authenticateJWT:: No token provided
2025-04-26T17:43:26.394Z error: authenticateJWT:: No token provided
2025-04-26T17:43:26.398Z error: authenticateJWT:: No token provided
2025-04-26T17:43:26.400Z error: authenticateJWT:: No token provided
2025-04-26T17:43:26.402Z error: authenticateJWT:: No token provided
2025-04-26T17:43:26.405Z error: authenticateJWT:: No token provided
2025-04-26T17:43:27.391Z error: authenticateJWT:: No token provided
2025-04-26T17:43:27.393Z error: authenticateJWT:: No token provided
2025-04-26T17:43:27.398Z error: authenticateJWT:: No token provided
2025-04-26T17:43:27.399Z error: authenticateJWT:: No token provided
2025-04-26T17:43:27.405Z error: authenticateJWT:: No token provided
2025-04-26T17:43:27.411Z error: authenticateJWT:: No token provided
2025-04-26T17:43:29.406Z error: authenticateJWT:: No token provided
2025-04-26T17:43:29.414Z error: authenticateJWT:: No token provided
2025-04-26T17:43:29.422Z error: authenticateJWT:: No token provided
2025-04-26T17:43:29.428Z error: authenticateJWT:: No token provided
2025-04-26T17:43:30.393Z error: authenticateJWT:: No token provided
2025-04-26T17:43:30.398Z error: authenticateJWT:: No token provided
2025-04-26T17:43:30.402Z error: authenticateJWT:: No token provided
2025-04-26T17:43:30.407Z error: authenticateJWT:: No token provided
2025-04-26T17:43:31.390Z error: authenticateJWT:: No token provided
2025-04-26T17:43:31.394Z error: authenticateJWT:: No token provided
2025-04-26T17:43:31.396Z error: authenticateJWT:: No token provided
2025-04-26T17:43:31.398Z error: authenticateJWT:: No token provided
2025-04-26T17:43:32.389Z error: authenticateJWT:: No token provided
2025-04-26T17:43:32.394Z error: authenticateJWT:: No token provided
2025-04-26T17:43:32.398Z error: authenticateJWT:: No token provided
2025-04-26T17:43:32.401Z error: authenticateJWT:: No token provided
2025-04-26T17:43:33.394Z error: authenticateJWT:: No token provided
2025-04-26T17:43:33.399Z error: authenticateJWT:: No token provided
2025-04-26T17:43:33.403Z error: authenticateJWT:: No token provided
2025-04-26T17:43:33.407Z error: authenticateJWT:: No token provided
2025-04-26T17:43:34.394Z error: authenticateJWT:: No token provided
2025-04-26T17:43:34.398Z error: authenticateJWT:: No token provided
2025-04-26T17:43:34.401Z error: authenticateJWT:: No token provided
2025-04-26T17:43:34.405Z error: authenticateJWT:: No token provided
2025-04-26T17:43:36.394Z error: authenticateJWT:: No token provided
2025-04-26T17:43:36.395Z error: authenticateJWT:: No token provided
2025-04-26T17:43:36.397Z error: authenticateJWT:: No token provided
2025-04-26T17:43:36.398Z error: authenticateJWT:: No token provided
2025-04-26T17:43:37.389Z error: authenticateJWT:: No token provided
2025-04-26T17:43:37.394Z error: authenticateJWT:: No token provided
2025-04-26T17:43:37.397Z error: authenticateJWT:: No token provided
2025-04-26T17:43:37.400Z error: authenticateJWT:: No token provided
2025-04-26T17:43:38.389Z error: authenticateJWT:: No token provided
2025-04-26T17:43:38.398Z error: authenticateJWT:: No token provided
2025-04-26T17:43:38.405Z error: authenticateJWT:: No token provided
2025-04-26T17:43:38.412Z error: authenticateJWT:: No token provided
2025-04-26T17:43:39.388Z error: authenticateJWT:: No token provided
2025-04-26T17:43:39.391Z error: authenticateJWT:: No token provided
2025-04-26T17:43:39.394Z error: authenticateJWT:: No token provided
2025-04-26T17:43:39.397Z error: authenticateJWT:: No token provided
2025-04-26T17:43:39.761Z error: authenticateJWT:: No token provided
2025-04-26T17:43:39.879Z error: authenticateJWT:: No token provided
2025-04-26T17:43:40.392Z error: authenticateJWT:: No token provided
2025-04-26T17:43:40.396Z error: authenticateJWT:: No token provided
2025-04-26T17:43:40.401Z error: authenticateJWT:: No token provided
2025-04-26T17:43:40.407Z error: authenticateJWT:: No token provided
2025-04-26T17:43:41.387Z error: authenticateJWT:: No token provided
2025-04-26T17:43:41.390Z error: authenticateJWT:: No token provided
2025-04-26T17:43:41.391Z error: authenticateJWT:: No token provided
2025-04-26T17:43:41.392Z error: authenticateJWT:: No token provided
2025-04-26T17:43:41.394Z error: authenticateJWT:: No token provided
2025-04-26T17:43:41.395Z error: authenticateJWT:: No token provided
2025-04-26T17:43:42.528Z error: authenticateJWT:: No token provided
2025-04-26T17:43:42.539Z error: authenticateJWT:: No token provided
2025-04-26T17:43:42.941Z error: authenticateJWT:: No token provided
2025-04-26T17:43:43.016Z error: authenticateJWT:: No token provided
2025-04-26T17:43:44.055Z error: authenticateJWT:: No token provided
2025-04-26T17:43:44.059Z error: authenticateJWT:: No token provided
2025-04-26T17:43:44.551Z error: authenticateJWT:: No token provided
2025-04-26T17:43:44.555Z error: authenticateJWT:: No token provided
2025-04-26T17:43:45.069Z error: authenticateJWT:: No token provided
2025-04-26T17:43:45.072Z error: authenticateJWT:: No token provided
2025-04-26T17:43:45.557Z error: authenticateJWT:: No token provided
2025-04-26T17:43:45.561Z error: authenticateJWT:: No token provided
2025-04-26T17:43:46.565Z error: authenticateJWT:: No token provided
2025-04-26T17:43:46.568Z error: authenticateJWT:: No token provided
2025-04-26T17:43:47.078Z error: authenticateJWT:: No token provided
2025-04-26T17:43:47.082Z error: authenticateJWT:: No token provided
2025-04-26T17:43:48.091Z error: authenticateJWT:: No token provided
2025-04-26T17:43:48.095Z error: authenticateJWT:: No token provided
2025-04-26T17:43:48.580Z error: authenticateJWT:: No token provided
2025-04-26T17:43:48.584Z error: authenticateJWT:: No token provided
2025-04-26T17:43:49.100Z error: authenticateJWT:: No token provided
2025-04-26T17:43:49.104Z error: authenticateJWT:: No token provided
2025-04-26T17:43:49.589Z error: authenticateJWT:: No token provided
2025-04-26T17:43:49.592Z error: authenticateJWT:: No token provided
2025-04-26T17:43:50.598Z error: authenticateJWT:: No token provided
2025-04-26T17:43:50.602Z error: authenticateJWT:: No token provided
2025-04-26T17:43:51.108Z error: authenticateJWT:: No token provided
2025-04-26T17:43:51.112Z error: authenticateJWT:: No token provided
2025-04-26T17:43:52.118Z error: authenticateJWT:: No token provided
2025-04-26T17:43:52.121Z error: authenticateJWT:: No token provided
2025-04-26T17:43:52.612Z error: authenticateJWT:: No token provided
2025-04-26T17:43:52.616Z error: authenticateJWT:: No token provided
2025-04-26T17:43:53.126Z error: authenticateJWT:: No token provided
2025-04-26T17:43:53.129Z error: authenticateJWT:: No token provided
2025-04-26T17:43:53.622Z error: authenticateJWT:: No token provided
2025-04-26T17:43:53.628Z error: authenticateJWT:: No token provided
2025-04-26T17:43:54.630Z error: authenticateJWT:: No token provided
2025-04-26T17:43:54.636Z error: authenticateJWT:: No token provided
2025-04-26T17:43:55.133Z error: authenticateJWT:: No token provided
2025-04-26T17:43:55.136Z error: authenticateJWT:: No token provided
2025-04-26T17:43:56.143Z error: authenticateJWT:: No token provided
2025-04-26T17:43:56.147Z error: authenticateJWT:: No token provided
2025-04-26T17:43:57.151Z error: authenticateJWT:: No token provided
2025-04-26T17:43:57.157Z error: authenticateJWT:: No token provided
2025-04-26T17:44:41.022Z error: authenticateJWT:: No token provided
2025-04-26T17:44:41.076Z error: authenticateJWT:: No token provided
2025-04-26T17:44:42.118Z error: authenticateJWT:: No token provided
2025-04-26T17:44:42.121Z error: authenticateJWT:: No token provided
2025-04-26T17:44:43.127Z error: authenticateJWT:: No token provided
2025-04-26T17:44:43.131Z error: authenticateJWT:: No token provided
2025-04-26T17:44:44.262Z error: authenticateJWT:: No token provided
2025-04-26T17:44:44.345Z error: authenticateJWT:: No token provided
2025-04-26T17:44:45.141Z error: authenticateJWT:: No token provided
2025-04-26T17:44:45.146Z error: authenticateJWT:: No token provided
2025-04-26T17:44:45.419Z error: authenticateJWT:: No token provided
2025-04-26T17:44:45.421Z error: authenticateJWT:: No token provided
2025-04-26T17:44:46.148Z error: authenticateJWT:: No token provided
2025-04-26T17:44:46.152Z error: authenticateJWT:: No token provided
2025-04-26T17:44:46.428Z error: authenticateJWT:: No token provided
2025-04-26T17:44:46.430Z error: authenticateJWT:: No token provided
2025-04-26T17:44:47.157Z error: authenticateJWT:: No token provided
2025-04-26T17:44:47.162Z error: authenticateJWT:: No token provided
2025-04-26T17:44:48.438Z error: authenticateJWT:: No token provided
2025-04-26T17:44:48.442Z error: authenticateJWT:: No token provided
2025-04-26T17:44:49.177Z error: authenticateJWT:: No token provided
2025-04-26T17:44:49.181Z error: authenticateJWT:: No token provided
2025-04-26T17:44:49.419Z error: authenticateJWT:: No token provided
2025-04-26T17:44:49.525Z error: authenticateJWT:: No token provided
2025-04-26T17:44:49.580Z error: authenticateJWT:: No token provided
2025-04-26T17:44:49.582Z error: authenticateJWT:: No token provided
2025-04-26T17:44:50.191Z error: authenticateJWT:: No token provided
2025-04-26T17:44:50.193Z error: authenticateJWT:: No token provided
2025-04-26T17:44:50.576Z error: authenticateJWT:: No token provided
2025-04-26T17:44:50.578Z error: authenticateJWT:: No token provided
2025-04-26T17:44:50.602Z error: authenticateJWT:: No token provided
2025-04-26T17:44:50.605Z error: authenticateJWT:: No token provided
2025-04-26T17:44:51.199Z error: authenticateJWT:: No token provided
2025-04-26T17:44:51.202Z error: authenticateJWT:: No token provided
2025-04-26T17:44:51.586Z error: authenticateJWT:: No token provided
2025-04-26T17:44:51.588Z error: authenticateJWT:: No token provided
2025-04-26T17:44:52.611Z error: authenticateJWT:: No token provided
2025-04-26T17:44:52.615Z error: authenticateJWT:: No token provided
2025-04-26T17:44:53.215Z error: authenticateJWT:: No token provided
2025-04-26T17:44:53.219Z error: authenticateJWT:: No token provided
2025-04-26T17:44:53.591Z error: authenticateJWT:: No token provided
2025-04-26T17:44:53.593Z error: authenticateJWT:: No token provided
2025-04-26T17:44:53.618Z error: authenticateJWT:: No token provided
2025-04-26T17:44:53.622Z error: authenticateJWT:: No token provided
2025-04-26T17:44:54.224Z error: authenticateJWT:: No token provided
2025-04-26T17:44:54.228Z error: authenticateJWT:: No token provided
2025-04-26T17:44:54.596Z error: authenticateJWT:: No token provided
2025-04-26T17:44:54.598Z error: authenticateJWT:: No token provided
2025-04-26T17:44:54.626Z error: authenticateJWT:: No token provided
2025-04-26T17:44:54.628Z error: authenticateJWT:: No token provided
2025-04-26T17:44:55.234Z error: authenticateJWT:: No token provided
2025-04-26T17:44:55.238Z error: authenticateJWT:: No token provided
2025-04-26T17:44:55.604Z error: authenticateJWT:: No token provided
2025-04-26T17:44:55.608Z error: authenticateJWT:: No token provided
2025-04-26T17:44:56.635Z error: authenticateJWT:: No token provided
2025-04-26T17:44:56.639Z error: authenticateJWT:: No token provided
2025-04-26T17:44:57.613Z error: authenticateJWT:: No token provided
2025-04-26T17:44:57.617Z error: authenticateJWT:: No token provided
2025-04-26T17:44:57.642Z error: authenticateJWT:: No token provided
2025-04-26T17:44:57.647Z error: authenticateJWT:: No token provided
2025-04-26T17:44:58.623Z error: authenticateJWT:: No token provided
2025-04-26T17:44:58.630Z error: authenticateJWT:: No token provided
2025-04-26T17:44:58.648Z error: authenticateJWT:: No token provided
2025-04-26T17:44:58.651Z error: authenticateJWT:: No token provided
2025-04-26T17:44:59.640Z error: authenticateJWT:: No token provided
2025-04-26T17:44:59.647Z error: authenticateJWT:: No token provided
2025-04-26T17:45:01.651Z error: authenticateJWT:: No token provided
2025-04-26T17:45:01.658Z error: authenticateJWT:: No token provided
2025-04-26T17:45:02.657Z error: authenticateJWT:: No token provided
2025-04-26T17:45:02.667Z error: authenticateJWT:: No token provided
2025-04-26T17:45:03.668Z error: authenticateJWT:: No token provided
2025-04-26T17:45:03.678Z error: authenticateJWT:: No token provided
2025-04-26T17:45:54.863Z error: authenticateJWT:: No token provided
2025-04-26T17:45:54.952Z error: authenticateJWT:: No token provided
2025-04-26T17:45:55.993Z error: authenticateJWT:: No token provided
2025-04-26T17:45:55.996Z error: authenticateJWT:: No token provided
2025-04-26T17:45:57.003Z error: authenticateJWT:: No token provided
2025-04-26T17:45:57.008Z error: authenticateJWT:: No token provided
2025-04-26T17:45:59.018Z error: authenticateJWT:: No token provided
2025-04-26T17:45:59.020Z error: authenticateJWT:: No token provided
2025-04-26T17:46:00.029Z error: authenticateJWT:: No token provided
2025-04-26T17:46:00.033Z error: authenticateJWT:: No token provided
2025-04-26T17:46:01.039Z error: authenticateJWT:: No token provided
2025-04-26T17:46:01.044Z error: authenticateJWT:: No token provided
2025-04-26T17:46:03.057Z error: authenticateJWT:: No token provided
2025-04-26T17:46:03.062Z error: authenticateJWT:: No token provided
2025-04-26T17:46:04.067Z error: authenticateJWT:: No token provided
2025-04-26T17:46:04.072Z error: authenticateJWT:: No token provided
2025-04-26T17:46:05.079Z error: authenticateJWT:: No token provided
2025-04-26T17:46:05.083Z error: authenticateJWT:: No token provided
2025-04-26T17:46:07.092Z error: authenticateJWT:: No token provided
2025-04-26T17:46:07.096Z error: authenticateJWT:: No token provided
2025-04-26T17:46:08.102Z error: authenticateJWT:: No token provided
2025-04-26T17:46:08.107Z error: authenticateJWT:: No token provided
2025-04-26T17:46:09.113Z error: authenticateJWT:: No token provided
2025-04-26T17:46:09.117Z error: authenticateJWT:: No token provided
2025-04-26T17:46:39.014Z error: authenticateJWT:: No token provided
2025-04-26T17:46:39.031Z error: authenticateJWT:: No token provided
2025-04-26T17:47:09.177Z error: authenticateJWT:: No token provided
2025-04-26T17:47:09.219Z error: authenticateJWT:: No token provided
2025-04-26T17:50:15.207Z error: authenticateJWT:: No token provided
2025-04-26T17:50:15.220Z error: authenticateJWT:: No token provided
2025-04-26T17:50:24.325Z error: authenticateJWT:: No token provided
2025-04-26T17:50:24.382Z error: authenticateJWT:: No token provided
2025-04-26T17:53:32.871Z error: authenticateJWT:: No token provided
2025-04-26T17:53:32.883Z error: authenticateJWT:: No token provided
2025-04-26T17:55:25.209Z error: authenticateJWT:: No token provided
2025-04-26T17:55:25.212Z error: authenticateJWT:: No token provided
2025-04-26T17:56:41.916Z error: authenticateJWT:: No token provided
2025-04-26T17:56:42.140Z error: authenticateJWT:: No token provided
2025-04-26T17:56:44.096Z error: authenticateJWT:: No token provided
2025-04-26T17:56:44.138Z error: authenticateJWT:: No token provided
2025-04-27T03:07:16.510Z error: ERROR::apiValidationHandler:  Authorization header required
2025-04-27T03:22:44.395Z error: ERROR::apiValidationHandler:  not found
2025-04-27T05:04:15.834Z error: authorizeJWT:: User not authorized with role: admin
2025-04-27T05:04:16.861Z error: authorizeJWT:: User not authorized with role: admin
2025-04-27T05:04:17.872Z error: authorizeJWT:: User not authorized with role: admin
2025-04-27T05:05:12.573Z error: validateUser:: order userId: scUo1feUBSZNMsv75tIg4oZ0Dma2 and requestId: undefined not matched
2025-04-27T05:05:13.599Z error: validateUser:: order userId: scUo1feUBSZNMsv75tIg4oZ0Dma2 and requestId: undefined not matched
2025-04-27T05:05:14.610Z error: validateUser:: order userId: scUo1feUBSZNMsv75tIg4oZ0Dma2 and requestId: undefined not matched
2025-04-27T06:13:27.257Z error: validateUser:: order userId: scUo1feUBSZNMsv75tIg4oZ0Dma2 and requestId: undefined not matched
2025-04-27T06:13:28.272Z error: validateUser:: order userId: scUo1feUBSZNMsv75tIg4oZ0Dma2 and requestId: undefined not matched
2025-04-27T06:13:29.289Z error: validateUser:: order userId: scUo1feUBSZNMsv75tIg4oZ0Dma2 and requestId: undefined not matched
2025-04-27T06:13:46.693Z error: validateUser:: order userId: scUo1feUBSZNMsv75tIg4oZ0Dma2 and requestId: undefined not matched
2025-04-27T06:13:47.703Z error: validateUser:: order userId: scUo1feUBSZNMsv75tIg4oZ0Dma2 and requestId: undefined not matched
2025-04-27T06:13:48.715Z error: validateUser:: order userId: scUo1feUBSZNMsv75tIg4oZ0Dma2 and requestId: undefined not matched
2025-04-27T06:14:52.761Z error: validateUser:: order userId: scUo1feUBSZNMsv75tIg4oZ0Dma2 and requestId: undefined not matched
2025-04-27T06:14:53.776Z error: validateUser:: order userId: scUo1feUBSZNMsv75tIg4oZ0Dma2 and requestId: undefined not matched
2025-04-27T06:14:54.431Z error: validateUser:: order userId: scUo1feUBSZNMsv75tIg4oZ0Dma2 and requestId: undefined not matched
2025-04-27T06:14:54.785Z error: validateUser:: order userId: scUo1feUBSZNMsv75tIg4oZ0Dma2 and requestId: undefined not matched
2025-04-27T06:14:55.441Z error: validateUser:: order userId: scUo1feUBSZNMsv75tIg4oZ0Dma2 and requestId: undefined not matched
2025-04-27T06:14:56.449Z error: validateUser:: order userId: scUo1feUBSZNMsv75tIg4oZ0Dma2 and requestId: undefined not matched
2025-04-27T06:15:03.259Z error: validateUser:: order userId: scUo1feUBSZNMsv75tIg4oZ0Dma2 and requestId: undefined not matched
2025-04-27T06:15:04.270Z error: validateUser:: order userId: scUo1feUBSZNMsv75tIg4oZ0Dma2 and requestId: undefined not matched
2025-04-27T06:15:05.284Z error: validateUser:: order userId: scUo1feUBSZNMsv75tIg4oZ0Dma2 and requestId: undefined not matched
2025-04-27T06:15:21.316Z error: validateUser:: order userId: scUo1feUBSZNMsv75tIg4oZ0Dma2 and requestId: undefined not matched
2025-04-27T06:15:22.326Z error: validateUser:: order userId: scUo1feUBSZNMsv75tIg4oZ0Dma2 and requestId: undefined not matched
2025-04-27T06:15:23.338Z error: validateUser:: order userId: scUo1feUBSZNMsv75tIg4oZ0Dma2 and requestId: undefined not matched
2025-04-27T06:15:40.525Z error: validateUser:: order userId: scUo1feUBSZNMsv75tIg4oZ0Dma2 and requestId: undefined not matched
2025-04-27T06:15:41.541Z error: validateUser:: order userId: scUo1feUBSZNMsv75tIg4oZ0Dma2 and requestId: undefined not matched
2025-04-27T06:15:42.556Z error: validateUser:: order userId: scUo1feUBSZNMsv75tIg4oZ0Dma2 and requestId: undefined not matched
2025-04-27T06:17:37.525Z error: validateUser:: order userId: scUo1feUBSZNMsv75tIg4oZ0Dma2 and requestId: undefined not matched
2025-04-27T06:17:38.536Z error: validateUser:: order userId: scUo1feUBSZNMsv75tIg4oZ0Dma2 and requestId: undefined not matched
2025-04-27T06:17:39.547Z error: validateUser:: order userId: scUo1feUBSZNMsv75tIg4oZ0Dma2 and requestId: undefined not matched
2025-04-27T06:19:50.107Z error: validateUser:: order userId: scUo1feUBSZNMsv75tIg4oZ0Dma2 and requestId: undefined not matched
2025-04-27T06:19:51.119Z error: validateUser:: order userId: scUo1feUBSZNMsv75tIg4oZ0Dma2 and requestId: undefined not matched
2025-04-27T06:19:52.130Z error: validateUser:: order userId: scUo1feUBSZNMsv75tIg4oZ0Dma2 and requestId: undefined not matched
2025-04-27T06:32:46.414Z error: ERROR::apiValidationHandler:  Authorization header required
2025-04-27T06:32:47.396Z error: ERROR::apiValidationHandler:  Authorization header required
2025-04-27T06:32:48.396Z error: ERROR::apiValidationHandler:  Authorization header required
2025-04-27T06:33:01.394Z error: ERROR::apiValidationHandler:  Authorization header required
2025-04-27T06:33:02.389Z error: ERROR::apiValidationHandler:  Authorization header required
2025-04-27T06:33:03.389Z error: ERROR::apiValidationHandler:  Authorization header required
2025-04-27T06:33:06.717Z error: ERROR::apiValidationHandler:  not found
2025-04-27T06:33:06.870Z error: ERROR::apiValidationHandler:  not found
2025-04-27T06:33:14.406Z error: ERROR::apiValidationHandler:  not found
2025-04-27T06:33:14.477Z error: ERROR::apiValidationHandler:  not found
2025-04-27T06:33:52.384Z error: ERROR::apiValidationHandler:  not found
2025-04-27T06:33:52.427Z error: ERROR::apiValidationHandler:  not found
2025-04-27T06:33:58.195Z error: ERROR::apiValidationHandler:  not found
2025-04-27T06:33:58.230Z error: ERROR::apiValidationHandler:  not found
2025-04-27T06:34:04.399Z error: ERROR::apiValidationHandler:  Authorization header required
2025-04-27T06:34:05.389Z error: ERROR::apiValidationHandler:  Authorization header required
2025-04-27T06:34:08.172Z error: ERROR::apiValidationHandler:  not found
2025-04-27T06:34:08.227Z error: ERROR::apiValidationHandler:  not found
2025-04-27T06:34:41.174Z error: ERROR::apiValidationHandler:  not found
2025-04-27T06:34:41.215Z error: ERROR::apiValidationHandler:  not found
2025-04-27T06:34:48.193Z error: ERROR::apiValidationHandler:  not found
2025-04-27T06:34:48.311Z error: ERROR::apiValidationHandler:  not found
2025-04-27T06:34:53.262Z error: ERROR::apiValidationHandler:  not found
2025-04-27T06:34:53.302Z error: ERROR::apiValidationHandler:  not found
2025-04-27T06:40:48.526Z error: ERROR::apiValidationHandler:  not found
2025-04-27T06:40:48.685Z error: ERROR::apiValidationHandler:  not found
2025-04-27T06:40:56.831Z error: ERROR::apiValidationHandler:  not found
2025-04-27T06:40:56.893Z error: ERROR::apiValidationHandler:  not found
2025-04-27T06:42:01.279Z error: ERROR::apiValidationHandler:  not found
2025-04-27T06:42:01.301Z error: ERROR::apiValidationHandler:  not found
2025-04-27T06:43:20.425Z error: ERROR::apiValidationHandler:  not found
2025-04-27T06:43:20.453Z error: ERROR::apiValidationHandler:  not found
2025-04-27T06:45:29.073Z error: ERROR::apiValidationHandler:  not found
2025-04-27T06:45:29.092Z error: ERROR::apiValidationHandler:  not found
2025-04-27T06:47:16.489Z error: ERROR::apiValidationHandler:  not found
2025-04-27T06:47:16.491Z error: ERROR::apiValidationHandler:  not found
2025-04-27T06:49:24.899Z error: ERROR::apiValidationHandler:  not found
2025-04-27T06:49:25.002Z error: ERROR::apiValidationHandler:  not found
2025-04-27T06:49:32.103Z error: ERROR::apiValidationHandler:  not found
2025-04-27T06:49:32.183Z error: ERROR::apiValidationHandler:  not found
2025-04-27T06:49:33.430Z error: ERROR::apiValidationHandler:  Authorization header required
2025-04-27T06:50:12.787Z error: ERROR::apiValidationHandler:  not found
2025-04-27T06:50:12.807Z error: ERROR::apiValidationHandler:  not found
2025-04-27T06:51:37.888Z error: ERROR::apiValidationHandler:  not found
2025-04-27T06:51:37.924Z error: ERROR::apiValidationHandler:  not found
2025-04-27T06:51:48.232Z error: ERROR::apiValidationHandler:  not found
2025-04-27T06:51:48.312Z error: ERROR::apiValidationHandler:  not found
2025-04-27T06:56:49.568Z error: ERROR::apiValidationHandler:  not found
2025-04-27T06:56:49.784Z error: ERROR::apiValidationHandler:  not found
2025-04-27T06:57:21.462Z error: ERROR::apiValidationHandler:  not found
2025-04-27T06:57:21.479Z error: ERROR::apiValidationHandler:  not found
2025-04-27T06:57:45.531Z error: ERROR::apiValidationHandler:  not found
2025-04-27T06:57:45.553Z error: ERROR::apiValidationHandler:  not found
2025-04-27T06:58:40.399Z error: ERROR::apiValidationHandler:  not found
2025-04-27T06:58:40.523Z error: ERROR::apiValidationHandler:  not found
2025-04-27T06:58:45.194Z error: ERROR::apiValidationHandler:  not found
2025-04-27T06:58:45.265Z error: ERROR::apiValidationHandler:  not found
2025-04-27T07:18:56.026Z error: ERROR::apiValidationHandler:  not found
2025-04-27T07:18:56.084Z error: ERROR::apiValidationHandler:  not found
2025-04-27T07:19:08.556Z error: ERROR::apiValidationHandler:  not found
2025-04-27T07:19:08.616Z error: ERROR::apiValidationHandler:  not found
2025-04-27T07:19:23.771Z error: ERROR::apiValidationHandler:  not found
2025-04-27T07:19:23.833Z error: ERROR::apiValidationHandler:  not found
2025-04-27T07:19:48.658Z error: ERROR::apiValidationHandler:  not found
2025-04-27T07:19:48.742Z error: ERROR::apiValidationHandler:  not found
2025-04-27T07:19:59.745Z error: ERROR::apiValidationHandler:  not found
2025-04-27T07:19:59.779Z error: ERROR::apiValidationHandler:  not found
2025-04-27T07:30:27.306Z error: ERROR::apiValidationHandler:  not found
2025-04-27T07:30:27.377Z error: ERROR::apiValidationHandler:  not found
2025-04-27T07:30:44.060Z error: ERROR::apiValidationHandler:  not found
2025-04-27T07:30:44.094Z error: ERROR::apiValidationHandler:  not found
2025-04-27T07:31:01.185Z error: ERROR::apiValidationHandler:  not found
2025-04-27T07:31:01.239Z error: ERROR::apiValidationHandler:  not found
2025-04-27T07:31:22.954Z error: ERROR::apiValidationHandler:  not found
2025-04-27T07:31:22.982Z error: ERROR::apiValidationHandler:  not found
2025-04-27T07:31:35.973Z error: ERROR::apiValidationHandler:  not found
2025-04-27T07:31:36.011Z error: ERROR::apiValidationHandler:  not found
2025-04-27T07:32:33.202Z error: ERROR::apiValidationHandler:  not found
2025-04-27T07:32:33.259Z error: ERROR::apiValidationHandler:  not found
2025-04-27T07:32:57.857Z error: ERROR::apiValidationHandler:  not found
2025-04-27T07:32:57.960Z error: ERROR::apiValidationHandler:  not found
2025-04-27T07:33:15.011Z error: ERROR::apiValidationHandler:  not found
2025-04-27T07:33:15.082Z error: ERROR::apiValidationHandler:  not found
2025-04-27T07:33:53.834Z error: ERROR::apiValidationHandler:  not found
2025-04-27T07:33:53.873Z error: ERROR::apiValidationHandler:  not found
2025-04-27T07:34:15.233Z error: ERROR::apiValidationHandler:  not found
2025-04-27T07:34:15.290Z error: ERROR::apiValidationHandler:  not found
2025-04-27T07:36:40.475Z error: ERROR::apiValidationHandler:  not found
2025-04-27T07:36:40.477Z error: ERROR::apiValidationHandler:  not found
2025-04-27T07:38:38.177Z error: ERROR::apiValidationHandler:  not found
2025-04-27T07:38:38.185Z error: ERROR::apiValidationHandler:  not found
2025-04-27T07:39:21.438Z error: ERROR::apiValidationHandler:  not found
2025-04-27T07:39:21.441Z error: ERROR::apiValidationHandler:  not found
2025-04-27T07:40:37.382Z error: ERROR::apiValidationHandler:  not found
2025-04-27T07:40:37.417Z error: ERROR::apiValidationHandler:  not found
2025-04-27T07:41:41.568Z error: ERROR::apiValidationHandler:  not found
2025-04-27T07:41:41.573Z error: ERROR::apiValidationHandler:  not found
2025-04-27T07:44:17.241Z error: ERROR::apiValidationHandler:  not found
2025-04-27T07:44:17.347Z error: ERROR::apiValidationHandler:  not found
2025-04-27T07:44:21.597Z error: ERROR::apiValidationHandler:  not found
2025-04-27T07:44:21.644Z error: ERROR::apiValidationHandler:  not found
2025-04-27T07:45:03.013Z error: validateUser:: order userId: scUo1feUBSZNMsv75tIg4oZ0Dma2 and requestId: undefined not matched
2025-04-27T07:45:04.024Z error: validateUser:: order userId: scUo1feUBSZNMsv75tIg4oZ0Dma2 and requestId: undefined not matched
2025-04-27T07:45:05.035Z error: validateUser:: order userId: scUo1feUBSZNMsv75tIg4oZ0Dma2 and requestId: undefined not matched
2025-04-27T07:45:19.597Z error: validateUser:: order userId: scUo1feUBSZNMsv75tIg4oZ0Dma2 and requestId: undefined not matched
2025-04-27T07:45:20.610Z error: validateUser:: order userId: scUo1feUBSZNMsv75tIg4oZ0Dma2 and requestId: undefined not matched
2025-04-27T07:45:21.623Z error: validateUser:: order userId: scUo1feUBSZNMsv75tIg4oZ0Dma2 and requestId: undefined not matched
2025-04-27T07:45:34.469Z error: validateUser:: order userId: scUo1feUBSZNMsv75tIg4oZ0Dma2 and requestId: undefined not matched
2025-04-27T07:45:35.480Z error: validateUser:: order userId: scUo1feUBSZNMsv75tIg4oZ0Dma2 and requestId: undefined not matched
2025-04-27T07:45:36.491Z error: validateUser:: order userId: scUo1feUBSZNMsv75tIg4oZ0Dma2 and requestId: undefined not matched
2025-04-27T07:46:33.068Z error: validateUser:: order userId: scUo1feUBSZNMsv75tIg4oZ0Dma2 and requestId: undefined not matched
2025-04-27T07:46:34.078Z error: validateUser:: order userId: scUo1feUBSZNMsv75tIg4oZ0Dma2 and requestId: undefined not matched
2025-04-27T07:46:35.089Z error: validateUser:: order userId: scUo1feUBSZNMsv75tIg4oZ0Dma2 and requestId: undefined not matched
2025-04-27T07:47:39.289Z error: validateUser:: order userId: scUo1feUBSZNMsv75tIg4oZ0Dma2 and requestId: undefined not matched
2025-04-27T07:47:40.303Z error: validateUser:: order userId: scUo1feUBSZNMsv75tIg4oZ0Dma2 and requestId: undefined not matched
2025-04-27T07:47:41.314Z error: validateUser:: order userId: scUo1feUBSZNMsv75tIg4oZ0Dma2 and requestId: undefined not matched
2025-04-27T07:50:13.922Z error: validateUser:: order userId: scUo1feUBSZNMsv75tIg4oZ0Dma2 and requestId: undefined not matched
2025-04-27T07:50:14.935Z error: validateUser:: order userId: scUo1feUBSZNMsv75tIg4oZ0Dma2 and requestId: undefined not matched
2025-04-27T07:50:15.947Z error: validateUser:: order userId: scUo1feUBSZNMsv75tIg4oZ0Dma2 and requestId: undefined not matched
2025-04-27T07:50:47.326Z error: validateUser:: order userId: scUo1feUBSZNMsv75tIg4oZ0Dma2 and requestId: undefined not matched
2025-04-27T07:50:48.335Z error: validateUser:: order userId: scUo1feUBSZNMsv75tIg4oZ0Dma2 and requestId: undefined not matched
2025-04-27T07:50:49.343Z error: validateUser:: order userId: scUo1feUBSZNMsv75tIg4oZ0Dma2 and requestId: undefined not matched
2025-04-27T07:51:56.915Z error: validateUser:: order userId: scUo1feUBSZNMsv75tIg4oZ0Dma2 and requestId: undefined not matched
2025-04-27T07:51:57.921Z error: validateUser:: order userId: scUo1feUBSZNMsv75tIg4oZ0Dma2 and requestId: undefined not matched
2025-04-27T07:51:58.927Z error: validateUser:: order userId: scUo1feUBSZNMsv75tIg4oZ0Dma2 and requestId: undefined not matched
2025-04-27T07:57:31.088Z error: validateUser:: order userId: scUo1feUBSZNMsv75tIg4oZ0Dma2 and requestId: undefined not matched
2025-04-27T07:57:32.094Z error: validateUser:: order userId: scUo1feUBSZNMsv75tIg4oZ0Dma2 and requestId: undefined not matched
2025-04-27T07:57:33.100Z error: validateUser:: order userId: scUo1feUBSZNMsv75tIg4oZ0Dma2 and requestId: undefined not matched
2025-04-27T07:59:02.651Z error: validateUser:: order userId: scUo1feUBSZNMsv75tIg4oZ0Dma2 and requestId: undefined not matched
2025-04-27T07:59:03.657Z error: validateUser:: order userId: scUo1feUBSZNMsv75tIg4oZ0Dma2 and requestId: undefined not matched
2025-04-27T07:59:04.663Z error: validateUser:: order userId: scUo1feUBSZNMsv75tIg4oZ0Dma2 and requestId: undefined not matched
2025-04-27T07:59:43.315Z error: validateUser:: order userId: scUo1feUBSZNMsv75tIg4oZ0Dma2 and requestId: undefined not matched
2025-04-27T07:59:44.321Z error: validateUser:: order userId: scUo1feUBSZNMsv75tIg4oZ0Dma2 and requestId: undefined not matched
2025-04-27T07:59:45.327Z error: validateUser:: order userId: scUo1feUBSZNMsv75tIg4oZ0Dma2 and requestId: undefined not matched
2025-04-27T08:00:46.707Z error: validateUser:: order userId: scUo1feUBSZNMsv75tIg4oZ0Dma2 and requestId: undefined not matched
2025-04-27T08:00:47.713Z error: validateUser:: order userId: scUo1feUBSZNMsv75tIg4oZ0Dma2 and requestId: undefined not matched
2025-04-27T08:00:48.719Z error: validateUser:: order userId: scUo1feUBSZNMsv75tIg4oZ0Dma2 and requestId: undefined not matched
2025-04-27T08:01:31.825Z error: validateUser:: order userId: scUo1feUBSZNMsv75tIg4oZ0Dma2 and requestId: undefined not matched
2025-04-27T08:01:32.832Z error: validateUser:: order userId: scUo1feUBSZNMsv75tIg4oZ0Dma2 and requestId: undefined not matched
2025-04-27T08:01:33.838Z error: validateUser:: order userId: scUo1feUBSZNMsv75tIg4oZ0Dma2 and requestId: undefined not matched
2025-04-27T08:02:15.145Z error: validateUser:: order userId: scUo1feUBSZNMsv75tIg4oZ0Dma2 and requestId: undefined not matched
2025-04-27T08:02:16.151Z error: validateUser:: order userId: scUo1feUBSZNMsv75tIg4oZ0Dma2 and requestId: undefined not matched
2025-04-27T08:02:17.159Z error: validateUser:: order userId: scUo1feUBSZNMsv75tIg4oZ0Dma2 and requestId: undefined not matched
2025-04-27T08:03:35.533Z error: ERROR::apiValidationHandler:  not found
2025-04-27T08:03:35.618Z error: ERROR::apiValidationHandler:  not found
2025-04-27T08:03:41.873Z error: validateUser:: order userId: scUo1feUBSZNMsv75tIg4oZ0Dma2 and requestId: undefined not matched
2025-04-27T08:03:42.879Z error: validateUser:: order userId: scUo1feUBSZNMsv75tIg4oZ0Dma2 and requestId: undefined not matched
2025-04-27T08:03:43.884Z error: validateUser:: order userId: scUo1feUBSZNMsv75tIg4oZ0Dma2 and requestId: undefined not matched
2025-04-27T08:05:00.073Z error: validateUser:: order userId: scUo1feUBSZNMsv75tIg4oZ0Dma2 and requestId: undefined not matched
2025-04-27T08:05:01.078Z error: validateUser:: order userId: scUo1feUBSZNMsv75tIg4oZ0Dma2 and requestId: undefined not matched
2025-04-27T08:05:02.084Z error: validateUser:: order userId: scUo1feUBSZNMsv75tIg4oZ0Dma2 and requestId: undefined not matched
2025-04-27T08:06:03.960Z error: validateUser:: order userId: scUo1feUBSZNMsv75tIg4oZ0Dma2 and requestId: undefined not matched
2025-04-27T08:06:04.969Z error: validateUser:: order userId: scUo1feUBSZNMsv75tIg4oZ0Dma2 and requestId: undefined not matched
2025-04-27T08:06:05.974Z error: validateUser:: order userId: scUo1feUBSZNMsv75tIg4oZ0Dma2 and requestId: undefined not matched
2025-04-27T08:08:31.580Z error: validateUser:: order userId: scUo1feUBSZNMsv75tIg4oZ0Dma2 and requestId: undefined not matched
2025-04-27T08:08:32.586Z error: validateUser:: order userId: scUo1feUBSZNMsv75tIg4oZ0Dma2 and requestId: undefined not matched
2025-04-27T08:08:33.591Z error: validateUser:: order userId: scUo1feUBSZNMsv75tIg4oZ0Dma2 and requestId: undefined not matched
2025-04-27T08:09:16.844Z error: validateUser:: order userId: scUo1feUBSZNMsv75tIg4oZ0Dma2 and requestId: undefined not matched
2025-04-27T08:09:17.850Z error: validateUser:: order userId: scUo1feUBSZNMsv75tIg4oZ0Dma2 and requestId: undefined not matched
2025-04-27T08:09:18.855Z error: validateUser:: order userId: scUo1feUBSZNMsv75tIg4oZ0Dma2 and requestId: undefined not matched
2025-04-27T08:09:41.246Z error: validateUser:: order userId: scUo1feUBSZNMsv75tIg4oZ0Dma2 and requestId: undefined not matched
2025-04-27T08:09:42.252Z error: validateUser:: order userId: scUo1feUBSZNMsv75tIg4oZ0Dma2 and requestId: undefined not matched
2025-04-27T08:09:43.257Z error: validateUser:: order userId: scUo1feUBSZNMsv75tIg4oZ0Dma2 and requestId: undefined not matched
2025-04-27T08:10:03.917Z error: validateUser:: order userId: scUo1feUBSZNMsv75tIg4oZ0Dma2 and requestId: undefined not matched
2025-04-27T08:10:04.924Z error: validateUser:: order userId: scUo1feUBSZNMsv75tIg4oZ0Dma2 and requestId: undefined not matched
2025-04-27T08:10:05.932Z error: validateUser:: order userId: scUo1feUBSZNMsv75tIg4oZ0Dma2 and requestId: undefined not matched
2025-04-27T08:10:22.201Z error: validateUser:: order userId: scUo1feUBSZNMsv75tIg4oZ0Dma2 and requestId: undefined not matched
2025-04-27T08:10:23.211Z error: validateUser:: order userId: scUo1feUBSZNMsv75tIg4oZ0Dma2 and requestId: undefined not matched
2025-04-27T08:10:24.247Z error: validateUser:: order userId: scUo1feUBSZNMsv75tIg4oZ0Dma2 and requestId: undefined not matched
2025-04-27T08:10:29.899Z error: validateUser:: order userId: scUo1feUBSZNMsv75tIg4oZ0Dma2 and requestId: undefined not matched
2025-04-27T08:10:30.907Z error: validateUser:: order userId: scUo1feUBSZNMsv75tIg4oZ0Dma2 and requestId: undefined not matched
2025-04-27T08:10:31.917Z error: validateUser:: order userId: scUo1feUBSZNMsv75tIg4oZ0Dma2 and requestId: undefined not matched
2025-04-27T08:23:52.265Z error: ERROR::apiValidationHandler:  not found
2025-04-27T08:23:52.266Z error: ERROR::apiValidationHandler:  not found
2025-04-27T08:27:39.621Z error: ERROR::apiValidationHandler:  not found
2025-04-27T08:27:39.650Z error: ERROR::apiValidationHandler:  not found
2025-04-27T08:28:26.600Z error: ERROR::apiValidationHandler:  not found
2025-04-27T08:28:26.666Z error: ERROR::apiValidationHandler:  not found
2025-04-27T08:28:27.165Z error: ERROR::apiValidationHandler:  Authorization header required
2025-04-27T08:28:27.679Z error: ERROR::apiValidationHandler:  Authorization header required
2025-04-27T08:28:28.196Z error: ERROR::apiValidationHandler:  Authorization header required
2025-04-27T08:28:32.168Z error: ERROR::apiValidationHandler:  Authorization header required
2025-04-27T08:28:37.163Z error: ERROR::apiValidationHandler:  Authorization header required
2025-04-27T08:28:42.167Z error: ERROR::apiValidationHandler:  Authorization header required
2025-04-27T08:28:47.163Z error: ERROR::apiValidationHandler:  Authorization header required
2025-04-27T08:28:52.162Z error: ERROR::apiValidationHandler:  Authorization header required
2025-04-27T08:28:57.170Z error: ERROR::apiValidationHandler:  Authorization header required
2025-04-27T08:29:02.160Z error: ERROR::apiValidationHandler:  Authorization header required
2025-04-27T08:29:06.341Z error: ERROR::apiValidationHandler:  not found
2025-04-27T08:29:06.389Z error: ERROR::apiValidationHandler:  not found
2025-04-27T08:29:06.888Z error: ERROR::apiValidationHandler:  Authorization header required
2025-04-27T08:29:07.397Z error: ERROR::apiValidationHandler:  Authorization header required
2025-04-27T08:29:07.907Z error: ERROR::apiValidationHandler:  Authorization header required
2025-04-27T08:29:11.887Z error: ERROR::apiValidationHandler:  Authorization header required
2025-04-27T08:29:16.893Z error: ERROR::apiValidationHandler:  Authorization header required
2025-04-27T08:29:21.887Z error: ERROR::apiValidationHandler:  Authorization header required
2025-04-27T08:29:26.524Z error: ERROR::apiValidationHandler:  not found
2025-04-27T08:29:26.562Z error: ERROR::apiValidationHandler:  not found
2025-04-27T08:29:27.066Z error: ERROR::apiValidationHandler:  Authorization header required
2025-04-27T08:29:27.576Z error: ERROR::apiValidationHandler:  Authorization header required
2025-04-27T08:29:28.088Z error: ERROR::apiValidationHandler:  Authorization header required
2025-04-27T08:29:32.062Z error: ERROR::apiValidationHandler:  Authorization header required
2025-04-27T08:29:37.066Z error: ERROR::apiValidationHandler:  Authorization header required
2025-04-27T08:29:42.065Z error: ERROR::apiValidationHandler:  Authorization header required
2025-04-27T08:30:38.334Z error: ERROR::apiValidationHandler:  not found
2025-04-27T08:30:38.370Z error: ERROR::apiValidationHandler:  not found
2025-04-27T08:31:16.044Z error: ERROR::apiValidationHandler:  not found
2025-04-27T08:31:16.104Z error: ERROR::apiValidationHandler:  not found
2025-04-27T08:31:16.607Z error: ERROR::apiValidationHandler:  Authorization header required
2025-04-27T08:31:17.123Z error: ERROR::apiValidationHandler:  Authorization header required
2025-04-27T08:31:17.640Z error: ERROR::apiValidationHandler:  Authorization header required
2025-04-27T08:31:21.603Z error: ERROR::apiValidationHandler:  Authorization header required
2025-04-27T08:31:26.604Z error: ERROR::apiValidationHandler:  Authorization header required
2025-04-27T08:31:36.705Z error: ERROR::apiValidationHandler:  not found
2025-04-27T08:31:36.732Z error: ERROR::apiValidationHandler:  not found
2025-04-27T08:34:58.245Z error: ERROR::apiValidationHandler:  not found
2025-04-27T08:34:58.379Z error: ERROR::apiValidationHandler:  not found
2025-04-27T08:35:05.803Z error: ERROR::apiValidationHandler:  not found
2025-04-27T08:35:05.878Z error: ERROR::apiValidationHandler:  not found
2025-04-27T08:35:06.380Z error: ERROR::apiValidationHandler:  Authorization header required
2025-04-27T08:35:06.887Z error: ERROR::apiValidationHandler:  Authorization header required
2025-04-27T08:35:07.394Z error: ERROR::apiValidationHandler:  Authorization header required
2025-04-27T08:35:10.217Z error: ERROR::apiValidationHandler:  not found
2025-04-27T08:35:10.273Z error: ERROR::apiValidationHandler:  not found
2025-04-27T08:35:38.433Z error: ERROR::apiValidationHandler:  not found
2025-04-27T08:35:38.471Z error: ERROR::apiValidationHandler:  not found
2025-04-27T08:36:29.692Z error: ERROR::apiValidationHandler:  not found
2025-04-27T08:36:29.738Z error: ERROR::apiValidationHandler:  not found
2025-04-27T08:37:33.729Z error: ERROR::apiValidationHandler:  not found
2025-04-27T08:37:33.783Z error: ERROR::apiValidationHandler:  not found
2025-04-27T08:41:25.014Z error: ERROR::apiValidationHandler:  not found
2025-04-27T08:41:25.065Z error: ERROR::apiValidationHandler:  not found
2025-04-27T08:41:28.567Z error: ERROR::apiValidationHandler:  not found
2025-04-27T08:41:28.649Z error: ERROR::apiValidationHandler:  not found
2025-04-27T08:42:30.856Z error: ERROR::apiValidationHandler:  not found
2025-04-27T08:42:30.961Z error: ERROR::apiValidationHandler:  not found
2025-04-27T08:43:01.858Z error: ERROR::apiValidationHandler:  not found
2025-04-27T08:43:01.894Z error: ERROR::apiValidationHandler:  not found
2025-04-27T08:46:40.545Z error: ERROR::apiValidationHandler:  not found
2025-04-27T08:46:40.556Z error: ERROR::apiValidationHandler:  not found
2025-04-27T08:49:46.671Z error: ERROR::apiValidationHandler:  not found
2025-04-27T08:49:46.731Z error: ERROR::apiValidationHandler:  not found
2025-04-27T08:53:14.408Z error: ERROR::apiValidationHandler:  not found
2025-04-27T08:53:14.479Z error: ERROR::apiValidationHandler:  not found
2025-04-27T08:55:12.684Z error: ERROR::apiValidationHandler:  not found
2025-04-27T08:55:12.753Z error: ERROR::apiValidationHandler:  not found
2025-04-27T08:56:04.784Z error: ERROR::apiValidationHandler:  not found
2025-04-27T08:56:04.835Z error: ERROR::apiValidationHandler:  not found
2025-04-27T08:56:50.931Z error: ERROR::apiValidationHandler:  not found
2025-04-27T08:56:50.952Z error: ERROR::apiValidationHandler:  not found
2025-04-27T08:58:02.042Z error: ERROR::apiValidationHandler:  not found
2025-04-27T08:58:02.080Z error: ERROR::apiValidationHandler:  not found
2025-04-27T09:00:14.970Z error: ERROR::apiValidationHandler:  not found
2025-04-27T09:00:14.991Z error: ERROR::apiValidationHandler:  not found
2025-04-27T09:03:21.548Z error: ERROR::apiValidationHandler:  not found
2025-04-27T09:03:21.608Z error: ERROR::apiValidationHandler:  not found
2025-04-27T10:43:45.530Z error: ERROR::apiValidationHandler:  not found
2025-04-27T10:43:45.590Z error: ERROR::apiValidationHandler:  not found
2025-04-27T10:46:34.922Z error: ERROR::apiValidationHandler:  not found
2025-04-27T10:46:34.998Z error: ERROR::apiValidationHandler:  not found
2025-04-27T10:47:18.329Z error: ERROR::apiValidationHandler:  not found
2025-04-27T10:47:18.395Z error: ERROR::apiValidationHandler:  not found
2025-04-27T10:48:24.978Z error: ERROR::apiValidationHandler:  not found
2025-04-27T10:48:25.023Z error: ERROR::apiValidationHandler:  not found
2025-04-27T10:52:39.349Z error: ERROR::apiValidationHandler:  not found
2025-04-27T10:52:39.399Z error: ERROR::apiValidationHandler:  not found
2025-04-27T10:56:50.562Z error: ERROR::apiValidationHandler:  not found
2025-04-27T10:56:50.614Z error: ERROR::apiValidationHandler:  not found
2025-04-27T10:57:29.982Z error: ERROR::apiValidationHandler:  not found
2025-04-27T10:57:30.026Z error: ERROR::apiValidationHandler:  not found
2025-04-27T11:02:30.393Z error: ERROR::apiValidationHandler:  not found
2025-04-27T11:02:30.425Z error: ERROR::apiValidationHandler:  not found
2025-04-27T11:05:39.369Z error: ERROR::apiValidationHandler:  not found
2025-04-27T11:05:39.412Z error: ERROR::apiValidationHandler:  not found
2025-04-27T12:40:07.669Z error: ERROR::apiValidationHandler:  not found
2025-04-27T12:40:07.777Z error: ERROR::apiValidationHandler:  not found
2025-04-27T12:40:14.726Z error: ERROR::apiValidationHandler:  not found
2025-04-27T12:40:14.771Z error: ERROR::apiValidationHandler:  not found
2025-04-27T12:42:15.903Z error: ERROR::apiValidationHandler:  not found
2025-04-27T12:42:15.933Z error: ERROR::apiValidationHandler:  not found
